selling_price,km_driven,fuel,seller_type,transmission,owner,age
11.002116507732017,0.3210978032009321,0,0,0,1,0.4642857142857143
11.813037464800539,0.22935426309294996,0,0,0,1,0.4642857142857143
13.304686600863562,0.4587131133629053,1,0,0,1,0.2857142857142857
12.429220196836383,0.21100555507135355,0,0,0,1,0.10714285714285714
13.017005083966255,0.6467873705842687,1,0,0,2,0.21428571428571427
11.849404844423074,0.573392538497883,0,0,0,1,0.4642857142857143
13.217675375388819,0.11467483795797229,0,0,0,1,0.14285714285714285
12.388398368982115,0.27522603314694105,0,0,0,2,0.21428571428571427
13.652992804936396,0.11467483795797229,0,0,0,1,0.17857142857142858
12.807655372286902,0.357795219244125,2,0,0,1,0.10714285714285714
12.468440756144114,0.16054660801196335,0,0,0,1,0.17857142857142858
12.429220196836383,0.4587131133629053,0,0,0,1,0.21428571428571427
14.316286451937186,0.11467483795797229,0,1,1,1,0.07142857142857142
11.002116507732017,0.3210978032009321,0,0,0,1,0.4642857142857143
11.813037464800539,0.22935426309294996,0,0,0,1,0.4642857142857143
13.304686600863562,0.4587131133629053,1,0,0,1,0.2857142857142857
12.429220196836383,0.21100555507135355,0,0,0,1,0.10714285714285714
13.017005083966255,0.6467873705842687,1,0,0,2,0.21428571428571427
11.849404844423074,0.573392538497883,0,0,0,1,0.4642857142857143
13.217675375388819,0.11467483795797229,0,0,0,1,0.14285714285714285
12.388398368982115,0.27522603314694105,0,0,0,2,0.21428571428571427
13.652992804936396,0.11467483795797229,0,0,0,1,0.17857142857142858
12.807655372286902,0.357795219244125,2,0,0,1,0.10714285714285714
12.468440756144114,0.16054660801196335,0,0,0,1,0.17857142857142858
12.429220196836383,0.4587131133629053,0,0,0,1,0.21428571428571427
14.316286451937186,0.11467483795797229,0,1,1,1,0.07142857142857142
13.279368835614243,0.11008766095257318,0,1,0,1,0.17857142857142858
13.993657580167481,0.022931297849990137,1,1,0,1,0.03571428571428571
12.873904582205107,0.15137225400116514,1,0,0,2,0.25
14.491002803285499,0.1284363689741696,1,1,1,1,0.21428571428571427
14.169683073439028,0.27063885614154193,1,1,1,1,0.25
13.790193775620484,0.020637709347290582,1,1,1,1,0.07142857142857142
13.989464705423494,0.8068798480726976,1,1,1,1,0.32142857142857145
13.742940940397677,0.06650947940128166,0,1,0,1,0.07142857142857142
13.171155446333852,0.0688030679039812,0,0,0,1,0.07142857142857142
14.366518547731806,0.22935426309294996,1,1,1,1,0.25
14.13396501635527,0.15504199560548443,1,1,1,2,0.2857142857142857
13.017005083966255,0.5981632943270382,1,1,1,2,0.32142857142857145
13.710151153416941,0.22935426309294996,0,0,1,1,0.14285714285714285
14.077875591662238,0.3669695732549232,1,0,0,1,0.17857142857142858
14.151983508870947,0.04586718287698567,0,0,0,1,0.03571428571428571
13.652992804936396,0.5458694764654883,0,1,1,1,0.35714285714285715
12.345834587905333,0.27522603314694105,0,0,0,4,0.21428571428571427
14.253766134056512,0.34770342983224695,1,1,1,2,0.25
14.038654909278163,0.357795219244125,1,1,1,3,0.39285714285714285
13.345508528717259,0.1834824930389589,1,0,0,1,0.2857142857142857
13.864301674514206,0.22935426309294996,1,0,0,1,0.21428571428571427
13.235693848424024,0.33944651122252856,1,0,0,2,0.21428571428571427
12.577639650232573,0.2935747411685375,0,0,0,2,0.21428571428571427
12.524530013005734,0.27522603314694105,0,0,0,2,0.2857142857142857
12.926350926565435,0.5504566534708875,1,0,0,2,0.39285714285714285
11.918397239722838,0.36238239624952406,0,0,0,3,0.39285714285714285
13.122365377402328,0.0688030679039812,0,0,0,1,0.03571428571428571
11.51293546492023,0.3669695732549232,0,0,0,1,0.5
13.493928313146206,0.08485818742287808,1,1,0,1,0.10714285714285714
12.901719200051183,0.046784618278065494,0,1,0,1,0.07142857142857142
13.527829818844937,0.13302354597956872,1,1,0,1,0.07142857142857142
12.644330802262578,0.1284363689741696,0,1,0,1,0.07142857142857142
13.407543823396258,0.21100555507135355,1,1,0,1,0.14285714285714285
13.049794835104816,0.3210978032009321,1,1,0,1,0.21428571428571427
11.982935344196433,0.27522603314694105,0,0,0,2,0.2857142857142857
12.429220196836383,0.16054660801196335,1,0,0,2,0.8571428571428571
13.42246945133505,0.41284134330891425,1,1,0,1,0.21428571428571427
12.611541086966115,0.3669695732549232,0,1,0,1,0.25
11.156264806643742,0.3669695732549232,1,0,0,1,0.5357142857142857
12.388398368982115,0.3362354873187492,0,1,0,2,0.21428571428571427
13.171155446333852,0.4220156973197125,1,1,0,1,0.21428571428571427
11.92504173829169,0.3062536984114606,0,1,0,2,0.39285714285714285
11.849404844423074,0.4587131133629053,0,0,0,1,0.39285714285714285
13.25339339419516,0.27522603314694105,1,0,0,1,0.10714285714285714
12.611541086966115,0.14219789999036692,0,0,0,1,0.07142857142857142
11.51293546492023,0.1788953160335598,1,0,0,1,0.4642857142857143
13.122365377402328,0.5504566534708875,1,0,0,3,0.39285714285714285
11.736077016252437,0.7614667957192465,1,0,0,4,0.21428571428571427
11.775297421715827,0.5045848834168964,0,0,0,3,0.5
13.73755009757506,0.16054660801196335,1,0,0,1,0.10714285714285714
13.527829818844937,0.27522603314694105,1,0,0,1,0.07142857142857142
12.206077645517674,0.2477029711145464,0,0,1,2,0.4642857142857143
12.421188057397055,0.28898756416313837,0,0,0,2,0.35714285714285715
13.017005083966255,0.5504566534708875,1,0,0,2,0.21428571428571427
11.289794413577894,0.5504566534708875,0,0,0,3,0.5357142857142857
13.384729180332174,0.34862086523332675,0,0,0,2,0.21428571428571427
13.017005083966255,0.3669695732549232,1,0,0,1,0.17857142857142858
13.384729180332174,0.11467483795797229,1,0,0,1,0.03571428571428571
13.112315061750808,0.05484887545355713,0,1,0,1,0.14285714285714285
12.82396003700373,0.09173895293097675,0,1,0,1,0.17857142857142858
13.840204146163925,0.04128000587158657,0,1,0,1,0.10714285714285714
13.527829818844937,0.3210978032009321,1,0,0,1,0.17857142857142858
13.304686600863562,0.5504566534708875,1,0,0,1,0.25
11.289794413577894,0.2660516791361428,0,1,0,2,0.4642857142857143
12.691583538230217,0.2853178225588191,1,1,0,1,0.25
14.200773639026796,0.15595943100656426,1,1,1,2,0.21428571428571427
12.765691290604371,0.2431157941091473,1,0,0,2,0.17857142857142858
14.845130332288226,0.22476708608755086,1,1,1,1,0.25
12.25486757159303,0.0688030679039812,0,1,0,2,0.10714285714285714
13.017005083966255,0.22935426309294996,0,0,0,1,0.25
13.955273369904273,0.2431157941091473,1,1,1,1,0.25
12.25486757159303,0.29128115266583793,0,1,1,1,0.39285714285714285
14.827111833279051,0.059628713893183,1,0,1,1,0.10714285714285714
14.496079462646344,0.09632612993637585,1,1,1,1,0.07142857142857142
12.07254696717504,0.13381712760150277,0,1,0,1,0.42857142857142855
14.731801689838349,0.22017990908215176,1,1,1,1,0.2857142857142857
13.350297037805756,0.5504566534708875,1,0,0,1,0.10714285714285714
13.304686600863562,0.4587131133629053,1,0,0,1,0.35714285714285715
12.896719202134523,0.13761072298496782,0,0,0,1,0.10714285714285714
13.527829818844937,0.39907981229271694,1,0,0,1,0.07142857142857142
13.527829818844937,0.0688030679039812,0,0,0,1,0.03571428571428571
12.660331092405906,0.07339024490938031,0,0,0,1,0.10714285714285714
13.304686600863562,0.27522603314694105,1,0,0,1,0.2857142857142857
11.51293546492023,0.27522603314694105,0,0,0,4,0.35714285714285715
12.429220196836383,0.5045848834168964,0,0,0,3,0.32142857142857145
12.765691290604371,0.11467483795797229,0,0,0,1,0.10714285714285714
13.567050480716235,0.27522603314694105,1,0,0,1,0.14285714285714285
12.980802117227352,0.36398790820141375,1,0,0,2,0.21428571428571427
13.444448325847754,0.3669695732549232,0,0,1,1,0.14285714285714285
13.22672519452875,0.41284134330891425,1,0,0,2,0.21428571428571427
11.695255355062795,0.41284134330891425,0,0,0,2,0.4642857142857143
13.122365377402328,0.5504566534708875,1,0,0,2,0.21428571428571427
12.013706813470414,0.27522603314694105,1,0,0,2,0.25
11.461642696843066,0.22935426309294996,0,0,0,1,0.5714285714285714
13.217675375388819,0.09173895293097675,0,0,0,1,0.07142857142857142
11.51293546492023,0.5045848834168964,1,0,0,4,0.4642857142857143
11.51293546492023,0.22935426309294996,0,0,0,2,0.2857142857142857
13.122365377402328,0.4587131133629053,1,0,0,1,0.2857142857142857
13.592368256649284,0.3210978032009321,1,0,0,2,0.14285714285714285
13.641158361294979,0.3210978032009321,1,0,0,2,0.14285714285714285
13.102162710901053,0.22935426309294996,0,0,0,1,0.14285714285714285
11.736077016252437,0.3715567502603223,1,0,0,2,0.35714285714285715
12.899222326086994,0.5504566534708875,1,0,0,3,0.2857142857142857
13.815511557963774,0.016509250042431388,1,1,0,1,0.17857142857142858
13.180634172318978,0.06546360304405066,0,1,0,1,0.17857142857142858
13.641158361294979,0.22574415478970086,1,1,0,1,0.10714285714285714
12.345834587905333,0.1834824930389589,0,0,0,1,0.17857142857142858
10.596659732783579,0.1834824930389589,0,0,0,4,0.7857142857142857
11.775297421715827,0.3669695732549232,0,0,0,1,0.2857142857142857
12.206077645517674,0.3210978032009321,0,0,0,1,0.17857142857142858
11.695255355062795,0.3210978032009321,1,0,0,1,0.32142857142857145
11.225256725762893,0.26146450213074374,0,0,0,1,0.6071428571428571
12.429220196836383,0.5504566534708875,1,0,0,1,0.14285714285714285
11.51293546492023,0.13761072298496782,0,0,0,1,0.5357142857142857
12.54254845357358,0.014857866320487708,0,0,0,2,0.25
13.199326270390594,0.022931297849990137,0,0,0,1,0.17857142857142858
13.45883704259595,0.04586718287698567,0,0,0,1,0.07142857142857142
13.171155446333852,0.4587131133629053,1,0,0,1,0.17857142857142858
12.971542813248437,0.3669695732549232,1,0,0,1,0.14285714285714285
11.082157933374816,0.3210978032009321,0,0,0,1,0.6428571428571429
13.592368256649284,0.16054660801196335,1,0,0,1,0.07142857142857142
11.225256725762893,0.5229335914384928,0,0,0,2,0.4642857142857143
12.25486757159303,0.2466570947573154,0,0,0,1,0.42857142857142855
12.180759965737863,0.6422001935788696,1,0,0,2,0.2857142857142857
12.899222326086994,0.5504566534708875,1,0,0,1,0.17857142857142858
12.04355959836804,0.27522603314694105,0,0,0,1,0.2857142857142857
12.323860125621126,0.11467483795797229,0,0,0,1,0.14285714285714285
12.25486757159303,0.41284134330891425,3,0,0,1,0.21428571428571427
12.388398368982115,0.5504566534708875,0,0,0,1,0.0
12.611541086966115,0.8027513887678384,1,0,0,1,0.17857142857142858
11.502885230075814,0.4587131133629053,0,0,0,3,0.32142857142857145
13.3374763699232,0.16513378501736248,0,0,0,1,0.21428571428571427
13.122365377402328,0.13761072298496782,1,0,0,1,0.25
14.751604309291395,0.1834824930389589,0,0,1,2,0.35714285714285715
12.468440756144114,0.3210978032009321,0,0,0,2,0.25
13.217675375388819,0.27522603314694105,0,0,0,1,0.10714285714285714
11.918397239722838,0.7133014371625558,1,0,0,1,0.32142857142857145
12.765691290604371,0.22935426309294996,0,0,1,2,0.32142857142857145
12.676079399771027,0.1834824930389589,0,0,0,1,0.14285714285714285
12.899222326086994,0.4587131133629053,1,0,0,3,0.17857142857142858
12.07254696717504,0.3669695732549232,0,0,0,3,0.2857142857142857
11.695255355062795,0.41284134330891425,0,0,0,2,0.32142857142857145
12.676079399771027,0.41284134330891425,1,0,0,2,0.25
11.156264806643742,0.5045848834168964,0,0,0,3,0.5
13.60479076121576,0.0688030679039812,0,0,0,1,0.03571428571428571
11.461642696843066,0.4587131133629053,0,0,0,2,0.4642857142857143
12.549665896013254,0.1834824930389589,2,0,0,1,0.0
11.289794413577894,0.27522603314694105,0,0,0,2,0.5714285714285714
11.184435286790631,0.11467483795797229,0,0,0,1,0.25
13.304686600863562,0.11467483795797229,0,0,0,1,0.14285714285714285
13.369225017834633,0.10550048394717407,0,0,0,1,0.17857142857142858
12.847929163278053,0.10162431937761182,0,0,0,1,0.07142857142857142
13.384729180332174,0.3210978032009321,0,0,0,1,0.07142857142857142
11.918397239722838,0.27522603314694105,0,0,0,2,0.39285714285714285
12.54254845357358,0.5045848834168964,0,0,0,2,0.39285714285714285
12.971542813248437,0.13761072298496782,0,0,0,1,0.07142857142857142
13.592368256649284,0.0688030679039812,1,0,0,1,0.03571428571428571
11.225256725762893,0.4587131133629053,1,0,0,2,0.6071428571428571
13.384729180332174,0.3210978032009321,1,0,1,1,0.14285714285714285
12.873904582205107,0.11008766095257318,0,0,0,1,0.10714285714285714
11.51293546492023,0.5504566534708875,0,0,0,2,0.5357142857142857
14.220976332738882,0.16054660801196335,1,0,1,1,0.25
12.07254696717504,0.3595383465061766,0,0,0,1,0.4642857142857143
12.983101310070822,0.5045848834168964,1,0,0,2,0.2857142857142857
12.04355959836804,0.41284134330891425,1,0,0,3,0.35714285714285715
12.154784614286667,0.41284134330891425,1,0,0,3,0.32142857142857145
12.429220196836383,0.6880719636328607,1,0,0,3,0.39285714285714285
11.849404844423074,0.3210978032009321,0,0,0,3,0.5
13.304686600863562,0.3686301313308777,1,0,0,1,0.10714285714285714
12.54254845357358,0.5045848834168964,0,0,0,3,0.2857142857142857
11.918397239722838,0.27522603314694105,1,0,0,1,0.2857142857142857
13.384729180332174,0.22935426309294996,1,0,1,1,0.17857142857142858
12.25486757159303,0.1834824930389589,0,0,0,2,0.21428571428571427
14.88022163978423,0.1834824930389589,1,0,1,1,0.10714285714285714
12.959846800844963,0.09173895293097675,1,1,0,1,0.25
12.487488878546145,0.2522901481199455,0,1,0,1,0.21428571428571427
13.698977865303197,0.005206445901127987,0,1,0,1,0.07142857142857142
12.807655372286902,0.2522901481199455,0,1,0,1,0.25
12.765691290604371,0.1972440240551562,0,1,0,1,0.21428571428571427
13.437175577097312,0.27522603314694105,1,0,0,1,0.14285714285714285
13.753636218075409,0.012151431887302236,1,1,0,1,0.07142857142857142
13.815511557963774,0.1834824930389589,1,0,0,1,0.10714285714285714
13.955273369904273,0.0688030679039812,0,1,0,1,0.03571428571428571
13.017005083966255,0.5319336327230859,1,0,0,2,0.14285714285714285
13.28787951079572,0.29816191817393656,1,1,0,1,0.17857142857142858
13.592368256649284,0.1834824930389589,1,0,0,1,0.10714285714285714
12.861001210669146,0.2660516791361428,1,1,0,1,0.2857142857142857
14.508658238524095,0.0688030679039812,1,0,1,1,0.25
12.367345048436391,0.2477029711145464,0,1,0,1,0.2857142857142857
13.369225017834633,0.2568773251253446,1,1,0,1,0.10714285714285714
10.859018228147887,0.5504566534708875,0,0,0,3,0.5
11.289794413577894,0.41284134330891425,3,0,0,2,0.39285714285714285
11.849404844423074,0.3210978032009321,0,0,0,2,0.2857142857142857
11.695255355062795,0.41284134330891425,0,0,0,2,0.42857142857142855
11.407564949312402,0.9770641149730045,1,0,0,1,0.42857142857142855
12.100717685412471,0.5504566534708875,1,0,0,1,0.2857142857142857
14.220976332738882,0.09173895293097675,1,0,0,1,0.10714285714285714
13.45883704259595,0.04586718287698567,0,0,0,1,0.10714285714285714
12.560247968016562,0.3669695732549232,1,0,0,2,0.2857142857142857
12.873904582205107,0.41284134330891425,0,0,0,1,0.17857142857142858
11.736077016252437,0.3669695732549232,0,0,0,1,0.42857142857142855
12.323860125621126,0.27522603314694105,0,0,0,2,0.42857142857142855
12.07254696717504,0.6376130165734705,0,0,0,2,0.32142857142857145
13.887832149776026,0.7339437336868517,1,0,0,2,0.32142857142857145
12.611541086966115,0.6880719636328607,1,0,0,1,0.21428571428571427
13.45883704259595,0.7477052647030491,1,0,0,4,0.35714285714285715
11.407576060361786,0.5504566534708875,1,1,0,1,0.39285714285714285
11.695255355062795,0.5504566534708875,1,0,0,2,0.32142857142857145
12.301387370778713,0.4587131133629053,1,0,0,2,0.2857142857142857
12.611541086966115,0.6422001935788696,1,1,0,1,0.17857142857142858
12.100717685412471,0.39907981229271694,1,1,0,2,0.35714285714285715
12.04355959836804,0.3210978032009321,0,0,0,1,0.25
12.611541086966115,0.22935426309294996,0,0,0,2,0.17857142857142858
13.864301674514206,0.3210978032009321,1,0,0,1,0.21428571428571427
12.611541086966115,0.6880719636328607,1,0,0,1,0.21428571428571427
13.049794835104816,0.11467483795797229,1,0,0,1,0.07142857142857142
11.775297421715827,0.3669695732549232,1,0,0,2,0.32142857142857145
12.983101310070822,0.04586718287698567,0,0,0,1,0.07142857142857142
13.122365377402328,0.14678507699576604,0,0,0,1,0.07142857142857142
12.206077645517674,0.04586718287698567,0,0,0,1,0.07142857142857142
13.345508528717259,0.23852861710374818,0,1,0,1,0.10714285714285714
11.608244735642321,0.5504566534708875,1,0,0,3,0.5
13.592368256649284,0.051555282363680566,0,0,0,1,0.03571428571428571
13.102162710901053,0.3027490951793357,1,1,0,1,0.10714285714285714
13.68767832281738,0.2935747411685375,1,1,0,1,0.10714285714285714
12.577639650232573,0.22476708608755086,0,0,0,1,0.25
11.661345470088502,0.4587131133629053,1,0,0,2,0.5
12.793862088206213,0.12155560346607094,0,0,0,1,0.07142857142857142
11.082157933374816,0.4587131133629053,0,0,0,2,0.6428571428571429
13.437175577097312,0.3302721572117303,1,1,0,1,0.10714285714285714
12.611541086966115,0.22935426309294996,0,0,0,1,0.39285714285714285
13.429849547739444,0.20183120106055533,1,1,0,1,0.10714285714285714
13.815511557963774,0.27522603314694105,1,0,0,2,0.10714285714285714
11.51293546492023,0.5504566534708875,1,0,0,1,0.6428571428571429
11.982935344196433,0.5963284235248786,1,0,0,1,0.35714285714285715
13.017005083966255,0.3210978032009321,1,0,0,1,0.10714285714285714
13.304686600863562,0.09173895293097675,0,0,0,1,0.21428571428571427
12.100717685412471,0.27522603314694105,1,0,0,2,0.39285714285714285
11.51293546492023,0.8944949288758205,0,0,0,1,0.4642857142857143
11.695255355062795,0.41284134330891425,0,0,0,2,0.35714285714285715
11.775297421715827,0.3669695732549232,0,0,0,3,0.5
11.982935344196433,0.7110078486598562,0,0,0,1,0.32142857142857145
13.664688831019712,0.16054660801196335,1,0,0,1,0.03571428571428571
13.384729180332174,0.09173895293097675,0,0,0,2,0.07142857142857142
11.51293546492023,0.3669695732549232,0,0,0,2,0.35714285714285715
12.549665896013254,0.09173895293097675,0,0,0,1,0.10714285714285714
12.611541086966115,0.22935426309294996,0,0,0,1,0.39285714285714285
12.506180941677357,0.5045848834168964,0,0,0,2,0.35714285714285715
13.217675375388819,0.13302354597956872,1,0,0,1,0.25
13.017005083966255,0.5504566534708875,1,0,0,1,0.25
12.971542813248437,0.3210978032009321,1,0,0,2,0.32142857142857145
12.765691290604371,0.1834824930389589,0,0,0,1,0.25
12.765691290604371,0.09173895293097675,0,0,0,1,0.10714285714285714
12.345834587905333,0.22935426309294996,0,0,0,2,0.25
11.608244735642321,0.22935426309294996,0,0,0,1,0.25
12.886643575525625,0.22476708608755086,0,0,0,2,0.2857142857142857
13.384729180332174,0.3210978032009321,1,0,1,2,0.32142857142857145
12.765691290604371,0.41284134330891425,1,0,0,2,0.32142857142857145
14.151983508870947,0.11467483795797229,1,1,0,1,0.0
12.793862088206213,0.01834412084459103,0,0,0,1,0.07142857142857142
14.077875591662238,0.04586718287698567,1,0,0,1,0.07142857142857142
13.592368256649284,0.0688030679039812,1,0,0,1,0.17857142857142858
12.345834587905333,0.13761072298496782,0,0,0,1,0.07142857142857142
12.660331092405906,0.188069670044358,0,1,0,1,0.21428571428571427
11.736077016252437,0.1284363689741696,0,0,0,1,0.2857142857142857
13.45883704259595,0.07339024490938031,0,0,0,1,0.03571428571428571
11.982935344196433,0.3210978032009321,0,0,0,1,0.17857142857142858
13.180634172318978,0.04968371414547773,0,1,0,1,0.10714285714285714
13.343907249914384,0.06733975843925889,1,1,0,1,0.07142857142857142
12.429220196836383,0.22935426309294996,0,0,0,1,0.39285714285714285
13.279368835614243,0.23394144009834908,1,1,0,1,0.14285714285714285
13.122365377402328,0.11467483795797229,0,0,0,1,0.17857142857142858
12.765691290604371,0.13761072298496782,0,0,0,1,0.21428571428571427
13.112315061750808,0.3669695732549232,1,1,0,1,0.21428571428571427
13.122365377402328,0.22935426309294996,0,0,0,1,0.10714285714285714
12.971542813248437,0.9174308139028161,1,0,0,1,0.17857142857142858
12.75130259456002,0.20183120106055533,0,1,0,1,0.25
13.122365377402328,0.04586718287698567,0,0,0,1,0.17857142857142858
12.959846800844963,0.0899040821288171,0,0,0,1,0.03571428571428571
11.289794413577894,0.1834824930389589,0,0,0,2,0.5357142857142857
11.571203807011969,0.22935426309294996,1,0,0,1,0.32142857142857145
12.100717685412471,0.2143541942852949,0,0,0,1,0.39285714285714285
12.429220196836383,0.1834824930389589,0,0,0,2,0.17857142857142858
12.765691290604371,0.3669695732549232,1,0,0,1,0.32142857142857145
11.002116507732017,0.3669695732549232,0,0,0,2,0.6428571428571429
13.710151153416941,0.11008766095257318,1,0,0,1,0.07142857142857142
13.45883704259595,0.0971059500272937,1,1,0,1,0.10714285714285714
14.508658238524095,0.7670769131968496,1,1,1,1,0.25
13.815511557963774,0.1834824930389589,1,0,0,1,0.10714285714285714
14.13396501635527,0.27522603314694105,1,0,1,1,0.32142857142857145
14.403297778421795,0.6488057284666443,1,1,0,1,0.14285714285714285
11.982935344196433,0.5504566534708875,1,0,0,3,0.4642857142857143
13.171155446333852,0.6422001935788696,0,0,1,1,0.2857142857142857
13.652992804936396,0.9762109000500002,1,1,0,1,0.2857142857142857
13.592368256649284,0.13761072298496782,1,0,0,1,0.03571428571428571
13.45883704259595,0.40657984669654446,1,1,0,1,0.10714285714285714
13.592368256649284,0.11467483795797229,1,0,0,1,0.07142857142857142
13.26212705890841,0.09173895293097675,0,0,0,2,0.10714285714285714
12.765691290604371,0.5045848834168964,1,0,0,2,0.2857142857142857
12.429220196836383,0.5504566534708875,1,0,0,3,0.42857142857142855
13.304686600863562,0.6865765439291006,1,1,0,2,0.32142857142857145
12.821260987319457,0.4587131133629053,1,0,0,3,0.4642857142857143
11.289794413577894,0.5504566534708875,0,0,0,3,0.5
10.819798284210286,0.5504566534708875,1,0,0,2,0.6071428571428571
13.710151153416941,0.11467483795797229,1,0,0,1,0.07142857142857142
12.611541086966115,0.16054660801196335,0,0,0,2,0.21428571428571427
11.736077016252437,0.1834824930389589,0,0,0,1,0.6428571428571429
13.102162710901053,0.27522603314694105,1,0,0,2,0.17857142857142858
12.611541086966115,0.22935426309294996,1,0,0,2,0.2857142857142857
10.915106645867503,0.11467483795797229,0,0,0,4,0.25
12.765691290604371,0.11467483795797229,0,0,0,1,0.14285714285714285
13.534474352733596,0.03669282886618746,1,0,0,1,0.03571428571428571
13.487007879880162,0.27522603314694105,1,0,0,1,0.10714285714285714
12.345834587905333,0.9174308139028161,1,0,0,3,0.5
13.910821646859095,0.09173895293097675,1,0,0,1,0.07142857142857142
12.899222326086994,0.4587131133629053,0,0,0,1,0.25
12.765691290604371,0.3210978032009321,1,0,0,2,0.17857142857142858
11.976665770490767,0.3119234491901339,1,1,0,1,0.2857142857142857
13.217675375388819,0.17430813902816067,0,1,0,1,0.10714285714285714
12.721888795877375,0.3669695732549232,1,1,0,1,0.25
12.128116509451258,0.3302721572117303,2,1,0,1,0.21428571428571427
12.345834587905333,0.3440336882279276,2,1,0,1,0.2857142857142857
12.323860125621126,0.1972440240551562,0,1,0,1,0.21428571428571427
12.429220196836383,0.5504566534708875,0,0,0,2,0.4642857142857143
12.899222326086994,0.4587131133629053,1,0,0,1,0.17857142857142858
13.060490101343552,0.7477052647030491,1,0,0,1,0.21428571428571427
12.611541086966115,0.11467483795797229,0,0,1,1,0.07142857142857142
11.884495917930655,0.11467483795797229,0,0,0,1,0.32142857142857145
11.51293546492023,0.41284134330891425,0,0,0,2,0.4642857142857143
13.122365377402328,0.3210978032009321,1,0,0,2,0.21428571428571427
11.775297421715827,0.44953875935210713,2,0,0,2,0.35714285714285715
12.388398368982115,0.37579988899031647,1,0,0,1,0.35714285714285715
11.918397239722838,0.3669695732549232,1,0,0,2,0.25
12.506180941677357,0.1834824930389589,0,0,0,1,0.10714285714285714
12.899222326086994,0.41284134330891425,1,0,0,1,0.21428571428571427
12.206077645517674,0.21100555507135355,0,0,0,1,0.2857142857142857
13.217675375388819,0.3669695732549232,1,0,0,1,0.2857142857142857
12.691583538230217,0.16054660801196335,0,0,0,1,0.07142857142857142
13.664688831019712,0.37651090142615334,1,0,1,1,0.10714285714285714
13.304686600863562,0.9174308139028161,1,0,0,1,0.2857142857142857
11.736077016252437,0.3210978032009321,0,0,0,1,0.39285714285714285
11.002116507732017,0.1834824930389589,0,0,0,3,0.7142857142857143
12.611541086966115,0.5504566534708875,1,0,0,3,0.35714285714285715
12.154784614286667,0.27522603314694105,0,0,0,3,0.4642857142857143
12.899222326086994,0.5045848834168964,1,0,0,1,0.25
12.468440756144114,0.444951582346708,1,0,0,2,0.32142857142857145
12.899222326086994,0.13761072298496782,0,0,0,1,0.10714285714285714
12.429220196836383,0.1834824930389589,0,0,0,1,0.35714285714285715
13.304686600863562,0.04586718287698567,0,0,0,1,0.03571428571428571
12.07254696717504,0.23874421442300195,0,0,0,1,0.35714285714285715
13.017005083966255,0.9174308139028161,1,0,0,3,0.32142857142857145
12.765691290604371,0.0688030679039812,0,0,1,2,0.03571428571428571
13.592368256649284,0.22935426309294996,1,0,0,1,0.07142857142857142
12.429220196836383,0.3210978032009321,0,0,0,2,0.32142857142857145
13.304686600863562,0.04586718287698567,0,0,0,1,0.03571428571428571
13.304686600863562,0.41284134330891425,1,0,0,1,0.10714285714285714
11.775297421715827,0.1834824930389589,0,0,0,1,0.14285714285714285
11.407576060361786,0.28444167175078783,0,0,0,2,0.5
13.296318365198623,0.15183097170170506,0,0,0,2,0.10714285714285714
12.154784614286667,0.1834824930389589,0,0,0,2,0.21428571428571427
10.819798284210286,0.5504566534708875,0,0,0,2,0.75
11.461642696843066,0.3669695732549232,0,0,0,1,0.4642857142857143
13.815511557963774,0.3210978032009321,1,0,0,1,0.14285714285714285
12.899222326086994,0.22935426309294996,1,0,0,1,0.35714285714285715
12.660331092405906,0.20641837806595442,0,0,0,2,0.17857142857142858
13.815511557963774,0.5045848834168964,1,0,0,1,0.21428571428571427
13.122365377402328,0.22476708608755086,1,0,0,1,0.21428571428571427
14.285514812209815,0.16054660801196335,1,0,1,1,0.07142857142857142
13.122365377402328,0.7339437336868517,1,0,0,1,0.10714285714285714
11.156264806643742,0.825687273794834,0,0,0,3,0.4642857142857143
11.561725152903833,0.27522603314694105,0,0,0,2,0.4642857142857143
12.899222326086994,0.5045848834168964,1,0,0,3,0.42857142857142855
11.289794413577894,0.27522603314694105,0,0,0,3,0.5714285714285714
12.611541086966115,0.13761072298496782,0,0,0,1,0.14285714285714285
12.92391243868049,0.1834824930389589,1,0,0,1,0.10714285714285714
12.429220196836383,0.3210978032009321,0,0,0,1,0.39285714285714285
12.429220196836383,0.5504566534708875,1,0,0,2,0.35714285714285715
12.278397958261774,0.3669695732549232,1,0,0,3,0.2857142857142857
14.151983508870947,0.5504566534708875,1,0,0,1,0.17857142857142858
13.07107218827772,0.09173895293097675,0,0,0,1,0.07142857142857142
13.07107218827772,0.10091330694177496,0,0,0,1,0.07142857142857142
11.225256725762893,0.16054660801196335,0,0,0,2,0.42857142857142855
12.206077645517674,0.5504566534708875,1,0,0,2,0.25
13.26212705890841,0.03669282886618746,0,0,0,1,0.03571428571428571
11.918397239722838,0.1834824930389589,1,0,0,2,0.32142857142857145
13.652992804936396,0.04586718287698567,1,0,0,1,0.07142857142857142
12.765691290604371,0.13761072298496782,0,0,0,1,0.03571428571428571
13.217675375388819,0.2477029711145464,1,0,0,2,0.32142857142857145
12.706850963741102,0.3696163743870385,0,0,0,1,0.10714285714285714
13.85952744338105,0.11467483795797229,1,0,0,1,0.10714285714285714
12.611541086966115,0.5848604810113808,1,0,0,2,0.32142857142857145
12.367345048436391,0.1876247138748343,0,1,0,1,0.17857142857142858
11.695255355062795,0.27522603314694105,0,0,0,3,0.32142857142857145
11.775297421715827,0.21100555507135355,0,0,0,1,0.5714285714285714
12.524530013005734,0.1022344139193299,1,1,0,2,0.5714285714285714
12.506180941677357,0.825687273794834,1,0,0,2,0.32142857142857145
13.122365377402328,0.13761072298496782,1,0,0,2,0.17857142857142858
12.899222326086994,0.28297836228606554,0,1,0,1,0.17857142857142858
13.304686600863562,0.29579493483915065,0,1,0,1,0.17857142857142858
14.115615891155079,0.41284134330891425,1,0,1,2,0.2857142857142857
12.899222326086994,0.34851077298519717,1,1,0,2,0.25
12.301387370778713,0.3210978032009321,1,0,0,2,0.32142857142857145
12.611541086966115,0.39431832256111266,0,1,0,2,0.2857142857142857
12.429220196836383,0.5504566534708875,0,0,0,1,0.07142857142857142
13.304686600863562,0.5504566534708875,1,0,0,1,0.17857142857142858
12.560247968016562,0.3440336882279276,0,0,1,2,0.2857142857142857
12.765691290604371,0.26162505332593267,0,1,0,1,0.39285714285714285
12.04355959836804,0.3210978032009321,1,0,0,3,0.32142857142857145
12.345834587905333,0.20641837806595442,0,0,0,1,0.17857142857142858
13.122365377402328,0.33074922362029185,1,1,0,2,0.25
11.225256725762893,0.0688030679039812,0,0,0,1,0.32142857142857145
13.304686600863562,0.13761072298496782,0,0,0,1,0.14285714285714285
12.301387370778713,0.3669695732549232,1,0,0,1,0.32142857142857145
11.918397239722838,0.7522924417084482,1,0,0,2,0.39285714285714285
11.082157933374816,0.5708191321978541,0,0,0,2,0.5
11.695255355062795,0.35320804223872587,0,0,0,2,0.5
12.388398368982115,0.41284134330891425,1,0,0,1,0.21428571428571427
12.873904582205107,0.13761072298496782,0,0,0,1,0.10714285714285714
12.100717685412471,0.22935426309294996,0,0,0,1,0.2857142857142857
12.676079399771027,0.3669695732549232,1,0,0,2,0.2857142857142857
12.644330802262578,0.022931297849990137,0,0,0,1,0.07142857142857142
12.948012371209098,0.11008766095257318,0,0,1,1,0.07142857142857142
13.217675375388819,0.04586718287698567,0,0,0,1,0.03571428571428571
13.217675375388819,0.357795219244125,1,0,0,3,0.14285714285714285
13.541075028051122,0.22935426309294996,1,0,0,1,0.07142857142857142
10.668978650219241,0.4587131133629053,0,0,0,2,0.6785714285714286
12.429220196836383,0.09173895293097675,0,0,0,1,0.07142857142857142
13.122365377402328,0.005729384079743485,0,0,0,1,0.03571428571428571
12.847929163278053,0.07867467281960008,0,0,0,1,0.17857142857142858
14.430696737594902,0.022931297849990137,1,0,1,1,0.03571428571428571
12.765691290604371,0.35320804223872587,1,0,0,1,0.2857142857142857
12.180759965737863,0.41284134330891425,1,0,0,2,0.42857142857142855
12.323860125621126,0.3669695732549232,0,0,0,2,0.32142857142857145
13.933294482509151,0.29816191817393656,1,0,0,1,0.17857142857142858
11.798111925972618,0.3669695732549232,1,0,0,1,0.32142857142857145
12.206077645517674,0.11011059683760017,0,0,0,1,0.25
13.753636218075409,0.09173895293097675,1,0,0,1,0.07142857142857142
12.899222326086994,0.5504566534708875,1,0,0,1,0.21428571428571427
11.695255355062795,0.5504566534708875,0,0,0,2,0.39285714285714285
13.345508528717259,0.3669695732549232,1,0,0,1,0.17857142857142858
11.608244735642321,0.3669695732549232,0,0,0,1,0.5357142857142857
13.102162710901053,0.4587131133629053,1,0,0,1,0.2857142857142857
11.849404844423074,0.5504566534708875,0,0,0,2,0.39285714285714285
12.07254696717504,0.6834847866274616,1,0,0,2,0.32142857142857145
11.407576060361786,0.29816191817393656,0,0,0,2,0.5357142857142857
12.524530013005734,0.4587131133629053,1,0,0,2,0.39285714285714285
12.611541086966115,0.29816191817393656,1,0,0,2,0.32142857142857145
12.506180941677357,0.08715177592557764,0,0,0,2,0.07142857142857142
11.775297421715827,0.3669695732549232,0,0,0,2,0.35714285714285715
12.524530013005734,0.13761072298496782,0,0,0,1,0.17857142857142858
12.77138929548529,0.4999977064114973,1,0,0,1,0.2857142857142857
12.100717685412471,0.41284134330891425,3,0,0,1,0.2857142857142857
11.918397239722838,0.41284134330891425,0,0,0,1,0.2857142857142857
12.611541086966115,0.29816191817393656,1,0,0,2,0.32142857142857145
12.611541086966115,0.5045848834168964,1,0,0,2,0.35714285714285715
12.323860125621126,0.5504566534708875,1,0,0,1,0.4642857142857143
13.304686600863562,0.20183120106055533,1,0,0,1,0.21428571428571427
13.122365377402328,0.3669695732549232,0,0,0,1,0.17857142857142858
13.710151153416941,0.022931297849990137,0,0,0,1,0.07142857142857142
13.304686600863562,0.2798132101523402,0,0,0,1,0.14285714285714285
13.017005083966255,0.4587131133629053,1,0,0,2,0.32142857142857145
12.506180941677357,0.12675287501318813,0,0,0,1,0.39285714285714285
12.644330802262578,0.4587131133629053,1,0,0,3,0.35714285714285715
12.429220196836383,0.4587131133629053,3,0,0,1,0.2857142857142857
13.45883704259595,0.05772962261294776,0,1,0,1,0.03571428571428571
13.384729180332174,0.1746888747196088,1,1,0,1,0.07142857142857142
12.899222326086994,0.2537947421777164,1,1,0,1,0.2857142857142857
12.959846800844963,0.3744558461277345,1,1,0,1,0.2857142857142857
13.304686600863562,0.7119298712379415,1,1,0,1,0.14285714285714285
13.304686600863562,0.4279010454176395,1,1,0,1,0.25
12.611541086966115,0.9994082541663035,1,1,0,1,0.39285714285714285
13.017005083966255,0.41359822751480513,1,1,0,1,0.2857142857142857
13.527829818844937,0.4656122275790256,1,1,0,1,0.21428571428571427
12.691583538230217,0.39457061729640963,1,1,0,2,0.35714285714285715
13.710151153416941,0.3900705966541131,1,1,0,2,0.25
12.100717685412471,0.4178230175367777,0,1,0,2,0.5
12.765691290604371,0.7351088766462232,1,1,0,2,0.25
13.304686600863562,0.57582832948775,1,1,0,2,0.25
13.710151153416941,0.27522603314694105,1,0,0,1,0.03571428571428571
12.765691290604371,0.4587131133629053,1,0,0,1,0.5
12.54254845357358,0.41284134330891425,1,0,0,3,0.25
12.323860125621126,0.5504566534708875,1,0,0,2,0.39285714285714285
13.161586013632684,0.3761439272657214,1,0,0,1,0.21428571428571427
13.142166004700508,0.27522603314694105,1,0,0,1,0.14285714285714285
13.228525371792253,0.11008766095257318,0,0,0,1,0.03571428571428571
12.323860125621126,0.5504566534708875,1,0,0,1,0.21428571428571427
12.691583538230217,0.29816191817393656,1,1,0,1,0.25
12.807655372286902,0.29816191817393656,1,1,0,1,0.25
13.652992804936396,0.3853182812765196,1,1,0,1,0.17857142857142858
12.765691290604371,0.3440336882279276,1,1,0,1,0.25
12.323860125621126,0.22935426309294996,1,1,0,1,0.4642857142857143
11.813037464800539,0.22935426309294996,0,0,0,1,0.32142857142857145
11.849404844423074,0.22476708608755086,0,1,0,1,0.4642857142857143
12.524530013005734,0.06589021050555277,0,1,0,1,0.17857142857142858
14.827111833279051,0.188069670044358,1,0,1,1,0.10714285714285714
13.091904169919621,0.29816191817393656,1,1,0,1,0.25
13.244582780038517,0.29816191817393656,1,1,0,1,0.17857142857142858
12.959846800844963,0.28019394584378826,1,1,0,1,0.25
13.73755009757506,0.3440336882279276,1,0,0,1,0.25
13.244582780038517,0.3302721572117303,1,1,0,1,0.2857142857142857
13.171155446333852,0.29816191817393656,1,1,0,1,0.21428571428571427
14.316286451937186,0.2522901481199455,1,1,0,1,0.10714285714285714
12.59473402514672,0.09632612993637585,0,1,0,2,0.17857142857142858
14.53335083891935,0.30441424043229554,0,1,1,2,0.2857142857142857
14.204169225721929,0.05366538378616416,0,1,1,1,0.07142857142857142
13.910821646859095,0.04586718287698567,0,0,1,1,0.10714285714285714
13.415034483903348,0.03258271826934986,0,2,0,1,0.14285714285714285
13.527829818844937,0.21088628846921317,1,2,0,1,0.17857142857142858
13.541075028051122,0.2538497883017812,0,2,0,1,0.17857142857142858
13.652992804936396,0.09173895293097675,0,1,1,2,0.10714285714285714
12.873904582205107,0.28249670870049864,1,2,0,1,0.17857142857142858
13.017005083966255,0.18079899449080042,0,2,1,2,0.14285714285714285
12.959846800844963,0.13602355974109973,0,2,0,1,0.21428571428571427
13.554147092530322,0.2966573241161657,1,2,0,1,0.14285714285714285
13.955273369904273,0.2506112413359694,1,2,1,2,0.17857142857142858
13.560619598657233,0.30513901439914864,0,2,0,1,0.17857142857142858
14.360738188157574,0.1099683943504328,1,1,1,2,0.07142857142857142
14.580978865220017,0.1972440240551562,1,1,1,1,0.14285714285714285
13.017005083966255,0.004582589828393708,1,1,0,2,0.25
14.272936037914342,0.3944926352873178,1,1,1,1,0.25
13.190023895035274,0.24128092330698764,1,0,0,1,0.14285714285714285
12.323860125621126,0.5045848834168964,0,0,0,2,0.2857142857142857
13.217675375388819,0.09123436346038284,0,1,1,1,0.10714285714285714
13.415034483903348,0.03258271826934986,0,2,0,1,0.14285714285714285
13.345508528717259,0.05466538837334116,0,2,0,1,0.17857142857142858
13.161586013632684,0.04820664314973922,0,1,1,1,0.10714285714285714
12.384223015005313,0.188069670044358,0,1,0,1,0.14285714285714285
14.77102238760702,0.2163358547516273,1,2,1,1,0.10714285714285714
13.527829818844937,0.21088628846921317,1,2,0,1,0.17857142857142858
12.345834587905333,0.22854691993999973,0,1,0,1,0.2857142857142857
14.077875591662238,0.26834526763884237,1,1,1,1,0.25
11.289794413577894,0.2595378877884761,0,1,0,1,0.5357142857142857
12.861001210669146,0.23852861710374818,1,1,0,1,0.2857142857142857
13.541075028051122,0.2538497883017812,0,2,0,1,0.17857142857142858
13.304686600863562,0.2133312538130909,1,2,0,1,0.10714285714285714
13.017005083966255,0.004582589828393708,1,1,0,2,0.25
14.272936037914342,0.3944926352873178,1,1,1,1,0.25
13.190023895035274,0.24128092330698764,1,0,0,1,0.14285714285714285
12.323860125621126,0.5045848834168964,0,0,0,2,0.2857142857142857
13.217675375388819,0.09123436346038284,0,1,1,1,0.10714285714285714
13.415034483903348,0.03258271826934986,0,2,0,1,0.14285714285714285
13.345508528717259,0.05466538837334116,0,2,0,1,0.17857142857142858
13.161586013632684,0.04820664314973922,0,1,1,1,0.10714285714285714
12.384223015005313,0.188069670044358,0,1,0,1,0.14285714285714285
14.77102238760702,0.2163358547516273,1,2,1,1,0.10714285714285714
13.527829818844937,0.21088628846921317,1,2,0,1,0.17857142857142858
12.345834587905333,0.22854691993999973,0,1,0,1,0.2857142857142857
14.077875591662238,0.26834526763884237,1,1,1,1,0.25
11.289794413577894,0.2595378877884761,0,1,0,1,0.5357142857142857
12.861001210669146,0.23852861710374818,1,1,0,1,0.2857142857142857
13.541075028051122,0.2538497883017812,0,2,0,1,0.17857142857142858
13.304686600863562,0.2133312538130909,1,2,0,1,0.10714285714285714
13.017005083966255,0.004582589828393708,1,1,0,2,0.25
14.272936037914342,0.3944926352873178,1,1,1,1,0.25
13.190023895035274,0.24128092330698764,1,0,0,1,0.14285714285714285
12.323860125621126,0.5045848834168964,0,0,0,2,0.2857142857142857
13.217675375388819,0.09123436346038284,0,1,1,1,0.10714285714285714
13.415034483903348,0.03258271826934986,0,2,0,1,0.14285714285714285
13.345508528717259,0.05466538837334116,0,2,0,1,0.17857142857142858
13.161586013632684,0.04820664314973922,0,1,1,1,0.10714285714285714
12.384223015005313,0.188069670044358,0,1,0,1,0.14285714285714285
14.77102238760702,0.2163358547516273,1,2,1,1,0.10714285714285714
13.527829818844937,0.21088628846921317,1,2,0,1,0.17857142857142858
12.345834587905333,0.22854691993999973,0,1,0,1,0.2857142857142857
14.077875591662238,0.26834526763884237,1,1,1,1,0.25
11.289794413577894,0.2595378877884761,0,1,0,1,0.5357142857142857
12.861001210669146,0.23852861710374818,1,1,0,1,0.2857142857142857
13.541075028051122,0.2538497883017812,0,2,0,1,0.17857142857142858
13.304686600863562,0.2133312538130909,1,2,0,1,0.10714285714285714
13.017005083966255,0.004582589828393708,1,1,0,2,0.25
14.272936037914342,0.3944926352873178,1,1,1,1,0.25
13.190023895035274,0.24128092330698764,1,0,0,1,0.14285714285714285
12.323860125621126,0.5045848834168964,0,0,0,2,0.2857142857142857
13.217675375388819,0.09123436346038284,0,1,1,1,0.10714285714285714
13.415034483903348,0.03258271826934986,0,2,0,1,0.14285714285714285
13.345508528717259,0.05466538837334116,0,2,0,1,0.17857142857142858
13.161586013632684,0.04820664314973922,0,1,1,1,0.10714285714285714
12.384223015005313,0.188069670044358,0,1,0,1,0.14285714285714285
14.77102238760702,0.2163358547516273,1,2,1,1,0.10714285714285714
13.527829818844937,0.21088628846921317,1,2,0,1,0.17857142857142858
12.345834587905333,0.22854691993999973,0,1,0,1,0.2857142857142857
14.077875591662238,0.26834526763884237,1,1,1,1,0.25
11.289794413577894,0.2595378877884761,0,1,0,1,0.5357142857142857
12.861001210669146,0.23852861710374818,1,1,0,1,0.2857142857142857
13.541075028051122,0.2538497883017812,0,2,0,1,0.17857142857142858
13.304686600863562,0.2133312538130909,1,2,0,1,0.10714285714285714
12.765691290604371,0.22935426309294996,0,0,0,2,0.25
11.652687407345388,0.13761072298496782,0,0,0,1,0.21428571428571427
12.847929163278053,0.22935426309294996,0,0,0,2,0.25
11.461642696843066,0.4587131133629053,0,0,0,2,0.8928571428571429
13.710151153416941,0.16054660801196335,1,0,0,1,0.14285714285714285
12.211060187041213,0.41284134330891425,0,0,0,2,0.2857142857142857
12.345834587905333,0.05252317671181978,0,0,0,1,0.21428571428571427
13.592368256649284,0.27522603314694105,1,0,0,1,0.03571428571428571
11.918397239722838,0.7889898577516411,1,0,0,2,0.2857142857142857
13.304686600863562,0.27522603314694105,1,0,0,1,0.07142857142857142
11.918397239722838,0.6880719636328607,1,0,0,1,0.5357142857142857
11.918397239722838,0.3027490951793357,1,0,0,1,0.39285714285714285
12.847929163278053,0.022931297849990137,0,0,0,1,0.03571428571428571
11.289794413577894,0.3050793810980784,0,0,0,2,0.5
12.323860125621126,0.2522901481199455,0,0,0,2,0.4642857142857143
11.225256725762893,0.13715200528442792,0,0,0,1,0.2857142857142857
14.285514812209815,0.013756943839191923,1,0,0,1,0.10714285714285714
12.128116509451258,0.38990545828191875,1,0,0,1,0.2857142857142857
12.959846800844963,0.22935426309294996,1,0,0,1,0.32142857142857145
11.51293546492023,0.5504566534708875,1,0,0,2,0.35714285714285715
11.849404844423074,0.41284134330891425,0,0,0,3,0.42857142857142855
13.47302165746721,0.03669282886618746,0,0,1,1,0.10714285714285714
13.017005083966255,0.03623411116564755,0,0,1,1,0.17857142857142858
12.25486757159303,0.22935426309294996,0,0,0,1,0.10714285714285714
12.506180941677357,0.11467483795797229,0,0,0,1,0.14285714285714285
11.608244735642321,0.09173895293097675,0,0,0,1,0.39285714285714285
13.199326270390594,0.08027101041747899,0,0,0,1,0.07142857142857142
11.884495917930655,0.11467483795797229,0,0,0,1,0.42857142857142855
12.793862088206213,0.9472474644379103,1,0,0,1,0.25
12.429220196836383,0.4064192955013555,3,0,0,1,0.25
11.608244735642321,0.3669695732549232,1,0,0,1,0.2857142857142857
12.429220196836383,0.4587131133629053,1,0,0,4,0.42857142857142855
11.918397239722838,0.8532103358272286,1,0,0,2,0.32142857142857145
11.849404844423074,0.27522603314694105,0,0,0,1,0.35714285714285715
13.73755009757506,0.05045435988238478,0,0,0,1,0.03571428571428571
13.785051350479566,0.13761072298496782,1,0,0,1,0.10714285714285714
11.407576060361786,0.3669695732549232,2,0,0,3,0.4642857142857143
10.915106645867503,0.27522603314694105,0,0,0,3,0.6785714285714286
11.951186847493476,0.4587131133629053,1,0,0,4,0.4642857142857143
13.710151153416941,0.0688030679039812,1,0,0,1,0.03571428571428571
11.813037464800539,0.41284134330891425,0,0,0,1,0.32142857142857145
12.100717685412471,0.5504566534708875,0,0,0,1,0.2857142857142857
13.112315061750808,0.4587131133629053,1,0,0,2,0.25
12.899222326086994,0.6330258395680715,1,0,0,3,0.39285714285714285
12.429220196836383,0.5045848834168964,1,0,0,2,0.42857142857142855
11.835016210489899,0.5504566534708875,0,0,0,4,0.17857142857142858
12.647551406590285,0.3210978032009321,0,0,1,2,0.32142857142857145
12.154784614286667,0.3210978032009321,0,0,0,1,0.17857142857142858
12.647551406590285,0.6422001935788696,1,0,0,1,0.32142857142857145
12.611541086966115,0.0688030679039812,0,0,0,1,0.39285714285714285
13.304686600863562,0.09173895293097675,0,0,0,1,0.07142857142857142
13.217675375388819,0.4587131133629053,1,0,0,1,0.39285714285714285
13.304686600863562,0.3210978032009321,0,0,1,1,0.17857142857142858
12.180759965737863,0.022931297849990137,0,0,0,1,0.07142857142857142
10.968215530759236,0.12831710237202923,0,0,0,1,0.25
12.117246896289503,0.1834824930389589,0,0,0,1,0.07142857142857142
11.461642696843066,0.3669695732549232,0,0,0,1,0.4642857142857143
12.429220196836383,0.17430813902816067,0,0,0,1,0.25
12.429220196836383,0.17430813902816067,0,0,0,1,0.25
12.899222326086994,0.16054660801196335,0,0,0,1,0.21428571428571427
12.92391243868049,0.27522603314694105,1,0,0,2,0.2857142857142857
11.695255355062795,0.5504566534708875,1,0,0,2,0.5714285714285714
13.304686600863562,0.08256459892017853,0,0,1,1,0.07142857142857142
13.304686600863562,0.04586718287698567,0,0,0,1,0.14285714285714285
13.623139877437296,0.41284134330891425,1,0,0,3,0.17857142857142858
13.345508528717259,0.3669695732549232,1,0,0,2,0.14285714285714285
13.45883704259595,0.0064174606305533516,1,0,0,1,0.0
11.982935344196433,0.27522603314694105,0,0,0,1,0.32142857142857145
11.652687407345388,0.27522603314694105,0,0,0,3,0.32142857142857145
11.918397239722838,0.2431157941091473,0,0,0,1,0.39285714285714285
12.429220196836383,0.4587131133629053,1,1,0,1,0.35714285714285715
12.873904582205107,0.3944926352873178,1,1,0,2,0.2857142857142857
13.384729180332174,0.4587131133629053,1,0,0,1,0.17857142857142858
13.304686600863562,0.13761072298496782,1,0,0,1,0.14285714285714285
12.429220196836383,0.5504566534708875,0,0,0,1,0.32142857142857145
12.345834587905333,0.27522603314694105,3,0,0,2,0.32142857142857145
12.608202196848836,0.22935426309294996,1,0,0,2,0.14285714285714285
12.706850963741102,0.568805361492484,1,0,0,2,0.35714285714285715
12.100717685412471,0.4587131133629053,0,0,0,3,0.2857142857142857
13.07107218827772,0.1926568470497571,0,0,0,1,0.10714285714285714
12.691583538230217,0.4587131133629053,1,0,0,1,0.17857142857142858
13.367661298303675,0.12937674026027643,0,1,0,1,0.14285714285714285
12.936036208848487,0.14985848558938344,0,1,1,1,0.10714285714285714
13.99699926803766,0.13803733044646993,1,1,1,1,0.14285714285714285
13.171155446333852,0.2579232014825756,2,1,0,1,0.25
12.959846800844963,0.27210216560626427,0,1,0,1,0.25
13.457407451830088,0.18120266606727553,1,1,0,1,0.14285714285714285
12.691583538230217,0.1619181739365777,0,1,0,1,0.25
12.524530013005734,0.23709283070105827,0,1,0,1,0.32142857142857145
12.502470376049185,0.3498089440777251,0,1,1,1,0.32142857142857145
12.896719202134523,0.20205597273381987,1,1,0,1,0.25
13.07107218827772,0.20681746246542415,1,1,0,1,0.10714285714285714
12.425212191503038,0.1886430671700329,0,1,0,1,0.32142857142857145
14.25312076497659,0.1936430901059179,1,1,1,1,0.21428571428571427
12.449018824140563,0.2486479295776586,0,1,0,1,0.32142857142857145
12.502470376049185,0.24103780292570148,0,1,0,1,0.2857142857142857
13.407543823396258,0.2711434456121358,1,1,0,1,0.21428571428571427
12.608202196848836,0.2502947261225969,0,1,0,1,0.21428571428571427
12.487488878546145,0.21817989990779774,0,1,0,2,0.35714285714285715
12.259618151783465,0.2070743443777265,0,1,0,2,0.35714285714285715
13.303018546545275,0.2826756086037092,0,1,1,2,0.25
10.915106645867503,0.8944949288758205,1,0,0,3,0.4642857142857143
13.217675375388819,0.22935426309294996,1,0,0,1,0.21428571428571427
12.301387370778713,0.5504566534708875,1,0,0,2,0.35714285714285715
13.122365377402328,0.09173895293097675,0,0,0,1,0.03571428571428571
11.849404844423074,0.13761072298496782,0,0,0,1,0.35714285714285715
12.691583538230217,0.27522603314694105,1,0,0,1,0.25
12.25486757159303,0.41284134330891425,0,0,0,3,0.35714285714285715
11.608244735642321,0.41284134330891425,0,0,0,2,0.42857142857142855
13.997832948091215,0.11467483795797229,1,0,0,1,0.03571428571428571
12.345834587905333,0.1834824930389589,0,0,0,1,0.10714285714285714
12.323860125621126,0.5045848834168964,0,0,0,2,0.2857142857142857
12.013706813470414,0.6055027775356767,0,0,0,1,0.5
13.171155446333852,0.050362616342276796,0,1,1,1,0.07142857142857142
12.691583538230217,0.09462428726737279,0,1,0,1,0.07142857142857142
14.220976332738882,0.22935426309294996,1,0,0,1,0.07142857142857142
12.899222326086994,0.13761072298496782,0,0,1,1,0.17857142857142858
13.217675375388819,0.3200977986137551,0,1,0,1,0.17857142857142858
11.49273296168228,0.2477029711145464,0,0,0,1,0.6071428571428571
13.710151153416941,0.2919875779246694,1,1,0,1,0.25
13.45883704259595,0.27522603314694105,1,0,0,1,0.10714285714285714
13.698977865303197,0.23852861710374818,1,1,0,1,0.17857142857142858
13.102162710901053,0.2724049192886206,1,1,0,1,0.17857142857142858
13.171155446333852,0.32283175610897297,0,1,0,1,0.17857142857142858
12.706850963741102,0.25423969834724014,0,1,0,1,0.25
13.217675375388819,0.35968972334735483,1,1,0,2,0.25
13.579789490265188,0.1875650805737641,1,1,0,1,0.07142857142857142
12.765691290604371,0.15973467768200772,0,1,0,2,0.17857142857142858
14.346139397261565,0.3440336882279276,1,0,1,1,0.10714285714285714
13.527829818844937,0.25479015958788803,1,1,0,1,0.10714285714285714
12.92391243868049,0.2593589878852655,1,1,0,1,0.21428571428571427
12.301387370778713,0.2004550479589356,0,0,0,1,0.14285714285714285
11.127277689932466,0.5504566534708875,0,0,0,2,0.39285714285714285
12.577639650232573,0.09173895293097675,0,0,0,1,0.10714285714285714
13.304686600863562,0.12606479846237828,1,1,0,1,0.21428571428571427
13.060490101343552,0.03669282886618746,0,0,0,1,0.03571428571428571
11.918397239722838,0.13761072298496782,0,0,0,1,0.42857142857142855
12.100717685412471,0.25782687076546223,0,1,0,2,0.21428571428571427
11.289794413577894,0.3210978032009321,0,0,0,1,0.5
13.681980308196241,0.006600947710769315,0,0,0,1,0.07142857142857142
12.611541086966115,0.22935426309294996,0,0,0,1,0.03571428571428571
14.845130332288226,0.09173895293097675,1,0,1,1,0.10714285714285714
14.100690252077353,0.4183230198303662,1,1,0,1,0.10714285714285714
12.301387370778713,0.29200133945568557,1,1,0,1,0.32142857142857145
12.429220196836383,0.27522603314694105,1,0,0,1,0.25
13.732128949025222,0.3440336882279276,1,1,0,1,0.14285714285714285
12.847929163278053,0.44608920224404697,0,1,0,1,0.25
13.017005083966255,0.21100555507135355,1,0,0,1,0.2857142857142857
13.554147092530322,0.04586718287698567,0,0,1,1,0.14285714285714285
13.217675375388819,0.3669695732549232,1,0,0,1,0.07142857142857142
12.676079399771027,0.4587131133629053,1,0,0,2,0.32142857142857145
12.899222326086994,0.16054660801196335,0,0,0,1,0.25
13.017005083966255,0.22935426309294996,0,0,1,1,0.10714285714285714
12.301387370778713,0.41284134330891425,1,0,0,3,0.32142857142857145
12.899222326086994,0.6880719636328607,1,0,0,2,0.2857142857142857
13.180634172318978,0.40825416630351513,0,0,0,2,0.25
12.873904582205107,0.27522603314694105,1,0,0,2,0.21428571428571427
12.128116509451258,0.4587131133629053,1,0,0,2,0.2857142857142857
12.611541086966115,0.4587131133629053,0,0,0,2,0.2857142857142857
13.26212705890841,0.41284134330891425,1,0,0,2,0.21428571428571427
12.611541086966115,0.3440336882279276,0,0,0,1,0.21428571428571427
12.959846800844963,0.16513378501736248,1,1,0,1,0.10714285714285714
12.765691290604371,0.05504153688778389,0,0,0,1,0.14285714285714285
13.217675375388819,0.0596149523621668,1,1,0,1,0.10714285714285714
13.122365377402328,0.1834824930389589,0,0,1,1,0.10714285714285714
13.304686600863562,0.27522603314694105,1,0,0,1,0.17857142857142858
12.611541086966115,0.11467483795797229,1,0,0,2,0.25
13.955273369904273,0.121234501075693,1,1,0,1,0.07142857142857142
13.07107218827772,0.11283996715581264,0,1,0,1,0.17857142857142858
12.468440756144114,0.13064280111376658,0,1,0,1,0.32142857142857145
12.765691290604371,0.4587131133629053,0,0,0,1,0.25
13.527829818844937,0.19260180092569232,1,1,0,1,0.25
12.100717685412471,0.1393309143619925,0,1,0,1,0.39285714285714285
12.765691290604371,0.035124014330340965,0,1,1,1,0.10714285714285714
13.322853874813605,0.1577943018087239,1,1,0,1,0.10714285714285714
12.691583538230217,0.08485818742287808,0,1,0,1,0.10714285714285714
12.323860125621126,0.22017990908215176,0,1,0,1,0.2857142857142857
12.611541086966115,0.13275748971325557,0,1,1,1,0.21428571428571427
12.899222326086994,0.22935426309294996,1,0,0,2,0.10714285714285714
13.47442911525415,0.24586810031238676,1,1,0,1,0.2857142857142857
13.654168582642953,0.2461066335166675,1,1,0,1,0.17857142857142858
13.122365377402328,0.11467483795797229,0,0,0,1,0.21428571428571427
12.429220196836383,0.3669695732549232,1,0,0,2,0.4642857142857143
11.918397239722838,0.22935426309294996,0,0,0,1,0.10714285714285714
13.321215875492413,0.0688030679039812,1,0,0,2,0.14285714285714285
13.017005083966255,0.022931297849990137,0,0,0,1,0.07142857142857142
13.519797657900346,0.48623617539529995,1,0,0,1,0.10714285714285714
11.695255355062795,0.4587131133629053,0,0,0,3,0.42857142857142855
12.301387370778713,0.27522603314694105,0,0,0,3,0.14285714285714285
13.081543466215237,0.5504566534708875,1,0,0,4,0.2857142857142857
12.821260987319457,0.3761439272657214,0,0,1,1,0.10714285714285714
10.915106645867503,0.16054660801196335,1,0,0,2,0.6071428571428571
11.736077016252437,0.9403666989298116,0,0,0,1,0.25
12.468440756144114,0.573392538497883,1,0,0,3,0.32142857142857145
12.765691290604371,0.5963284235248786,1,0,0,1,0.17857142857142858
12.04355959836804,0.444951582346708,2,0,0,2,0.2857142857142857
12.765691290604371,0.41284134330891425,0,0,0,2,0.17857142857142858
12.429220196836383,0.27522603314694105,0,0,0,3,0.39285714285714285
12.04355959836804,0.27522603314694105,1,0,0,1,0.25
14.077875591662238,0.16054660801196335,1,0,0,1,0.07142857142857142
13.217675375388819,0.11467483795797229,0,0,0,1,0.03571428571428571
12.899222326086994,0.0688030679039812,0,0,0,1,0.10714285714285714
11.695255355062795,0.09173895293097675,0,0,0,1,0.32142857142857145
11.695255355062795,0.09173895293097675,0,0,0,1,0.32142857142857145
12.524530013005734,0.3210978032009321,0,0,0,1,0.35714285714285715
12.560247968016562,0.41284134330891425,0,0,0,1,0.14285714285714285
13.710151153416941,0.3669695732549232,1,0,0,1,0.14285714285714285
14.731801689838349,0.3646759847522236,1,0,1,2,0.21428571428571427
13.3374763699232,0.3210978032009321,1,0,0,2,0.25
14.346139397261565,0.022931297849990137,1,0,0,1,0.07142857142857142
13.384729180332174,0.0688030679039812,0,0,0,1,0.07142857142857142
13.122365377402328,0.16054660801196335,0,0,0,1,0.21428571428571427
12.429220196836383,0.5504566534708875,1,0,0,2,0.39285714285714285
13.76421831620775,0.0688030679039812,1,0,0,2,0.07142857142857142
12.676079399771027,0.27522603314694105,0,0,0,1,0.17857142857142858
13.017005083966255,0.5504566534708875,1,0,0,1,0.25
12.765691290604371,0.41284134330891425,1,0,0,1,0.14285714285714285
12.899222326086994,0.41284134330891425,0,0,0,1,0.17857142857142858
12.206077645517674,0.04586718287698567,0,0,0,1,0.07142857142857142
12.429220196836383,0.3302721572117303,1,0,0,2,0.39285714285714285
13.217675375388819,0.9036692828866187,0,0,0,2,0.32142857142857145
11.350418300109132,0.3210978032009321,0,0,0,2,0.75
10.859018228147887,0.22935426309294996,0,0,0,3,0.6785714285714286
13.997832948091215,0.22935426309294996,1,0,1,1,0.10714285714285714
13.017005083966255,0.27522603314694105,0,0,1,3,0.32142857142857145
13.329379172803593,0.1834824930389589,0,0,0,1,0.07142857142857142
12.899222326086994,0.27522603314694105,1,0,0,2,0.2857142857142857
11.002116507732017,0.1834824930389589,0,0,0,1,0.25
13.122365377402328,0.04201854136945583,0,0,0,1,0.10714285714285714
13.304686600863562,0.20641837806595442,0,0,0,1,0.17857142857142858
11.608244735642321,0.5045848834168964,0,0,0,1,0.35714285714285715
12.07254696717504,0.3669695732549232,0,0,0,1,0.25
12.691583538230217,0.4587131133629053,1,0,0,2,0.32142857142857145
12.959846800844963,0.41284134330891425,1,0,0,1,0.10714285714285714
11.982935344196433,0.3210978032009321,2,0,0,3,0.39285714285714285
11.51293546492023,0.3669695732549232,0,0,0,3,0.4642857142857143
12.873904582205107,0.5045848834168964,1,0,0,2,0.21428571428571427
12.899222326086994,0.22935426309294996,0,0,0,1,0.10714285714285714
13.142166004700508,0.022931297849990137,0,0,0,1,0.07142857142857142
11.918397239722838,0.41284134330891425,0,0,0,3,0.42857142857142855
11.608244735642321,0.5504566534708875,0,0,0,1,0.39285714285714285
13.017005083966255,0.3669695732549232,1,0,0,1,0.25
12.899222326086994,0.17430813902816067,0,0,0,2,0.10714285714285714
11.849404844423074,0.5504566534708875,0,0,0,1,0.39285714285714285
11.775297421715827,0.41284134330891425,1,0,0,1,0.32142857142857145
11.982935344196433,0.22935426309294996,0,0,0,1,0.10714285714285714
11.918397239722838,0.27522603314694105,0,0,0,1,0.14285714285714285
13.122365377402328,0.4587131133629053,1,0,0,2,0.25
10.596659732783579,0.08715177592557764,0,0,0,1,0.32142857142857145
11.849404844423074,0.9174308139028161,1,0,0,3,0.5
12.33270970174018,0.3210978032009321,1,0,0,2,0.17857142857142858
12.560247968016562,0.22935426309294996,1,0,0,2,0.32142857142857145
11.951186847493476,0.08750498855499338,0,0,0,2,0.2857142857142857
12.25486757159303,0.13761072298496782,0,0,0,1,0.14285714285714285
11.849404844423074,0.3669695732549232,0,0,0,2,0.39285714285714285
13.753636218075409,0.5871540695140803,1,0,0,1,0.17857142857142858
13.527829818844937,0.3669695732549232,1,0,0,1,0.25
13.321215875492413,0.4587131133629053,1,0,0,1,0.14285714285714285
13.017005083966255,0.22935426309294996,1,0,0,1,0.17857142857142858
12.92391243868049,0.2568773251253446,1,0,0,1,0.2857142857142857
11.51293546492023,0.09771145739200639,0,0,0,1,0.07142857142857142
12.611541086966115,0.048160771379685226,0,0,0,1,0.07142857142857142
12.899222326086994,0.4908233524006991,1,0,0,1,0.25
12.25486757159303,0.27522603314694105,0,0,0,2,0.35714285714285715
11.407576060361786,0.5504566534708875,0,0,0,2,0.5
12.310437165348775,0.3210978032009321,0,0,0,1,0.35714285714285715
12.388398368982115,0.22935426309294996,0,0,0,2,0.17857142857142858
13.017005083966255,0.3210978032009321,1,0,0,2,0.25
13.017005083966255,0.004582589828393708,1,1,0,2,0.25
14.272936037914342,0.3944926352873178,1,1,1,1,0.25
13.190023895035274,0.24128092330698764,1,0,0,1,0.14285714285714285
12.323860125621126,0.5045848834168964,0,0,0,2,0.2857142857142857
13.217675375388819,0.09123436346038284,0,1,1,1,0.10714285714285714
13.415034483903348,0.03258271826934986,0,2,0,1,0.14285714285714285
13.345508528717259,0.05466538837334116,0,2,0,1,0.17857142857142858
13.161586013632684,0.04820664314973922,0,1,1,1,0.10714285714285714
12.384223015005313,0.188069670044358,0,1,0,1,0.14285714285714285
14.77102238760702,0.2163358547516273,1,2,1,1,0.10714285714285714
13.527829818844937,0.21088628846921317,1,2,0,1,0.17857142857142858
12.345834587905333,0.22854691993999973,0,1,0,1,0.2857142857142857
14.077875591662238,0.26834526763884237,1,1,1,1,0.25
11.289794413577894,0.2595378877884761,0,1,0,1,0.5357142857142857
12.861001210669146,0.23852861710374818,1,1,0,1,0.2857142857142857
13.541075028051122,0.2538497883017812,0,2,0,1,0.17857142857142858
13.304686600863562,0.2133312538130909,1,2,0,1,0.10714285714285714
13.017005083966255,0.004582589828393708,1,1,0,2,0.25
14.272936037914342,0.3944926352873178,1,1,1,1,0.25
13.190023895035274,0.24128092330698764,1,0,0,1,0.14285714285714285
12.323860125621126,0.5045848834168964,0,0,0,2,0.2857142857142857
13.217675375388819,0.09123436346038284,0,1,1,1,0.10714285714285714
13.415034483903348,0.03258271826934986,0,2,0,1,0.14285714285714285
13.345508528717259,0.05466538837334116,0,2,0,1,0.17857142857142858
13.161586013632684,0.04820664314973922,0,1,1,1,0.10714285714285714
12.384223015005313,0.188069670044358,0,1,0,1,0.14285714285714285
14.77102238760702,0.2163358547516273,1,2,1,1,0.10714285714285714
13.527829818844937,0.21088628846921317,1,2,0,1,0.17857142857142858
12.345834587905333,0.22854691993999973,0,1,0,1,0.2857142857142857
14.077875591662238,0.26834526763884237,1,1,1,1,0.25
11.289794413577894,0.2595378877884761,0,1,0,1,0.5357142857142857
12.861001210669146,0.23852861710374818,1,1,0,1,0.2857142857142857
13.541075028051122,0.2538497883017812,0,2,0,1,0.17857142857142858
13.304686600863562,0.2133312538130909,1,2,0,1,0.10714285714285714
13.507627138738266,0.25366630122156525,1,1,1,1,0.2857142857142857
12.560247968016562,0.34082266432414826,1,1,0,1,0.2857142857142857
12.765691290604371,0.22376249432336845,0,1,0,1,0.35714285714285715
12.577639650232573,0.4019238620360644,1,1,1,1,0.35714285714285715
13.698977865303197,0.1844870848031413,1,1,1,1,0.10714285714285714
12.861001210669146,0.05262409460593856,0,1,0,1,0.32142857142857145
12.959846800844963,0.03830751517208795,0,1,0,1,0.10714285714285714
13.171155446333852,0.0446974527406089,0,1,1,1,0.10714285714285714
13.217675375388819,0.0447112142716251,0,1,0,1,0.10714285714285714
12.509877789891931,0.22476708608755086,0,1,0,1,0.2857142857142857
14.214287349062356,0.09492245377272372,1,1,0,1,0.07142857142857142
13.102162710901053,0.14256487415079885,0,1,0,1,0.17857142857142858
12.468440756144114,0.17249620411102803,0,1,0,1,0.21428571428571427
13.02805489573287,0.25618924857453473,1,1,0,1,0.21428571428571427
11.225256725762893,0.26995077959073205,0,1,0,1,0.35714285714285715
12.95039048795861,0.10934912545470392,0,1,0,1,0.17857142857142858
13.217675375388819,0.2477029711145464,1,1,0,1,0.14285714285714285
12.706850963741102,0.17430813902816067,0,1,1,1,0.25
12.873904582205107,0.20850095642640562,1,1,0,1,0.2857142857142857
13.303018546545275,0.21539548346552048,1,1,1,1,0.17857142857142858
11.608244735642321,0.27522603314694105,0,0,0,4,0.4642857142857143
12.429220196836383,0.11467483795797229,0,0,0,1,0.14285714285714285
13.304686600863562,0.5045848834168964,1,0,0,4,0.2857142857142857
12.54254845357358,0.871559043848825,1,0,0,2,0.42857142857142855
14.80876270134486,0.11467483795797229,1,0,1,1,0.07142857142857142
11.289794413577894,0.41284134330891425,0,0,0,1,0.42857142857142855
12.765691290604371,0.022931297849990137,0,0,0,1,0.03571428571428571
13.07107218827772,0.27522603314694105,1,0,0,1,0.17857142857142858
13.122365377402328,0.22935426309294996,1,0,0,1,0.07142857142857142
12.429220196836383,0.5504566534708875,1,0,0,1,0.21428571428571427
11.51293546492023,0.5504566534708875,1,0,0,2,0.5357142857142857
12.765691290604371,0.022931297849990137,0,0,0,1,0.03571428571428571
14.45736497045232,0.09173895293097675,0,0,1,1,0.10714285714285714
11.461642696843066,0.5504566534708875,0,0,0,2,0.5357142857142857
12.92391243868049,0.2660516791361428,1,0,0,1,0.17857142857142858
13.864301674514206,0.16054660801196335,1,0,0,1,0.07142857142857142
12.676079399771027,0.13761072298496782,0,0,0,1,0.10714285714285714
13.815511557963774,0.04586718287698567,1,0,0,1,0.03571428571428571
14.386490669521603,0.11467483795797229,1,0,0,1,0.10714285714285714
13.76421831620775,0.09173895293097675,1,0,0,1,0.07142857142857142
13.527829818844937,0.22935426309294996,1,0,0,1,0.07142857142857142
12.301387370778713,0.1926568470497571,0,0,0,1,0.21428571428571427
13.815511557963774,0.22935426309294996,1,0,0,1,0.10714285714285714
13.399996629152975,0.5321079454492911,1,0,0,1,0.10714285714285714
13.481436842589853,0.4587131133629053,1,0,0,1,0.17857142857142858
13.42246945133505,0.3027490951793357,0,0,0,1,0.17857142857142858
12.861001210669146,0.5045848834168964,1,0,0,3,0.35714285714285715
12.691583538230217,0.3210978032009321,1,0,0,1,0.21428571428571427
13.76421831620775,0.27522603314694105,1,0,0,1,0.17857142857142858
12.899222326086994,0.5045848834168964,1,0,1,4,0.4642857142857143
12.429220196836383,0.11467483795797229,1,0,0,1,0.21428571428571427
12.25486757159303,0.09173895293097675,0,0,0,1,0.21428571428571427
11.898194668458823,0.5045848834168964,0,0,0,2,0.32142857142857145
13.493928313146206,0.12086752691526108,1,0,0,1,0.07142857142857142
13.217675375388819,0.41284134330891425,1,0,0,1,0.2857142857142857
13.07107218827772,0.11467483795797229,0,0,0,1,0.14285714285714285
12.429220196836383,0.22935426309294996,0,0,0,2,0.21428571428571427
11.156264806643742,0.27522603314694105,0,0,0,2,0.5
11.982935344196433,0.3210978032009321,0,0,0,3,0.2857142857142857
13.815511557963774,0.41284134330891425,1,0,1,2,0.32142857142857145
11.127277689932466,0.3210978032009321,0,0,0,1,0.6785714285714286
13.122365377402328,0.12155560346607094,0,0,0,1,0.10714285714285714
12.04355959836804,0.27522603314694105,1,0,0,1,0.25
14.077875591662238,0.16054660801196335,1,0,0,1,0.07142857142857142
13.864301674514206,0.04586718287698567,1,0,0,1,0.0
12.611541086966115,0.0688030679039812,0,0,0,1,0.39285714285714285
13.304686600863562,0.11467483795797229,0,0,0,1,0.14285714285714285
13.710151153416941,0.22935426309294996,1,0,0,1,0.10714285714285714
13.217675375388819,0.11467483795797229,0,0,0,1,0.03571428571428571
11.51293546492023,0.23852861710374818,0,0,0,2,0.4642857142857143
12.899222326086994,0.0688030679039812,0,0,0,1,0.10714285714285714
11.695255355062795,0.09173895293097675,0,0,0,1,0.32142857142857145
12.611541086966115,0.41284134330891425,1,0,0,1,0.25
11.849404844423074,0.27522603314694105,1,0,0,2,0.32142857142857145
13.369225017834633,0.10550048394717407,0,0,0,1,0.17857142857142858
12.847929163278053,0.10162431937761182,0,0,0,1,0.07142857142857142
11.695255355062795,0.09173895293097675,0,0,0,1,0.32142857142857145
13.384729180332174,0.3210978032009321,0,0,0,1,0.07142857142857142
11.918397239722838,0.27522603314694105,0,0,0,2,0.39285714285714285
13.217675375388819,0.16054660801196335,0,0,0,1,0.07142857142857142
13.384729180332174,0.325877641640558,1,1,0,1,0.2857142857142857
13.840204146163925,0.7700448167193428,1,1,0,2,0.2857142857142857
12.180759965737863,0.612677122372121,1,1,0,1,0.32142857142857145
14.214287349062356,0.1834824930389589,1,1,1,1,0.25
13.946539697563276,0.10567479667337923,0,2,1,1,0.07142857142857142
11.461642696843066,0.3210978032009321,1,0,0,1,0.32142857142857145
14.930652476452392,0.13761072298496782,1,0,1,1,0.10714285714285714
13.217675375388819,0.09123436346038284,0,1,1,1,0.10714285714285714
13.345508528717259,0.05466538837334116,0,2,0,1,0.17857142857142858
13.161586013632684,0.04820664314973922,0,1,1,1,0.10714285714285714
12.384223015005313,0.188069670044358,0,1,0,1,0.14285714285714285
14.77102238760702,0.2163358547516273,1,2,1,1,0.10714285714285714
12.345834587905333,0.22854691993999973,0,1,0,1,0.2857142857142857
14.077875591662238,0.26834526763884237,1,1,1,1,0.25
13.279368835614243,0.20003302767443887,0,2,0,1,0.10714285714285714
13.623139877437296,0.05142684140752939,0,2,1,1,0.07142857142857142
12.54254845357358,0.23852861710374818,1,1,0,1,0.25
13.493928313146206,0.22576250349772248,0,2,0,1,0.14285714285714285
12.611541086966115,0.41284134330891425,1,0,0,1,0.17857142857142858
12.834683971615659,0.3210978032009321,0,0,0,1,0.17857142857142858
12.644330802262578,0.41284134330891425,0,0,0,4,0.6071428571428571
12.834683971615659,0.871559043848825,1,0,0,3,0.32142857142857145
14.48334044336031,0.48623617539529995,1,0,1,1,0.14285714285714285
12.899222326086994,0.3669695732549232,1,0,0,2,0.2857142857142857
13.217675375388819,0.3669695732549232,1,0,0,2,0.21428571428571427
12.506180941677357,0.09173895293097675,0,0,0,1,0.07142857142857142
13.22672519452875,0.5045848834168964,1,0,0,2,0.2857142857142857
13.122365377402328,0.27522603314694105,1,0,0,2,0.25
12.899222326086994,0.5963284235248786,1,0,1,2,0.35714285714285715
12.54254845357358,0.13228042330469406,0,0,0,1,0.10714285714285714
11.289794413577894,0.9174308139028161,0,0,0,1,0.42857142857142855
10.915106645867503,0.4587131133629053,1,0,0,1,0.5
12.429220196836383,0.22935426309294996,0,0,0,1,0.21428571428571427
12.429220196836383,0.871559043848825,1,0,0,4,0.35714285714285715
11.461642696843066,0.4587131133629053,1,0,0,2,0.4642857142857143
13.493928313146206,0.6192643085518741,1,0,0,2,0.21428571428571427
12.676079399771027,0.22935426309294996,1,0,0,3,0.17857142857142858
13.997832948091215,0.6192643085518741,1,0,1,3,0.21428571428571427
11.982935344196433,0.22935426309294996,1,0,0,1,0.2857142857142857
13.579789490265188,0.08977105399566053,1,1,0,1,0.07142857142857142
13.997832948091215,0.1357758521828082,0,1,0,1,0.07142857142857142
12.07254696717504,0.3210978032009321,0,0,0,1,0.32142857142857145
13.76421831620775,0.0688030679039812,1,0,1,1,0.07142857142857142
12.73670383776449,0.22935426309294996,0,0,0,1,0.03571428571428571
13.623139877437296,0.06192230239588255,1,0,0,1,0.10714285714285714
14.946912992035967,0.10091330694177496,0,0,1,1,0.07142857142857142
13.567050480716235,0.11467483795797229,1,1,0,1,0.07142857142857142
12.765691290604371,0.3669695732549232,0,0,1,3,0.35714285714285715
13.444448325847754,0.1788953160335598,0,1,0,1,0.07142857142857142
12.409017571151187,0.27522603314694105,0,0,0,1,0.14285714285714285
13.579789490265188,0.22476708608755086,1,1,0,1,0.07142857142857142
13.429849547739444,0.22293221528539123,0,1,0,1,0.07142857142857142
13.199326270390594,0.09173895293097675,0,0,0,2,0.10714285714285714
12.959846800844963,0.11467483795797229,0,0,0,1,0.14285714285714285
11.849404844423074,0.5504566534708875,0,0,0,1,0.42857142857142855
13.910821646859095,0.13761072298496782,1,0,0,1,0.03571428571428571
13.480039220276565,0.16054660801196335,1,0,0,1,0.17857142857142858
14.272936037914342,0.3944926352873178,1,1,1,1,0.25
14.375126917328105,0.5855164473231529,1,1,1,1,0.17857142857142858
12.899222326086994,0.2477029711145464,0,1,0,2,0.07142857142857142
14.375126917328105,0.46951132803361484,1,1,1,1,0.21428571428571427
14.430696737594902,0.28548754810801885,0,1,1,1,0.21428571428571427
11.652687407345388,0.41284134330891425,0,1,0,2,0.5357142857142857
13.76421831620775,0.0981334776765031,1,1,0,1,0.07142857142857142
12.644330802262578,0.14993188042146982,0,1,0,1,0.17857142857142858
13.26212705890841,0.004587177005399107,1,1,0,1,0.5
13.102162710901053,0.10091330694177496,1,1,0,1,0.10714285714285714
13.081543466215237,0.24431304730755646,0,1,0,1,0.10714285714285714
12.821260987319457,0.04586718287698567,0,1,0,1,0.07142857142857142
13.635188201437066,0.06421589089858211,1,1,0,1,0.10714285714285714
13.384729180332174,0.20183120106055533,0,1,0,1,0.10714285714285714
13.415034483903348,0.183000839453392,1,1,0,1,0.21428571428571427
13.76421831620775,0.33485933421712943,1,1,1,1,0.10714285714285714
13.444448325847754,0.07797742191477942,0,1,0,1,0.21428571428571427
13.415034483903348,0.08527562053036941,0,1,0,1,0.10714285714285714
13.73755009757506,0.1227757925495071,1,1,0,1,0.10714285714285714
12.429220196836383,0.13761072298496782,0,0,0,1,0.17857142857142858
13.142166004700508,0.1926568470497571,1,0,0,1,0.14285714285714285
13.161586013632684,0.5045848834168964,1,0,0,1,0.21428571428571427
11.51293546492023,0.4587131133629053,1,0,0,1,0.5357142857142857
11.775297421715827,0.5045848834168964,1,0,0,3,0.39285714285714285
13.76421831620775,0.12669324171211793,1,1,0,1,0.07142857142857142
13.017005083966255,0.3210978032009321,0,0,0,1,0.17857142857142858
12.676079399771027,0.22935426309294996,0,0,0,2,0.2857142857142857
13.081543466215237,0.22935426309294996,1,0,0,1,0.17857142857142858
14.727793670047236,0.21100555507135355,1,0,1,1,0.21428571428571427
13.579789490265188,0.3761439272657214,1,0,0,1,0.2857142857142857
11.695255355062795,0.5504566534708875,0,0,0,1,0.14285714285714285
11.225256725762893,0.3669695732549232,0,0,0,3,0.5
11.502885230075814,0.3210978032009321,0,0,0,1,0.35714285714285715
13.830400155679214,0.09173895293097675,1,0,0,1,0.07142857142857142
12.429220196836383,0.9174308139028161,1,0,0,2,0.25
13.161586013632684,0.5504566534708875,1,0,0,1,0.32142857142857145
13.910821646859095,0.13761072298496782,1,0,1,1,0.07142857142857142
13.171155446333852,0.27522603314694105,1,0,0,1,0.14285714285714285
13.122365377402328,0.1834824930389589,0,0,0,1,0.14285714285714285
13.42246945133505,0.7400309175730164,1,0,0,1,0.14285714285714285
11.918397239722838,0.27522603314694105,0,0,0,3,0.39285714285714285
12.429220196836383,0.22935426309294996,1,0,0,1,0.4642857142857143
13.017005083966255,0.027518474855389243,0,0,0,1,0.07142857142857142
11.918397239722838,0.3119234491901339,0,0,0,2,0.39285714285714285
12.206077645517674,0.38990545828191875,1,0,0,1,0.2857142857142857
13.171155446333852,0.3210978032009321,1,0,1,1,0.32142857142857145
11.002116507732017,0.16054660801196335,0,0,0,2,0.75
12.100717685412471,0.4587131133629053,1,0,0,2,0.35714285714285715
13.07107218827772,0.5045848834168964,1,0,0,1,0.17857142857142858
12.847929163278053,0.8944949288758205,1,0,1,2,0.35714285714285715
12.560247968016562,0.21100555507135355,0,0,0,2,0.17857142857142858
11.420821140914589,0.27522603314694105,0,0,0,2,0.42857142857142855
12.429220196836383,0.21100555507135355,0,0,0,1,0.10714285714285714
12.899222326086994,0.1926568470497571,1,0,0,1,0.17857142857142858
11.982935344196433,0.41284134330891425,0,0,1,2,0.5
13.384729180332174,0.38990545828191875,1,0,0,2,0.2857142857142857
12.92391243868049,0.5504566534708875,1,0,0,3,0.2857142857142857
12.959846800844963,0.3302721572117303,1,0,0,1,0.25
12.429220196836383,0.32568498020633124,2,0,0,2,0.25
12.206077645517674,0.5045848834168964,0,0,0,4,0.39285714285714285
12.429220196836383,0.32568498020633124,2,0,0,2,0.25
11.775297421715827,0.6605489016004661,1,0,0,4,0.35714285714285715
12.468440756144114,0.13761072298496782,0,1,0,1,0.10714285714285714
11.951186847493476,0.29816191817393656,0,1,0,1,0.4642857142857143
13.017005083966255,0.17430813902816067,1,0,0,1,0.17857142857142858
12.301387370778713,0.41284134330891425,0,0,0,2,0.2857142857142857
13.384729180332174,0.16972096202276157,1,1,0,1,0.07142857142857142
12.560247968016562,0.13761072298496782,0,1,0,1,0.07142857142857142
13.493928313146206,0.1192620149633714,0,1,1,1,0.07142857142857142
13.345508528717259,0.13761072298496782,0,1,0,1,0.14285714285714285
13.217675375388819,0.10550048394717407,0,1,0,1,0.14285714285714285
12.388398368982115,0.1834824930389589,0,1,0,1,0.2857142857142857
13.304686600863562,0.1238491919687705,1,1,0,1,0.21428571428571427
12.765691290604371,0.29816191817393656,1,1,0,1,0.2857142857142857
12.409017571151187,0.14678507699576604,0,1,0,1,0.17857142857142858
13.304686600863562,0.2568773251253446,1,1,0,1,0.14285714285714285
14.690979711984754,0.13761072298496782,1,0,1,1,0.10714285714285714
13.3374763699232,0.3669695732549232,1,1,0,1,0.21428571428571427
12.886643575525625,0.23852861710374818,0,1,0,2,0.21428571428571427
13.361381852676738,0.060775508144532774,0,1,0,1,0.21428571428571427
12.100717685412471,0.16513378501736248,0,1,0,1,0.32142857142857145
13.091904169919621,0.33485933421712943,1,1,0,2,0.17857142857142858
11.608244735642321,0.27522603314694105,0,0,0,1,0.5714285714285714
11.918397239722838,0.27522603314694105,0,0,0,2,0.5
12.899222326086994,0.5045848834168964,1,0,0,1,0.2857142857142857
12.206077645517674,0.3210978032009321,1,0,0,2,0.2857142857142857
12.618185607609803,0.27522603314694105,1,0,0,2,0.25
12.278397958261774,0.41284134330891425,1,0,0,4,0.32142857142857145
11.951186847493476,0.3669695732549232,0,0,0,2,0.5714285714285714
13.815511557963774,0.46330029036830445,1,0,0,2,0.21428571428571427
13.217675375388819,0.20183120106055533,1,0,0,1,0.07142857142857142
12.206077645517674,0.20641837806595442,0,0,0,1,0.5
13.527829818844937,0.5504566534708875,1,0,0,1,0.10714285714285714
11.407576060361786,0.41284134330891425,0,0,0,2,0.5357142857142857
11.289794413577894,0.5504566534708875,0,0,0,2,0.4642857142857143
12.345834587905333,0.06192230239588255,0,0,0,1,0.25
12.765691290604371,0.04586718287698567,0,0,0,1,0.10714285714285714
12.691583538230217,0.11467483795797229,0,0,0,3,0.17857142857142858
13.017005083966255,0.038986417368887014,0,0,0,1,0.07142857142857142
12.429220196836383,0.5504566534708875,1,0,0,1,0.2857142857142857
12.323860125621126,0.5504566534708875,1,0,0,1,0.2857142857142857
11.918397239722838,0.41396978885224245,0,0,0,3,0.39285714285714285
11.608244735642321,0.41284134330891425,0,0,0,2,0.42857142857142855
11.918397239722838,0.1834824930389589,0,0,0,2,0.35714285714285715
12.013706813470414,0.27522603314694105,0,0,0,4,0.7142857142857143
13.321215875492413,0.14678507699576604,1,0,0,2,0.10714285714285714
12.04355959836804,0.27706090394910066,1,0,0,1,0.25
11.918397239722838,0.32545562135606126,1,0,0,2,0.42857142857142855
12.611541086966115,0.41284134330891425,1,0,0,1,0.25
12.834683971615659,0.3302721572117303,1,0,0,1,0.17857142857142858
12.873904582205107,0.41284134330891425,1,0,0,1,0.25
13.304686600863562,0.04586718287698567,0,0,0,1,0.10714285714285714
12.230765258120545,0.11467483795797229,0,0,0,2,0.21428571428571427
12.506180941677357,0.3669695732549232,1,0,0,2,0.39285714285714285
12.834683971615659,0.04586718287698567,0,0,0,1,0.10714285714285714
13.45883704259595,0.005041307528933619,0,0,0,1,0.0
13.02805489573287,0.1834824930389589,0,0,0,1,0.10714285714285714
12.834683971615659,0.04586718287698567,0,0,0,1,0.10714285714285714
12.739640688812674,0.1444502039000179,0,0,0,1,0.21428571428571427
12.206077645517674,0.49147931871247114,1,0,0,2,0.21428571428571427
13.017005083966255,0.0688030679039812,0,0,1,1,0.10714285714285714
12.04355959836804,0.22935426309294996,0,0,0,2,0.2857142857142857
14.45736497045232,0.4587131133629053,1,0,0,1,0.10714285714285714
13.122365377402328,0.27522603314694105,1,0,0,1,0.14285714285714285
13.617059619240436,0.38990545828191875,1,0,0,1,0.14285714285714285
12.768544351446794,0.1834824930389589,0,0,0,2,0.21428571428571427
12.180759965737863,0.3669695732549232,0,0,0,2,0.32142857142857145
12.429220196836383,0.3761439272657214,1,0,0,2,0.42857142857142855
11.695255355062795,0.3210978032009321,0,0,0,2,0.42857142857142855
12.100717685412471,0.3210978032009321,0,0,0,3,0.39285714285714285
12.971542813248437,0.09173895293097675,1,0,0,1,0.14285714285714285
11.225256725762893,0.16054660801196335,0,0,0,2,0.2857142857142857
13.527829818844937,0.3669695732549232,1,0,0,1,0.10714285714285714
11.002116507732017,0.1834824930389589,0,0,0,1,0.32142857142857145
14.220976332738882,0.21289547199757797,1,0,0,1,0.17857142857142858
12.873904582205107,0.6880719636328607,1,0,0,4,0.32142857142857145
13.353476685668044,0.22935426309294996,1,0,0,1,0.14285714285714285
13.897091466615258,0.0688030679039812,1,0,0,1,0.07142857142857142
12.154784614286667,0.27522603314694105,0,0,0,2,0.2857142857142857
13.217675375388819,0.11467483795797229,0,0,1,1,0.07142857142857142
12.206077645517674,0.41284134330891425,0,0,0,3,0.2857142857142857
12.013706813470414,0.27522603314694105,0,0,0,1,0.32142857142857145
12.468440756144114,0.29816191817393656,1,0,0,1,0.25
11.92504173829169,0.1834824930389589,0,0,0,1,0.32142857142857145
13.567050480716235,0.22935426309294996,1,0,0,1,0.07142857142857142
12.07254696717504,0.3669695732549232,1,0,0,3,0.2857142857142857
12.04355959836804,0.49311694090339864,1,1,0,1,0.35714285714285715
12.25486757159303,0.6192643085518741,1,1,0,2,0.25
11.407576060361786,0.20103303226161587,0,1,0,2,0.4642857142857143
13.190023895035274,0.25613420245046997,0,1,0,1,0.14285714285714285
12.180759965737863,0.5177959531924459,1,1,0,1,0.4642857142857143
11.849404844423074,0.41284134330891425,1,0,0,3,0.32142857142857145
12.765691290604371,0.1834824930389589,0,0,0,1,0.2857142857142857
12.959846800844963,0.3027490951793357,0,0,0,1,0.25
12.611541086966115,0.13898687608658755,0,0,0,1,0.10714285714285714
12.73670383776449,0.38990545828191875,1,0,0,2,0.25
12.429220196836383,0.3699925229014812,0,1,0,1,0.39285714285714285
12.04355959836804,0.3730429956100716,0,1,0,1,0.42857142857142855
12.660331092405906,0.586621956981454,1,1,0,1,0.25
12.206077645517674,0.22935426309294996,0,0,0,1,0.17857142857142858
12.611541086966115,0.11467483795797229,0,0,0,1,0.14285714285714285
12.611541086966115,0.306212413818412,1,1,0,1,0.17857142857142858
12.847929163278053,0.5646035073555383,0,1,0,1,0.25
12.644330802262578,0.4396809159675044,1,1,0,1,0.25
12.468440756144114,0.22935426309294996,0,0,0,1,0.35714285714285715
11.918397239722838,0.22935426309294996,0,0,0,2,0.42857142857142855
11.350418300109132,0.27522603314694105,0,0,0,2,0.5
12.54254845357358,0.0688030679039812,0,0,0,2,0.17857142857142858
13.652992804936396,0.1834824930389589,1,0,0,1,0.14285714285714285
12.834683971615659,0.09173895293097675,0,0,0,2,0.10714285714285714
11.736077016252437,0.5504566534708875,1,0,0,3,0.5
12.429220196836383,0.5045848834168964,1,0,0,1,0.2857142857142857
12.301387370778713,0.3210978032009321,1,0,0,1,0.32142857142857145
11.608244735642321,0.5045848834168964,1,0,0,2,0.35714285714285715
11.918397239722838,0.3853182812765196,0,0,0,2,0.4642857142857143
12.611541086966115,0.7798155037408429,1,0,0,1,0.2857142857142857
12.301387370778713,0.1834824930389589,0,0,0,1,0.10714285714285714
11.225256725762893,0.4403644053413089,0,0,0,2,0.5
11.51293546492023,0.09173895293097675,1,0,0,1,0.39285714285714285
12.847929163278053,0.0688030679039812,0,0,0,1,0.14285714285714285
11.51293546492023,0.22935426309294996,0,0,0,1,0.4642857142857143
13.081543466215237,0.3669695732549232,0,0,0,2,0.35714285714285715
12.611541086966115,0.568805361492484,1,0,0,1,0.2857142857142857
12.154784614286667,0.3210978032009321,1,0,0,1,0.25
12.154784614286667,0.5963284235248786,1,0,0,2,0.2857142857142857
13.384729180332174,0.08721599640365323,0,1,0,1,0.10714285714285714
12.611541086966115,0.10670232432258864,0,1,0,1,0.39285714285714285
13.45883704259595,0.1357758521828082,1,1,0,1,0.14285714285714285
12.644330802262578,0.16478974674195754,0,1,0,1,0.17857142857142858
13.122365377402328,0.05504153688778389,0,0,0,1,0.07142857142857142
12.936036208848487,0.1870192065101216,0,1,0,1,0.25
12.886643575525625,0.13990431148766738,0,1,1,2,0.17857142857142858
12.971542813248437,0.1926568470497571,0,1,0,2,0.21428571428571427
12.278397958261774,0.2559598897242648,0,1,0,2,0.4642857142857143
13.217675375388819,0.3053591988954078,1,1,0,1,0.21428571428571427
12.936036208848487,0.37319895962825517,1,1,0,1,0.21428571428571427
13.017005083966255,0.3793320152844738,1,1,0,1,0.17857142857142858
12.560247968016562,0.3132674920527158,1,1,0,2,0.21428571428571427
13.270785106659046,0.14678507699576604,0,1,1,1,0.14285714285714285
12.611541086966115,0.8744076807691779,1,1,0,1,0.21428571428571427
13.997832948091215,0.27522603314694105,1,0,0,1,0.07142857142857142
11.264476926102367,0.29678576507231685,0,0,0,1,0.5
11.082157933374816,0.4587131133629053,0,0,0,2,0.6428571428571429
12.899222326086994,0.40582296249065364,1,0,0,1,0.14285714285714285
13.652992804936396,0.3440336882279276,1,0,0,1,0.14285714285714285
13.017005083966255,0.5504566534708875,1,0,0,2,0.25
14.731801689838349,0.16054660801196335,1,0,1,1,0.2857142857142857
13.567050480716235,0.3210978032009321,1,0,0,1,0.10714285714285714
12.765691290604371,0.004582589828393708,0,0,0,1,0.0
12.560247968016562,0.5504566534708875,1,0,0,2,0.25
13.171155446333852,0.44953875935210713,1,1,0,1,0.17857142857142858
13.217675375388819,0.41284134330891425,1,1,0,2,0.21428571428571427
13.270785106659046,0.3210978032009321,1,0,0,1,0.07142857142857142
11.225256725762893,0.11467483795797229,0,0,0,3,0.25
12.128116509451258,0.27522603314694105,1,0,0,3,0.39285714285714285
11.608244735642321,0.41284134330891425,0,0,0,4,0.4642857142857143
12.100717685412471,0.9174308139028161,0,0,0,2,0.5714285714285714
12.765691290604371,0.5045848834168964,1,0,0,2,0.35714285714285715
11.002116507732017,0.5779797155032821,0,0,0,2,0.5357142857142857
13.451668563394815,0.3210978032009321,1,0,0,1,0.07142857142857142
14.80876270134486,0.022931297849990137,1,0,1,1,0.03571428571428571
11.813037464800539,0.3402859646145166,0,0,0,2,0.4642857142857143
13.369225017834633,0.3210978032009321,1,0,0,2,0.17857142857142858
11.982935344196433,0.41284134330891425,0,0,0,1,0.21428571428571427
11.289794413577894,0.21100555507135355,0,0,0,2,0.5714285714285714
12.73670383776449,0.5045848834168964,1,0,0,2,0.25
11.608244735642321,0.3669695732549232,1,0,0,2,0.2857142857142857
12.429220196836383,0.41284134330891425,1,0,0,2,0.25
14.077875591662238,0.3210978032009321,1,0,0,1,0.10714285714285714
12.429220196836383,0.0,1,0,0,2,0.21428571428571427
13.017005083966255,0.8807333978596232,1,0,0,1,0.39285714285714285
12.388398368982115,0.3210978032009321,0,0,0,4,0.25
12.323860125621126,0.5504566534708875,1,0,0,2,0.4642857142857143
12.524530013005734,0.27522603314694105,0,0,0,2,0.17857142857142858
12.676079399771027,0.5504566534708875,1,0,0,2,0.2857142857142857
11.225256725762893,0.5504566534708875,0,0,0,1,0.42857142857142855
11.350418300109132,0.22935426309294996,0,0,0,2,0.4642857142857143
11.407576060361786,0.5504566534708875,1,0,0,1,0.39285714285714285
11.350418300109132,0.3669695732549232,0,0,0,2,0.4642857142857143
12.765691290604371,0.3669695732549232,1,0,0,2,0.42857142857142855
12.779875885354993,0.4587131133629053,1,0,1,2,0.39285714285714285
13.335862167174314,0.0068761783310932615,0,0,0,1,0.0
14.346139397261565,0.22935426309294996,1,0,0,1,0.07142857142857142
10.915106645867503,0.4587131133629053,1,0,0,2,0.5
11.461642696843066,0.38261643402033957,0,0,0,1,0.5
12.611541086966115,0.5504566534708875,1,0,0,2,0.32142857142857145
11.302216779257382,0.38261643402033957,0,0,0,1,0.5
13.815511557963774,0.3669695732549232,1,0,1,2,0.17857142857142858
13.73755009757506,0.22935426309294996,1,0,0,1,0.03571428571428571
13.017005083966255,0.1834824930389589,1,0,0,1,0.17857142857142858
13.304686600863562,0.06086725168464076,1,0,0,1,0.21428571428571427
11.350418300109132,0.4587131133629053,0,0,1,3,0.5
13.45883704259595,0.22935426309294996,1,0,0,1,0.14285714285714285
13.093965960493682,0.12155560346607094,0,0,0,1,0.10714285714285714
12.899222326086994,0.41284134330891425,1,0,0,1,0.25
11.695255355062795,0.4587131133629053,0,0,0,3,0.42857142857142855
12.524530013005734,0.16054660801196335,0,0,0,1,0.07142857142857142
13.270785106659046,0.26146450213074374,1,0,0,1,0.14285714285714285
12.834683971615659,0.3210978032009321,0,0,0,1,0.17857142857142858
12.345834587905333,0.4587131133629053,0,0,0,3,0.17857142857142858
11.608244735642321,0.40366698929811606,0,0,0,2,0.35714285714285715
13.304686600863562,0.27522603314694105,1,0,0,1,0.10714285714285714
11.695255355062795,0.34862086523332675,0,0,0,2,0.39285714285714285
12.206077645517674,0.4587131133629053,1,0,0,2,0.35714285714285715
13.017005083966255,0.5045848834168964,1,0,0,2,0.2857142857142857
13.217675375388819,0.3669695732549232,1,0,0,2,0.2857142857142857
12.301387370778713,0.3669695732549232,0,0,0,2,0.2857142857142857
10.596659732783579,0.13761072298496782,0,0,0,1,0.6785714285714286
12.611541086966115,0.09173895293097675,0,0,1,1,0.10714285714285714
13.353476685668044,0.1834824930389589,1,0,0,1,0.07142857142857142
13.321215875492413,0.1834824930389589,1,0,0,2,0.10714285714285714
13.399996629152975,0.03210565186078835,0,0,0,2,0.03571428571428571
12.301387370778713,0.3669695732549232,3,0,0,2,0.2857142857142857
11.835016210489899,0.41284134330891425,1,0,0,2,0.32142857142857145
12.25486757159303,0.0631608401873403,1,0,0,1,0.25
11.736077016252437,0.15595943100656426,0,1,0,1,0.5357142857142857
11.736077016252437,0.46788746737370357,0,1,0,1,0.42857142857142855
13.493928313146206,0.5045848834168964,1,0,0,1,0.21428571428571427
12.04355959836804,0.41284134330891425,0,0,0,2,0.32142857142857145
13.997832948091215,0.3210978032009321,1,0,0,3,0.17857142857142858
11.156264806643742,0.41284134330891425,0,0,0,2,0.6071428571428571
11.51293546492023,0.3210978032009321,0,0,0,2,0.4642857142857143
12.611541086966115,0.3669695732549232,0,0,0,2,0.5
13.017005083966255,0.4587131133629053,1,0,0,2,0.25
13.180634172318978,0.4587131133629053,1,0,0,1,0.17857142857142858
11.51293546492023,0.655961724595067,0,0,0,3,0.4642857142857143
12.765691290604371,0.527520768443892,0,0,0,2,0.35714285714285715
12.013706813470414,0.4587131133629053,1,0,0,2,0.32142857142857145
13.07107218827772,0.5504566534708875,1,0,0,2,0.03571428571428571
12.765691290604371,0.1926568470497571,1,0,0,1,0.25
12.345834587905333,0.17430813902816067,0,0,0,1,0.14285714285714285
13.592368256649284,0.16054660801196335,1,0,0,1,0.07142857142857142
13.07107218827772,0.5504566534708875,1,0,0,2,0.21428571428571427
12.959846800844963,0.6280074679241648,1,0,0,1,0.21428571428571427
13.399996629152975,0.444951582346708,1,0,0,2,0.17857142857142858
13.321215875492413,0.04586718287698567,0,0,1,1,0.03571428571428571
12.388398368982115,0.22935426309294996,0,0,0,3,0.25
11.156264806643742,0.27522603314694105,0,0,0,2,0.5357142857142857
13.217675375388819,0.5504566534708875,1,0,0,1,0.32142857142857145
11.51293546492023,0.5504566534708875,0,0,0,2,0.35714285714285715
12.765691290604371,0.41284134330891425,1,0,0,2,0.35714285714285715
12.206077645517674,0.5504566534708875,0,0,0,1,0.25
13.487007879880162,0.013756943839191923,0,0,1,1,0.03571428571428571
12.765691290604371,0.6100899545410758,1,0,0,1,0.21428571428571427
12.899222326086994,0.11467483795797229,0,0,0,1,0.14285714285714285
13.25339339419516,0.16054660801196335,0,0,0,1,0.10714285714285714
11.775297421715827,0.3210978032009321,0,0,0,1,0.17857142857142858
12.25486757159303,0.23852861710374818,0,0,0,1,0.14285714285714285
13.592368256649284,0.23852861710374818,1,0,0,1,0.07142857142857142
13.45883704259595,0.1788953160335598,1,0,0,1,0.10714285714285714
12.206077645517674,0.1315969339308896,1,0,0,1,0.32142857142857145
13.112315061750808,0.41284134330891425,1,0,0,2,0.21428571428571427
12.691583538230217,0.3684466442506617,1,1,0,1,0.21428571428571427
13.384729180332174,0.03669282886618746,0,0,0,1,0.03571428571428571
11.951186847493476,0.22935426309294996,1,0,0,2,0.7142857142857143
11.225256725762893,0.41284134330891425,0,0,0,2,0.4642857142857143
12.765691290604371,0.28283157262189274,1,1,0,1,0.17857142857142858
11.407576060361786,0.22935426309294996,0,0,0,3,0.35714285714285715
13.304686600863562,0.3669695732549232,1,0,0,1,0.14285714285714285
12.899222326086994,0.8486231588218295,1,0,0,1,0.35714285714285715
12.821260987319457,0.26146450213074374,1,0,0,2,0.21428571428571427
10.819798284210286,0.27522603314694105,0,0,0,1,0.7142857142857143
11.736077016252437,0.5504566534708875,0,0,0,2,0.5714285714285714
14.403297778421795,0.1192620149633714,1,0,1,1,0.07142857142857142
13.384729180332174,0.09173895293097675,0,0,1,1,0.03571428571428571
13.592368256649284,0.14036302918820728,0,0,1,1,0.10714285714285714
13.594865133730668,0.022931297849990137,0,0,0,1,0.0
14.648420115681892,0.16054660801196335,1,0,1,3,0.17857142857142858
12.971542813248437,0.16054660801196335,1,0,0,1,0.14285714285714285
13.384729180332174,0.10550048394717407,0,0,0,1,0.10714285714285714
12.04355959836804,0.5504566534708875,1,0,0,1,0.5714285714285714
12.429220196836383,0.39907981229271694,0,0,0,1,0.25
13.217675375388819,0.3302721572117303,0,0,0,2,0.21428571428571427
14.508658238524095,0.2935747411685375,1,0,1,2,0.25
11.849404844423074,0.4587131133629053,0,0,0,2,0.4642857142857143
11.951186847493476,0.05504153688778389,0,0,0,1,0.2857142857142857
11.695255355062795,0.3073362721847348,0,0,0,3,0.35714285714285715
12.567240979056246,0.3210978032009321,1,0,0,1,0.2857142857142857
13.42246945133505,0.27522603314694105,1,0,0,1,0.14285714285714285
12.367345048436391,0.3417400997252281,0,0,0,2,0.32142857142857145
12.611541086966115,0.5444933233638687,1,0,0,2,0.32142857142857145
12.983101310070822,0.1834824930389589,0,0,1,2,0.17857142857142858
11.982935344196433,0.6422001935788696,0,0,0,2,0.5
13.304686600863562,0.022931297849990137,0,0,0,1,0.0
13.060490101343552,0.4587131133629053,1,0,0,2,0.14285714285714285
12.611541086966115,0.4587131133629053,0,0,0,2,0.32142857142857145
13.304686600863562,0.009169766833792815,0,0,0,1,0.07142857142857142
13.369225017834633,0.01834412084459103,0,0,1,1,0.0
10.819798284210286,0.5504566534708875,1,0,0,4,0.5
13.304686600863562,0.16054660801196335,0,0,0,1,0.17857142857142858
12.577639650232573,0.13302354597956872,3,0,0,1,0.21428571428571427
13.304686600863562,0.13761072298496782,0,0,0,1,0.17857142857142858
12.154784614286667,0.5504566534708875,1,0,0,1,0.2857142857142857
11.982935344196433,0.5045848834168964,0,0,0,3,0.42857142857142855
12.691583538230217,0.0688030679039812,0,0,0,1,0.10714285714285714
12.206077645517674,0.3383272400332112,1,0,0,1,0.5
14.845130332288226,0.1834824930389589,1,0,1,1,0.07142857142857142
11.736077016252437,0.27522603314694105,0,0,0,3,0.32142857142857145
11.951186847493476,0.27522603314694105,0,0,0,4,0.42857142857142855
13.217675375388819,0.41284134330891425,1,0,0,1,0.17857142857142858
11.775297421715827,0.3210978032009321,0,0,0,4,0.39285714285714285
11.289794413577894,0.3210978032009321,0,0,0,2,0.6428571428571429
13.122365377402328,0.3669695732549232,1,0,0,2,0.17857142857142858
12.429220196836383,0.1238491919687705,0,0,0,1,0.03571428571428571
13.270785106659046,0.3210978032009321,1,0,0,1,0.2857142857142857
11.002116507732017,0.22935426309294996,0,0,0,1,0.6428571428571429
12.611541086966115,0.8486231588218295,1,0,0,1,0.2857142857142857
12.206077645517674,0.41284134330891425,1,0,0,2,0.21428571428571427
13.997832948091215,0.07522511571153996,1,0,0,1,0.10714285714285714
12.765691290604371,0.3669695732549232,1,0,0,2,0.17857142857142858
13.304686600863562,0.3669695732549232,1,0,0,2,0.2857142857142857
13.384729180332174,0.01834412084459103,0,0,0,1,0.03571428571428571
11.695255355062795,0.1834824930389589,0,0,0,1,0.42857142857142855
12.100717685412471,0.5504566534708875,1,0,0,2,0.35714285714285715
13.76421831620775,0.18988160496149065,0,0,1,1,0.07142857142857142
12.43320821811392,0.16054660801196335,1,0,0,2,0.2857142857142857
12.861001210669146,0.23852861710374818,1,1,0,1,0.2857142857142857
14.038654909278163,0.21559273207675264,1,1,1,2,0.39285714285714285
12.013706813470414,0.22935426309294996,0,0,0,1,0.25
13.45883704259595,0.22017990908215176,0,1,0,1,0.17857142857142858
13.527829818844937,0.2431157941091473,1,1,0,1,0.17857142857142858
11.407564949312402,0.9770641149730045,1,0,0,1,0.42857142857142855
12.577639650232573,0.0688030679039812,0,1,1,1,0.07142857142857142
10.714439990727769,0.03210565186078835,0,0,0,2,0.21428571428571427
13.42246945133505,0.40366698929811606,1,1,1,1,0.25
13.180634172318978,0.2522901481199455,1,1,0,1,0.17857142857142858
14.210926003619385,0.22017990908215176,1,1,1,1,0.21428571428571427
12.691583538230217,0.3257492006844068,1,1,0,1,0.21428571428571427
12.899222326086994,0.27522603314694105,1,1,0,1,0.17857142857142858
12.847929163278053,0.32568498020633124,1,1,0,1,0.10714285714285714
13.527829818844937,0.20641837806595442,0,1,1,1,0.14285714285714285
12.873904582205107,0.20641837806595442,0,1,0,1,0.10714285714285714
11.608244735642321,0.09173895293097675,0,0,0,1,0.39285714285714285
14.417091092943783,0.06421589089858211,1,1,0,1,0.03571428571428571
12.821260987319457,0.27522603314694105,1,1,0,1,0.17857142857142858
12.25486757159303,0.3669695732549232,1,0,0,2,0.25
12.07254696717504,0.830274450800233,1,0,0,4,0.4642857142857143
13.26212705890841,0.41077711365648467,1,0,0,2,0.2857142857142857
12.676079399771027,0.41284134330891425,1,0,0,3,0.35714285714285715
12.54254845357358,0.6857783751301612,1,0,0,3,0.35714285714285715
13.122365377402328,0.871559043848825,1,0,0,2,0.25
12.847929163278053,0.3807311042711205,1,1,0,1,0.25
11.695255355062795,0.09173895293097675,0,0,0,2,0.5357142857142857
12.886643575525625,0.09173895293097675,0,0,0,1,0.07142857142857142
12.793862088206213,0.7339437336868517,1,0,0,1,0.35714285714285715
13.019224835777257,0.4587131133629053,1,0,0,1,0.17857142857142858
12.07254696717504,0.20641837806595442,0,0,0,2,0.35714285714285715
12.04355959836804,0.20550094266487462,0,0,0,2,0.39285714285714285
11.51293546492023,0.1834824930389589,0,0,0,2,0.5
11.918397239722838,0.5504566534708875,0,0,0,3,0.21428571428571427
11.91170829631447,0.04586718287698567,1,0,0,2,0.32142857142857145
11.982935344196433,0.3669695732549232,1,0,0,2,0.32142857142857145
12.983101310070822,0.04586718287698567,0,0,0,1,0.07142857142857142
13.592368256649284,0.7155950256652553,1,0,0,1,0.21428571428571427
13.617059619240436,0.5504566534708875,1,0,0,2,0.35714285714285715
12.001511614739405,0.4587131133629053,0,0,0,2,0.4642857142857143
12.765691290604371,0.4587131133629053,1,0,0,2,0.6785714285714286
11.225256725762893,0.4587131133629053,0,0,0,2,0.5
12.100717685412471,0.27522603314694105,0,0,0,2,0.2857142857142857
13.42246945133505,0.13761072298496782,1,0,0,1,0.10714285714285714
12.899222326086994,0.7798155037408429,1,0,0,1,0.25
12.983101310070822,0.4587131133629053,1,0,0,2,0.25
11.51293546492023,0.5045848834168964,0,0,0,2,0.5
12.945628585536271,0.7798155037408429,1,0,0,2,0.17857142857142858
12.206077645517674,0.4587131133629053,0,0,0,1,0.39285714285714285
12.899222326086994,0.16054660801196335,1,0,0,1,0.21428571428571427
13.579789490265188,0.1834824930389589,1,0,0,2,0.07142857142857142
13.122365377402328,0.41284134330891425,1,0,0,2,0.17857142857142858
12.524530013005734,0.5504566534708875,1,0,0,2,0.2857142857142857
13.017005083966255,0.5504566534708875,1,0,0,2,0.2857142857142857
14.151983508870947,0.11467483795797229,1,1,0,1,0.0
13.592368256649284,0.0688030679039812,1,0,0,1,0.17857142857142858
12.660331092405906,0.188069670044358,0,1,0,1,0.21428571428571427
13.45883704259595,0.07339024490938031,0,0,0,1,0.03571428571428571
13.279368835614243,0.23394144009834908,1,1,0,1,0.14285714285714285
12.765691290604371,0.13761072298496782,0,0,0,1,0.21428571428571427
13.112315061750808,0.3669695732549232,1,1,0,1,0.21428571428571427
13.122365377402328,0.22935426309294996,0,0,0,1,0.10714285714285714
12.75130259456002,0.20183120106055533,0,1,0,1,0.25
13.122365377402328,0.04586718287698567,0,0,0,1,0.17857142857142858
12.793862088206213,0.15137225400116514,0,1,0,1,0.14285714285714285
12.25486757159303,0.11467483795797229,0,0,0,1,0.35714285714285715
12.301387370778713,0.3027490951793357,0,1,0,1,0.21428571428571427
12.429220196836383,0.22017990908215176,0,0,0,1,0.39285714285714285
13.805461232211272,0.6697232556112642,1,1,0,1,0.14285714285714285
12.301387370778713,0.4587131133629053,1,0,0,4,0.25
14.403297778421795,0.22935426309294996,1,0,1,2,0.2857142857142857
13.180634172318978,0.22935426309294996,0,0,0,1,0.21428571428571427
13.26212705890841,0.22935426309294996,1,0,0,1,0.14285714285714285
12.899222326086994,0.45412593635750625,1,1,0,1,0.2857142857142857
13.429849547739444,0.22935426309294996,1,0,0,1,0.14285714285714285
13.815511557963774,0.3669695732549232,1,0,1,1,0.21428571428571427
12.468440756144114,0.20641837806595442,0,0,0,2,0.14285714285714285
11.918397239722838,0.22935426309294996,0,0,0,2,0.35714285714285715
12.100717685412471,0.3210978032009321,0,0,0,3,0.42857142857142855
12.754196944209095,0.1720879453575475,1,0,0,1,0.21428571428571427
13.017005083966255,0.09173895293097675,1,0,0,1,0.17857142857142858
13.122365377402328,0.022931297849990137,0,0,0,1,0.03571428571428571
13.45883704259595,0.03669282886618746,1,0,0,1,0.03571428571428571
12.54254845357358,0.1187115537227235,0,0,0,1,0.03571428571428571
13.07107218827772,0.04586718287698567,0,0,1,1,0.03571428571428571
12.611541086966115,0.22935426309294996,1,0,0,1,0.39285714285714285
12.211060187041213,0.1834824930389589,0,0,0,1,0.21428571428571427
12.206077645517674,0.4587131133629053,1,0,0,3,0.39285714285714285
12.25486757159303,0.3669695732549232,0,0,0,2,0.39285714285714285
11.982935344196433,0.5045848834168964,1,0,0,1,0.2857142857142857
12.07254696717504,0.6238514855572732,1,0,0,2,0.39285714285714285
12.676079399771027,0.3669695732549232,1,0,0,1,0.2857142857142857
11.608244735642321,0.22935426309294996,0,0,0,2,0.39285714285714285
12.611541086966115,0.13761072298496782,0,0,0,1,0.42857142857142855
13.45883704259595,0.04586718287698567,0,0,0,1,0.2857142857142857
11.813037464800539,0.41284134330891425,1,0,0,4,0.39285714285714285
13.122365377402328,0.5045848834168964,1,0,0,1,0.17857142857142858
13.217675375388819,0.5504566534708875,1,0,0,2,0.2857142857142857
13.864301674514206,0.41284134330891425,1,0,0,3,0.21428571428571427
13.122365377402328,0.09173895293097675,0,0,0,1,0.14285714285714285
12.100717685412471,0.41284134330891425,1,0,0,2,0.32142857142857145
12.04355959836804,0.22935426309294996,0,0,0,2,0.35714285714285715
13.091904169919621,0.04128000587158657,0,0,0,1,0.03571428571428571
11.918397239722838,0.3210978032009321,0,0,0,2,0.32142857142857145
12.847929163278053,0.11467483795797229,0,0,0,1,0.07142857142857142
13.081543466215237,0.04586718287698567,0,0,0,1,0.03571428571428571
11.813037464800539,0.41284134330891425,1,0,0,4,0.39285714285714285
12.577639650232573,0.27522603314694105,1,0,0,2,0.32142857142857145
12.765691290604371,0.3210978032009321,0,0,0,1,0.25
11.608244735642321,0.11467483795797229,0,0,0,1,0.21428571428571427
11.156264806643742,0.3669695732549232,0,0,0,3,0.6071428571428571
12.611541086966115,0.3210978032009321,0,0,1,3,0.32142857142857145
12.100717685412471,0.27522603314694105,0,0,0,1,0.10714285714285714
12.611541086966115,0.09173895293097675,0,0,0,1,0.0
13.140205260167273,0.27522603314694105,0,0,0,1,0.10714285714285714
13.384729180332174,0.3669695732549232,1,0,0,1,0.14285714285714285
13.017005083966255,0.3210978032009321,1,0,0,3,0.17857142857142858
12.04355959836804,0.009261510373900798,1,0,0,2,0.75
12.25486757159303,0.4587131133629053,1,0,0,2,0.4642857142857143
12.793862088206213,0.3669695732549232,1,0,0,2,0.25
13.112315061750808,0.5504566534708875,1,0,0,2,0.32142857142857145
11.561725152903833,0.4587131133629053,0,0,0,3,0.5
12.506180941677357,0.27522603314694105,0,0,0,3,0.35714285714285715
11.775297421715827,0.5045848834168964,0,0,0,1,0.35714285714285715
13.45883704259595,0.41284134330891425,1,0,0,2,0.21428571428571427
12.899222326086994,0.1834824930389589,1,0,0,1,0.2857142857142857
12.429220196836383,0.27522603314694105,0,0,0,2,0.39285714285714285
12.691583538230217,0.4311900513305107,1,0,0,2,0.25
11.141876276228,0.4587131133629053,0,0,0,1,0.42857142857142855
14.137594781770806,0.11467483795797229,1,0,0,1,0.07142857142857142
11.407576060361786,0.41284134330891425,0,0,0,1,0.4642857142857143
13.815511557963774,0.1834824930389589,1,0,0,1,0.14285714285714285
11.884495917930655,0.41284134330891425,2,0,0,2,0.35714285714285715
12.429220196836383,0.005041307528933619,0,0,0,4,0.0
12.45293662970407,0.3210978032009321,1,0,0,3,0.32142857142857145
11.156264806643742,0.5504566534708875,1,0,0,1,0.5357142857142857
10.819798284210286,0.4059605778008156,0,0,0,4,0.7142857142857143
12.388398368982115,0.3210978032009321,0,0,0,2,0.14285714285714285
11.48247656671073,0.5871540695140803,0,0,0,1,0.35714285714285715
11.775297421715827,0.5504566534708875,1,0,0,1,0.2857142857142857
12.201065128819632,0.2409873439786421,0,0,0,1,0.39285714285714285
11.736077016252437,0.3210978032009321,0,0,1,1,0.5
12.948012371209098,0.27522603314694105,1,0,0,1,0.17857142857142858
13.171155446333852,0.5045848834168964,1,0,0,1,0.14285714285714285
11.736077016252437,0.38990545828191875,0,0,0,1,0.42857142857142855
12.691583538230217,0.6192643085518741,1,0,0,1,0.35714285714285715
12.706850963741102,0.3944926352873178,1,0,0,4,0.2857142857142857
11.608244735642321,0.22935426309294996,0,0,0,1,0.35714285714285715
13.017005083966255,0.00894040798352286,0,0,0,1,0.03571428571428571
11.350418300109132,0.5431171702622489,0,0,0,1,0.5357142857142857
12.345834587905333,0.3210978032009321,0,0,0,2,0.4642857142857143
12.429220196836383,0.27522603314694105,0,0,0,2,0.2857142857142857
13.384729180332174,0.3119234491901339,1,0,0,1,0.17857142857142858
13.304686600863562,0.2133312538130909,1,2,0,1,0.10714285714285714
13.384729180332174,0.029720319817980817,0,2,0,1,0.10714285714285714
13.527829818844937,0.14713828962518177,1,2,0,1,0.10714285714285714
13.652992804936396,0.08764260386515535,0,2,0,1,0.07142857142857142
12.660331092405906,0.08471598493571071,0,2,0,1,0.10714285714285714
12.936036208848487,0.12943178638434122,0,2,0,1,0.17857142857142858
13.369225017834633,0.3338822655149794,1,2,0,1,0.14285714285714285
13.567050480716235,0.14248689214170707,0,2,0,1,0.10714285714285714
14.769097459938507,0.3653227767099849,1,2,1,1,0.10714285714285714
13.652992804936396,0.269226005623879,1,2,0,1,0.17857142857142858
13.710151153416941,0.2512993178867793,1,2,0,1,0.17857142857142858
13.955273369904273,0.2942903407813797,0,2,0,1,0.14285714285714285
11.225256725762893,0.2477029711145464,0,0,0,1,0.4642857142857143
12.278397958261774,0.444951582346708,1,0,0,1,0.2857142857142857
11.775297421715827,0.5504566534708875,0,0,1,2,0.39285714285714285
12.899222326086994,0.07339024490938031,0,0,1,1,0.03571428571428571
13.217675375388819,0.27522603314694105,0,0,1,1,0.03571428571428571
12.409017571151187,0.23852861710374818,0,1,0,1,0.14285714285714285
12.676079399771027,0.5045848834168964,1,0,0,4,0.35714285714285715
13.500801182986649,0.27522603314694105,1,0,1,2,0.14285714285714285
11.695255355062795,0.4587131133629053,0,0,0,3,0.5357142857142857
13.76421831620775,0.16054660801196335,0,0,0,1,0.10714285714285714
12.765691290604371,0.22017990908215176,0,0,0,3,0.10714285714285714
11.51293546492023,0.09173895293097675,0,0,0,2,0.5357142857142857
12.765691290604371,0.13761072298496782,0,0,0,1,0.10714285714285714
11.289794413577894,0.1834824930389589,0,0,0,2,0.5357142857142857
12.821260987319457,0.27522603314694105,0,0,0,1,0.25
11.982935344196433,0.3210978032009321,0,0,0,2,0.2857142857142857
11.775297421715827,0.5504566534708875,1,0,0,1,0.39285714285714285
12.429220196836383,0.13761072298496782,0,0,0,1,0.14285714285714285
12.506180941677357,0.3669695732549232,1,0,0,2,0.2857142857142857
14.77102238760702,0.04357359437428612,1,0,1,1,0.03571428571428571
11.982935344196433,0.3669695732549232,0,0,0,1,0.25
12.345834587905333,0.3669695732549232,0,0,0,1,0.14285714285714285
13.527829818844937,0.13302354597956872,1,0,0,1,0.10714285714285714
12.180759965737863,0.5504566534708875,1,0,0,1,0.32142857142857145
12.676079399771027,0.27522603314694105,0,0,0,1,0.17857142857142858
13.910821646859095,0.09173895293097675,1,0,0,1,0.07142857142857142
12.506180941677357,0.10091330694177496,0,0,0,1,0.14285714285714285
12.611541086966115,0.22935426309294996,0,0,0,1,0.2857142857142857
12.206077645517674,0.22935426309294996,1,0,0,1,0.2857142857142857
11.695255355062795,0.37323565704429834,0,0,0,1,0.4642857142857143
11.461642696843066,0.5045848834168964,0,0,0,1,0.5
12.899222326086994,0.4587131133629053,0,0,0,1,0.25
12.971542813248437,0.09173895293097675,1,0,0,1,0.14285714285714285
12.611541086966115,0.41284134330891425,1,0,0,1,0.2857142857142857
12.765691290604371,0.3210978032009321,0,0,0,1,0.25
13.017005083966255,0.5504566534708875,1,0,0,1,0.25
12.206077645517674,0.2431157941091473,0,0,0,2,0.14285714285714285
12.429220196836383,0.13761072298496782,0,0,0,1,0.10714285714285714
12.81584093453868,0.41284134330891425,0,0,0,2,0.2857142857142857
12.81584093453868,0.41284134330891425,0,0,0,2,0.2857142857142857
11.918397239722838,0.5504566534708875,1,0,0,3,0.8214285714285714
12.100717685412471,0.27522603314694105,3,0,0,1,0.2857142857142857
13.171155446333852,0.0688030679039812,0,0,0,1,0.10714285714285714
12.765691290604371,0.6880719636328607,1,0,0,2,0.5357142857142857
13.652992804936396,0.13761072298496782,1,0,0,2,0.07142857142857142
11.225256725762893,0.2477029711145464,0,0,0,1,0.4642857142857143
11.982935344196433,0.3073362721847348,0,0,0,1,0.5357142857142857
13.122365377402328,0.1834824930389589,1,0,0,1,0.10714285714285714
11.775297421715827,0.4587131133629053,0,0,0,1,0.42857142857142855
12.765691290604371,0.4587131133629053,1,0,0,2,0.17857142857142858
11.156264806643742,0.3669695732549232,0,0,0,1,0.5357142857142857
13.527829818844937,0.6651360786058652,1,0,0,2,0.21428571428571427
13.017005083966255,0.2431157941091473,1,0,0,1,0.25
12.971542813248437,0.33485933421712943,1,0,0,3,0.17857142857142858
12.468440756144114,0.41284134330891425,1,0,0,3,0.32142857142857145
12.821260987319457,0.3669695732549232,1,0,0,3,0.25
12.345834587905333,0.4587131133629053,2,0,0,1,0.32142857142857145
11.849404844423074,0.41284134330891425,1,0,0,3,0.32142857142857145
13.45883704259595,0.9174308139028161,1,0,0,1,0.25
13.208542908506082,0.03348180496240809,0,0,0,1,0.0
12.206077645517674,0.13761072298496782,0,0,0,1,0.10714285714285714
13.122365377402328,0.5504566534708875,1,0,0,1,0.17857142857142858
11.156264806643742,0.41284134330891425,0,0,0,2,0.42857142857142855
13.270785106659046,0.11467483795797229,1,0,0,3,0.25
11.982935344196433,0.3210978032009321,2,0,0,2,0.2857142857142857
13.017005083966255,0.027518474855389243,0,0,0,1,0.07142857142857142
11.982935344196433,0.16513378501736248,0,0,0,1,0.35714285714285715
13.541075028051122,0.22476708608755086,1,0,0,1,0.14285714285714285
12.611541086966115,0.10091330694177496,0,0,0,1,0.17857142857142858
10.819798284210286,0.16054660801196335,3,0,0,2,0.7857142857142857
13.592368256649284,0.11008766095257318,1,0,0,1,0.03571428571428571
13.429849547739444,0.09173895293097675,1,0,0,1,0.07142857142857142
11.350418300109132,0.22935426309294996,3,0,0,2,0.39285714285714285
14.077875591662238,0.3210978032009321,1,0,0,1,0.14285714285714285
13.122365377402328,0.27522603314694105,0,0,0,1,0.14285714285714285
11.884495917930655,0.27522603314694105,0,0,0,1,0.42857142857142855
12.611541086966115,0.27522603314694105,1,0,0,1,0.25
13.304686600863562,0.27522603314694105,1,0,0,2,0.10714285714285714
12.899222326086994,0.3210978032009321,0,0,0,2,0.17857142857142858
11.775297421715827,0.6192643085518741,0,0,0,2,0.4642857142857143
10.714439990727769,0.33274464561764044,0,0,0,2,0.6785714285714286
13.370786295963992,0.11467483795797229,0,0,0,1,0.10714285714285714
13.384729180332174,0.22935426309294996,1,0,0,1,0.17857142857142858
13.572165574841936,0.00045871770053991073,1,1,0,0,0.0
13.361381852676738,0.00045871770053991073,0,1,0,0,0.0
13.815511557963774,0.00045871770053991073,1,1,0,0,0.0
13.112315061750808,0.2400332111615191,1,1,0,1,0.17857142857142858
12.688501881189456,0.13761072298496782,0,0,0,1,0.25
14.557448378884015,0.41974504470203994,1,1,1,1,0.14285714285714285
12.206077645517674,0.16054660801196335,0,0,0,1,0.07142857142857142
12.676079399771027,0.27522603314694105,1,0,0,1,0.17857142857142858
12.611541086966115,0.0940325414336763,0,0,0,1,0.17857142857142858
12.100717685412471,0.9174308139028161,1,0,0,1,0.25
13.122365377402328,0.7064206716544571,1,0,0,3,0.42857142857142855
12.628070334272698,0.5504566534708875,0,0,0,2,0.32142857142857145
11.736077016252437,0.22935426309294996,0,0,0,4,0.39285714285714285
13.592368256649284,0.6192643085518741,1,0,0,1,0.17857142857142858
12.948012371209098,0.4587131133629053,1,0,0,1,0.39285714285714285
13.681980308196241,0.1834824930389589,1,0,0,1,0.10714285714285714
13.270785106659046,0.3210978032009321,1,0,0,1,0.21428571428571427
12.765691290604371,0.6100899545410758,1,0,0,2,0.32142857142857145
11.695255355062795,0.5045848834168964,0,0,0,2,0.5714285714285714
11.918397239722838,0.825687273794834,1,0,0,3,0.25
13.384729180332174,0.5504566534708875,1,0,0,1,0.25
12.323860125621126,0.3669695732549232,0,0,0,2,0.35714285714285715
12.899222326086994,0.0688030679039812,0,0,1,1,0.21428571428571427
12.429220196836383,0.3210978032009321,0,0,0,1,0.5357142857142857
11.695255355062795,0.19138619901926154,0,0,0,2,0.42857142857142855
12.429220196836383,0.3210978032009321,0,0,0,1,0.35714285714285715
12.07254696717504,0.09173895293097675,0,0,0,2,0.2857142857142857
13.017005083966255,0.004582589828393708,1,1,0,2,0.25
13.28787951079572,0.12086752691526108,1,1,0,1,0.07142857142857142
12.323860125621126,0.3153408960591562,1,1,0,1,0.17857142857142858
13.710151153416941,0.21559273207675264,1,0,0,1,0.14285714285714285
12.834683971615659,0.12517488612333083,0,1,1,1,0.10714285714285714
12.676079399771027,0.11312437213014738,0,1,0,1,0.14285714285714285
13.171155446333852,0.16972096202276157,1,1,0,1,0.25
13.384729180332174,0.12956022734049238,1,1,0,1,0.21428571428571427
13.26212705890841,0.12387212785379749,1,1,0,1,0.10714285714285714
12.779875885354993,0.17993660521378538,0,1,0,1,0.21428571428571427
13.060490101343552,0.1438813939513484,1,1,0,1,0.14285714285714285
12.30592250537653,0.16058330542800656,0,1,0,1,0.42857142857142855
12.180759965737863,0.12387212785379749,0,1,0,1,0.39285714285714285
11.407576060361786,0.4587360492479323,0,1,0,2,0.5714285714285714
13.270785106659046,0.20762939279537979,1,1,0,1,0.25
12.691583538230217,0.1793219234950619,0,1,0,1,0.21428571428571427
13.112315061750808,0.20752388772425562,0,1,0,1,0.25
12.577639650232573,0.05504153688778389,0,1,0,1,0.21428571428571427
12.834683971615659,0.01269730595094473,0,1,0,1,0.07142857142857142
12.259618151783465,0.1978311827118473,1,1,0,1,0.32142857142857145
12.506180941677357,0.5045848834168964,0,0,0,2,0.35714285714285715
11.156264806643742,0.22935426309294996,0,0,0,2,0.5714285714285714
12.323860125621126,0.27522603314694105,0,0,0,2,0.35714285714285715
12.948012371209098,0.3210978032009321,1,0,0,3,0.21428571428571427
12.54254845357358,0.10208303707815174,0,0,0,1,0.17857142857142858
12.899222326086994,0.27161592484369196,0,0,0,1,0.25
13.652992804936396,0.2522901481199455,1,0,0,1,0.17857142857142858
13.217675375388819,0.3669695732549232,1,0,0,1,0.32142857142857145
13.217675375388819,0.3669695732549232,1,0,0,1,0.32142857142857145
13.815511557963774,0.1834824930389589,1,0,0,1,0.07142857142857142
12.765691290604371,0.7798155037408429,1,0,0,1,0.21428571428571427
12.765691290604371,0.7798155037408429,1,0,0,2,0.32142857142857145
12.04355959836804,0.3210978032009321,0,0,0,3,0.4642857142857143
13.627975434117433,0.004628461598447699,0,1,0,0,0.0
13.927946880948712,0.004628461598447699,0,1,0,0,0.0
13.522482219667573,0.005091766475993009,0,1,0,0,0.0
13.845070331079134,0.004628461598447699,0,1,0,0,0.0
14.103693255082613,0.004628461598447699,1,1,0,0,0.0
13.607255619143816,0.004628461598447699,0,1,0,0,0.0
14.101441848691767,0.004628461598447699,1,1,0,0,0.0
13.655342979519684,0.004628461598447699,0,1,0,0,0.0
10.714439990727769,0.5504566534708875,1,0,0,2,0.5
12.971542813248437,0.3210978032009321,1,0,0,3,0.25
11.849404844423074,0.27522603314694105,1,0,0,2,0.32142857142857145
13.629182184591333,0.3210978032009321,1,0,0,1,0.17857142857142858
12.92391243868049,0.5045848834168964,1,0,0,2,0.39285714285714285
12.154784614286667,0.3669695732549232,1,0,0,3,0.2857142857142857
12.206077645517674,0.3669695732549232,0,0,0,2,0.4642857142857143
11.695255355062795,0.5045848834168964,0,0,0,2,0.5
13.652992804936396,0.22935426309294996,1,0,0,1,0.03571428571428571
11.461642696843066,0.527520768443892,1,0,0,4,0.32142857142857145
12.269052139516223,0.3669695732549232,0,0,0,1,0.25
13.399996629152975,0.11467483795797229,1,0,0,1,0.07142857142857142
12.936036208848487,0.2246065348923619,0,1,0,1,0.10714285714285714
13.910821646859095,0.02369276923288639,0,1,0,0,0.03571428571428571
13.384729180332174,0.3499511465648925,1,1,0,1,0.2857142857142857
13.785051350479566,0.3210978032009321,1,0,1,2,0.14285714285714285
14.038654909278163,0.16054660801196335,1,0,0,1,0.14285714285714285
13.480039220276565,0.11467483795797229,1,0,1,1,0.10714285714285714
13.480039220276565,0.11467483795797229,1,0,1,1,0.10714285714285714
13.244582780038517,0.21559273207675264,1,1,0,1,0.14285714285714285
13.329379172803593,0.20993215565209014,1,0,0,2,0.25
12.201065128819632,0.3613319327152877,1,1,0,2,0.4642857142857143
12.691583538230217,0.36402001844045156,1,1,0,1,0.35714285714285715
12.92391243868049,0.1284363689741696,1,0,0,1,0.2857142857142857
13.122365377402328,0.3302721572117303,1,1,1,2,0.2857142857142857
12.323860125621126,0.3519970275093005,1,1,0,2,0.32142857142857145
11.813037464800539,0.3210978032009321,0,0,0,2,0.4642857142857143
13.527829818844937,0.3669695732549232,1,0,1,2,0.2857142857142857
11.951186847493476,0.27522603314694105,3,0,0,2,0.39285714285714285
12.721888795877375,0.35320804223872587,1,1,0,3,0.2857142857142857
11.652687407345388,0.4249744264881949,1,1,0,4,0.5357142857142857
13.457407451830088,0.4671948036458883,1,1,0,2,0.4642857142857143
11.608244735642321,0.5504566534708875,1,0,0,4,0.5714285714285714
12.611541086966115,0.3669695732549232,0,0,0,1,0.2857142857142857
13.45883704259595,0.3210978032009321,1,0,0,2,0.21428571428571427
13.45883704259595,0.5504566534708875,1,0,0,1,0.10714285714285714
12.25486757159303,0.1926568470497571,0,0,0,3,0.25
13.304686600863562,0.5504566534708875,1,0,0,3,0.2857142857142857
12.100717685412471,0.7148427286363699,1,0,0,2,0.2857142857142857
12.301387370778713,0.27063885614154193,0,0,0,2,0.32142857142857145
11.156264806643742,0.27522603314694105,0,0,0,1,0.39285714285714285
13.76421831620775,0.3210978032009321,1,0,0,2,0.07142857142857142
13.592368256649284,0.09173895293097675,1,0,0,1,0.21428571428571427
13.45883704259595,0.5504566534708875,1,0,0,3,0.2857142857142857
12.487488878546145,0.1834824930389589,0,0,0,1,0.14285714285714285
12.07254696717504,0.41284134330891425,1,0,0,3,0.32142857142857145
12.468440756144114,0.40825416630351513,1,0,0,2,0.2857142857142857
13.76421831620775,0.3669695732549232,1,0,0,3,0.25
12.429220196836383,0.9174308139028161,1,0,0,4,0.39285714285714285
13.353476685668044,0.22935426309294996,1,0,0,1,0.17857142857142858
10.463131911491967,0.16054660801196335,0,0,0,3,0.2857142857142857
13.017005083966255,0.004582589828393708,1,1,0,2,0.25
14.272936037914342,0.3944926352873178,1,1,1,1,0.25
13.190023895035274,0.24128092330698764,1,0,0,1,0.14285714285714285
12.323860125621126,0.5045848834168964,0,0,0,2,0.2857142857142857
13.217675375388819,0.09123436346038284,0,1,1,1,0.10714285714285714
13.415034483903348,0.03258271826934986,0,2,0,1,0.14285714285714285
13.345508528717259,0.05466538837334116,0,2,0,1,0.17857142857142858
13.161586013632684,0.04820664314973922,0,1,1,1,0.10714285714285714
12.384223015005313,0.188069670044358,0,1,0,1,0.14285714285714285
14.77102238760702,0.2163358547516273,1,2,1,1,0.10714285714285714
13.527829818844937,0.21088628846921317,1,2,0,1,0.17857142857142858
12.345834587905333,0.22854691993999973,0,1,0,1,0.2857142857142857
14.077875591662238,0.26834526763884237,1,1,1,1,0.25
11.289794413577894,0.2595378877884761,0,1,0,1,0.5357142857142857
12.861001210669146,0.23852861710374818,1,1,0,1,0.2857142857142857
13.541075028051122,0.2538497883017812,0,2,0,1,0.17857142857142858
13.304686600863562,0.2133312538130909,1,2,0,1,0.10714285714285714
12.706850963741102,0.9174308139028161,1,0,0,3,0.21428571428571427
11.918397239722838,0.5504566534708875,0,0,0,1,0.39285714285714285
11.561725152903833,0.41284134330891425,1,0,0,1,0.42857142857142855
12.128116509451258,0.29816191817393656,1,0,0,1,0.25
12.468440756144114,0.22935426309294996,1,0,0,1,0.21428571428571427
13.017005083966255,0.15137225400116514,1,0,0,1,0.2857142857142857
13.122365377402328,0.17430813902816067,0,0,0,1,0.14285714285714285
12.468440756144114,0.1834824930389589,0,0,0,1,0.2857142857142857
12.487488878546145,0.2522901481199455,1,0,0,2,0.2857142857142857
13.592368256649284,0.1192620149633714,1,0,0,2,0.10714285714285714
13.676248490630767,0.3669695732549232,1,0,0,1,0.14285714285714285
13.444448325847754,0.1834824930389589,0,0,0,1,0.07142857142857142
13.623139877437296,0.5504566534708875,1,0,0,1,0.32142857142857145
11.982935344196433,0.29004261487438016,0,0,0,2,0.5
12.611541086966115,0.5504566534708875,1,0,0,2,0.5
11.51293546492023,0.4587131133629053,0,0,0,3,0.5357142857142857
13.180634172318978,0.35320804223872587,1,0,0,2,0.17857142857142858
12.793862088206213,0.13761072298496782,0,0,0,1,0.14285714285714285
12.301387370778713,0.1834824930389589,0,0,0,1,0.17857142857142858
12.08954444723597,0.16054660801196335,0,0,0,1,0.10714285714285714
13.151924121391561,0.022931297849990137,1,0,0,1,0.07142857142857142
12.611541086966115,0.16054660801196335,0,0,0,1,0.21428571428571427
11.561725152903833,0.41284134330891425,1,0,0,1,0.42857142857142855
12.128116509451258,0.29816191817393656,1,0,0,1,0.25
11.918397239722838,0.3669695732549232,1,0,0,2,0.2857142857142857
12.468440756144114,0.22935426309294996,1,0,0,1,0.21428571428571427
13.017005083966255,0.15137225400116514,1,0,0,1,0.2857142857142857
13.122365377402328,0.17430813902816067,0,0,0,1,0.14285714285714285
12.468440756144114,0.1834824930389589,0,0,0,1,0.2857142857142857
12.487488878546145,0.2522901481199455,1,0,0,2,0.2857142857142857
13.527829818844937,0.0688030679039812,0,0,0,1,0.10714285714285714
13.592368256649284,0.1192620149633714,1,0,0,2,0.10714285714285714
13.676248490630767,0.3669695732549232,1,0,0,1,0.14285714285714285
13.76421831620775,0.3669695732549232,1,0,0,1,0.2857142857142857
13.444448325847754,0.1834824930389589,0,0,0,1,0.07142857142857142
13.623139877437296,0.5504566534708875,1,0,0,1,0.32142857142857145
12.04355959836804,0.3210978032009321,0,0,0,1,0.25
11.982935344196433,0.29004261487438016,0,0,0,2,0.5
12.611541086966115,0.5504566534708875,1,0,0,2,0.5
12.660331092405906,0.20641837806595442,0,0,0,2,0.17857142857142858
11.407576060361786,0.1834824930389589,0,0,0,2,0.5
11.51293546492023,0.4587131133629053,0,0,0,3,0.5357142857142857
11.082157933374816,0.5045848834168964,0,0,0,3,0.42857142857142855
12.650761671914688,0.41284134330891425,1,0,0,2,0.2857142857142857
13.45883704259595,0.11467483795797229,1,0,0,1,0.07142857142857142
11.918397239722838,0.21559273207675264,0,0,0,1,0.5357142857142857
13.017005083966255,0.27522603314694105,1,0,0,1,0.25
12.345834587905333,0.5504566534708875,1,0,0,2,0.35714285714285715
11.6172944892629,0.5504566534708875,1,0,0,1,0.42857142857142855
12.429220196836383,0.6422001935788696,1,0,0,2,0.2857142857142857
13.527829818844937,0.004587177005399107,1,1,0,1,0.03571428571428571
13.559328444560693,0.008059669998486231,0,1,1,1,0.10714285714285714
13.47442911525415,0.006655993834834104,0,1,1,1,0.07142857142857142
13.304686600863562,0.16110624360662204,1,1,0,1,0.10714285714285714
13.02805489573287,0.4248643342400653,1,1,0,1,0.17857142857142858
12.323860125621126,0.4229239583667815,0,1,0,2,0.17857142857142858
13.384729180332174,0.022931297849990137,1,0,0,1,0.03571428571428571
12.206077645517674,0.22935426309294996,0,0,0,1,0.25
13.681980308196241,0.33944651122252856,1,0,1,1,0.14285714285714285
13.527829818844937,0.1834824930389589,1,0,1,1,0.10714285714285714
13.493928313146206,0.10091330694177496,1,0,1,1,0.03571428571428571
11.51293546492023,0.4587131133629053,0,0,0,2,0.4642857142857143
13.910821646859095,0.1834824930389589,1,0,0,1,0.03571428571428571
14.80876270134486,0.13761072298496782,1,0,1,1,0.10714285714285714
12.54254845357358,0.10550048394717407,0,0,0,1,0.14285714285714285
11.918397239722838,0.13761072298496782,1,0,0,1,0.39285714285714285
12.206077645517674,0.22935426309294996,0,0,0,1,0.35714285714285715
11.904974309480183,0.4587131133629053,1,0,0,2,0.35714285714285715
12.449018824140563,0.3210978032009321,0,0,0,2,0.32142857142857145
12.793862088206213,0.27522603314694105,0,0,0,2,0.25
11.461642696843066,0.41284134330891425,0,0,0,2,0.5
12.128116509451258,0.1834824930389589,1,0,0,1,0.2857142857142857
12.611541086966115,0.0688030679039812,0,0,0,1,0.03571428571428571
13.592368256649284,0.1834824930389589,0,0,0,1,0.07142857142857142
11.002116507732017,0.22935426309294996,0,0,0,1,0.7142857142857143
11.289794413577894,0.22935426309294996,0,0,0,2,0.35714285714285715
13.122365377402328,0.03669282886618746,0,0,0,1,0.07142857142857142
12.429220196836383,0.16054660801196335,0,0,0,1,0.25
12.429220196836383,0.3669695732549232,1,0,0,1,0.35714285714285715
11.736077016252437,0.22935426309294996,0,0,0,2,0.5357142857142857
11.51293546492023,0.3669695732549232,0,0,0,4,0.6428571428571429
13.081543466215237,0.41284134330891425,1,0,0,1,0.35714285714285715
12.676079399771027,0.13761072298496782,0,0,0,2,0.07142857142857142
11.775297421715827,0.3210978032009321,0,0,0,2,0.35714285714285715
10.950824090522445,0.3669695732549232,1,0,0,2,0.5
11.225256725762893,0.27522603314694105,0,0,0,1,0.5357142857142857
11.002116507732017,0.16054660801196335,0,0,0,1,0.6071428571428571
11.736077016252437,0.3210978032009321,0,0,0,1,0.42857142857142855
11.561725152903833,0.4587131133629053,0,0,0,3,0.5714285714285714
11.736077016252437,0.697246317643659,3,0,0,2,0.42857142857142855
11.141876276228,0.3210978032009321,0,0,0,2,0.7857142857142857
11.775297421715827,0.41284134330891425,1,0,0,2,0.2857142857142857
13.353476685668044,0.1834824930389589,0,0,0,1,0.03571428571428571
12.706850963741102,0.22935426309294996,0,0,0,2,0.14285714285714285
12.73670383776449,0.0688030679039812,0,0,0,2,0.21428571428571427
11.002116507732017,0.5504566534708875,0,0,0,3,0.5
13.217675375388819,0.3592722902398635,1,0,0,1,0.21428571428571427
13.081543466215237,0.5045848834168964,1,0,0,2,0.21428571428571427
12.660331092405906,0.3669695732549232,1,0,0,2,0.25
12.013706813470414,0.5504566534708875,1,0,0,1,0.2857142857142857
12.04355959836804,0.573392538497883,0,0,0,1,0.14285714285714285
13.217675375388819,0.03669282886618746,0,0,0,1,0.07142857142857142
13.049794835104816,0.059628713893183,0,0,0,1,0.07142857142857142
11.695255355062795,0.3669695732549232,1,0,0,3,0.2857142857142857
12.301387370778713,0.2491204088092147,0,0,0,1,0.42857142857142855
12.100717685412471,0.3210978032009321,1,0,0,2,0.32142857142857145
11.918397239722838,0.15871173720980372,0,0,0,3,0.5
13.161586013632684,0.11467483795797229,0,0,0,1,0.14285714285714285
12.971542813248437,0.3669695732549232,1,0,0,3,0.25
12.611541086966115,0.2522901481199455,1,0,0,2,0.39285714285714285
13.815511557963774,0.022931297849990137,1,0,0,1,0.0
13.493928313146206,0.13761072298496782,1,0,0,1,0.10714285714285714
13.122365377402328,0.14219789999036692,1,0,0,1,0.32142857142857145
12.429220196836383,0.22935426309294996,0,0,0,1,0.32142857142857145
13.45883704259595,0.1753035564383323,1,0,0,1,0.07142857142857142
12.128116509451258,0.22935426309294996,0,0,0,3,0.32142857142857145
12.206077645517674,0.5504566534708875,1,0,0,1,0.32142857142857145
12.660331092405906,0.5045848834168964,1,0,0,3,0.5714285714285714
13.910821646859095,0.1834824930389589,1,0,0,1,0.03571428571428571
10.859018228147887,0.22935426309294996,0,0,0,3,0.6785714285714286
13.304686600863562,0.04586718287698567,0,0,0,1,0.10714285714285714
14.346139397261565,0.04586718287698567,1,0,0,1,0.03571428571428571
13.019224835777257,0.4587131133629053,1,0,0,1,0.17857142857142858
12.821260987319457,0.27522603314694105,0,0,0,1,0.14285714285714285
14.80876270134486,0.13761072298496782,1,0,1,1,0.10714285714285714
12.54254845357358,0.10550048394717407,0,0,0,1,0.14285714285714285
12.765691290604371,0.13761072298496782,0,0,0,1,0.10714285714285714
12.429220196836383,0.22935426309294996,0,0,0,1,0.32142857142857145
12.230765258120545,0.11467483795797229,0,0,0,2,0.21428571428571427
13.122365377402328,0.0688030679039812,0,0,0,1,0.03571428571428571
11.918397239722838,0.13761072298496782,1,0,0,1,0.39285714285714285
12.07254696717504,0.20641837806595442,0,0,0,2,0.35714285714285715
12.04355959836804,0.20550094266487462,0,0,0,2,0.39285714285714285
12.206077645517674,0.22935426309294996,0,0,0,1,0.35714285714285715
13.592368256649284,0.23852861710374818,1,0,0,1,0.07142857142857142
13.997832948091215,0.22935426309294996,1,0,1,1,0.10714285714285714
12.899222326086994,0.16054660801196335,0,0,0,2,0.42857142857142855
11.904974309480183,0.4587131133629053,1,0,0,2,0.35714285714285715
12.206077645517674,0.4587131133629053,1,0,0,1,0.21428571428571427
12.556733038263905,0.1834824930389589,1,0,0,2,0.14285714285714285
11.289794413577894,0.27522603314694105,0,0,0,3,0.4642857142857143
12.04355959836804,0.35320804223872587,0,0,0,1,0.21428571428571427
11.918397239722838,0.27522603314694105,0,0,0,1,0.32142857142857145
11.608244735642321,0.35354290616012,0,0,0,2,0.35714285714285715
12.899222326086994,0.3210978032009321,1,0,0,1,0.14285714285714285
12.524530013005734,0.41284134330891425,3,0,0,2,0.25
13.592368256649284,0.8532103358272286,1,0,0,3,0.25
13.217675375388819,0.41284134330891425,1,0,0,1,0.21428571428571427
11.736077016252437,0.4587131133629053,0,0,0,2,0.4642857142857143
11.813037464800539,0.3669695732549232,0,0,0,2,0.35714285714285715
12.762830066509972,0.6880719636328607,1,0,0,1,0.2857142857142857
13.034626646500051,0.3669695732549232,1,0,0,1,0.21428571428571427
12.611541086966115,0.16054660801196335,0,0,0,1,0.07142857142857142
11.461642696843066,0.3210978032009321,0,0,0,1,0.42857142857142855
13.652992804936396,0.22935426309294996,1,0,0,1,0.07142857142857142
13.527829818844937,0.11467483795797229,1,0,0,1,0.03571428571428571
12.154784614286667,0.5504566534708875,1,0,0,1,0.25
11.918397239722838,0.3210978032009321,0,0,0,1,0.39285714285714285
11.652687407345388,0.48623617539529995,0,0,0,3,0.39285714285714285
12.676079399771027,0.5504566534708875,0,0,0,3,0.35714285714285715
12.611541086966115,0.5504566534708875,2,0,0,1,0.03571428571428571
12.524530013005734,0.7339437336868517,0,0,0,1,0.14285714285714285
11.849404844423074,0.5504566534708875,0,0,0,2,0.35714285714285715
13.629182184591333,0.04586718287698567,0,0,0,1,0.0
12.847929163278053,0.22935426309294996,0,0,0,1,0.25
11.918397239722838,0.41284134330891425,0,0,0,2,0.35714285714285715
10.819798284210286,0.3210978032009321,0,0,0,1,0.42857142857142855
11.951186847493476,0.4587131133629053,1,0,0,1,0.42857142857142855
11.951186847493476,0.4587131133629053,1,0,0,1,0.42857142857142855
12.611541086966115,0.3669695732549232,0,0,0,1,0.35714285714285715
12.611541086966115,0.0760691562805334,0,1,0,1,0.07142857142857142
12.861001210669146,0.17430813902816067,1,1,0,1,0.14285714285714285
12.30592250537653,0.23394144009834908,0,1,0,1,0.35714285714285715
12.850557278777309,0.17430813902816067,1,1,0,1,0.14285714285714285
12.43320821811392,0.16054660801196335,0,1,0,1,0.17857142857142858
11.002116507732017,0.5504566534708875,0,0,0,3,0.6428571428571429
12.847929163278053,0.17430813902816067,1,1,0,1,0.14285714285714285
12.100717685412471,0.6605489016004661,1,0,0,3,0.42857142857142855
13.529162262303307,0.2935747411685375,1,1,0,1,0.10714285714285714
14.038654909278163,0.27522603314694105,1,1,1,1,0.17857142857142858
12.345834587905333,0.29816191817393656,0,1,0,1,0.21428571428571427
14.038654909278163,0.11008766095257318,1,0,0,1,0.03571428571428571
13.569611298299009,0.2660516791361428,1,1,0,2,0.21428571428571427
13.567050480716235,0.2660516791361428,1,1,0,2,0.21428571428571427
12.409017571151187,0.3119234491901339,0,1,0,1,0.14285714285714285
12.679199517372098,0.37273565475070985,1,1,0,1,0.32142857142857145
13.142166004700508,0.20183120106055533,1,1,0,1,0.10714285714285714
11.608244735642321,0.20641837806595442,0,1,0,1,0.17857142857142858
12.899222326086994,0.3440336882279276,1,1,0,1,0.25
12.821260987319457,0.41284134330891425,0,0,0,1,0.25
12.07254696717504,0.3669695732549232,1,0,0,2,0.4642857142857143
13.815511557963774,0.16054660801196335,0,0,1,2,0.7857142857142857
11.438212694578302,0.11467483795797229,0,0,0,2,0.25
12.581081982573842,0.41284134330891425,1,0,0,1,0.21428571428571427
11.438212694578302,0.11467483795797229,0,0,0,2,0.25
12.721888795877375,0.5045848834168964,1,0,0,3,0.25
12.04355959836804,0.16054660801196335,0,0,0,1,0.25
12.59473402514672,0.04586718287698567,0,0,0,1,0.03571428571428571
12.834683971615659,0.04586718287698567,0,0,0,1,0.03571428571428571
12.278397958261774,0.3210978032009321,0,0,0,2,0.2857142857142857
11.918397239722838,0.5045848834168964,1,0,0,2,0.39285714285714285
11.002116507732017,0.022931297849990137,0,0,0,2,0.6071428571428571
10.859018228147887,0.5504566534708875,0,0,0,3,0.5
11.289794413577894,0.41284134330891425,3,0,0,2,0.39285714285714285
11.849404844423074,0.3210978032009321,0,0,0,2,0.2857142857142857
11.695255355062795,0.41284134330891425,0,0,0,2,0.42857142857142855
11.608244735642321,0.5504566534708875,1,0,0,3,0.5
12.54254845357358,0.5045848834168964,1,0,0,4,0.2857142857142857
13.017005083966255,0.22935426309294996,1,0,0,2,0.14285714285714285
13.955273369904273,0.2660516791361428,1,0,0,1,0.07142857142857142
13.384729180332174,0.0688030679039812,1,0,0,1,0.07142857142857142
12.611541086966115,0.27522603314694105,0,0,0,2,0.17857142857142858
11.19822841866684,0.26146450213074374,0,0,0,1,0.17857142857142858
12.899222326086994,0.39907981229271694,1,0,0,3,0.17857142857142858
12.611541086966115,0.3210978032009321,0,0,0,1,0.10714285714285714
12.611541086966115,0.13761072298496782,0,0,1,2,0.2857142857142857
13.017005083966255,0.3669695732549232,1,0,0,1,0.2857142857142857
12.206077645517674,0.4587131133629053,0,0,0,2,0.39285714285714285
13.270785106659046,0.1834824930389589,0,0,0,1,0.03571428571428571
13.217675375388819,0.017963385153142903,0,0,0,1,0.10714285714285714
12.154784614286667,0.7339437336868517,1,0,0,2,0.4642857142857143
13.017005083966255,0.16054660801196335,1,0,0,1,0.10714285714285714
12.301387370778713,0.3210978032009321,0,0,0,1,0.21428571428571427
12.644330802262578,0.31682714140890555,0,1,0,1,0.2857142857142857
13.384729180332174,0.06192230239588255,0,0,0,1,0.03571428571428571
12.611541086966115,0.2709094995848605,0,1,0,1,0.21428571428571427
12.206077645517674,0.3210978032009321,0,0,0,1,0.25
12.560247968016562,0.17907421593677036,0,1,0,1,0.2857142857142857
12.721888795877375,0.15152363084234333,0,1,0,1,0.21428571428571427
12.821260987319457,0.25306079385685254,0,0,0,2,0.32142857142857145
12.834683971615659,0.18825774430157938,0,1,0,1,0.25
12.367345048436391,0.30764361304409654,0,1,0,1,0.39285714285714285
12.75130259456002,0.303051848861692,0,1,1,1,0.25
12.807655372286902,0.3765200757801641,1,1,0,1,0.25
12.899222326086994,0.22017990908215176,0,0,0,1,0.21428571428571427
12.429220196836383,0.13761072298496782,0,0,0,1,0.17857142857142858
13.049794835104816,0.32141890559131003,1,1,1,1,0.2857142857142857
12.611541086966115,0.04586718287698567,0,0,0,1,0.10714285714285714
13.39239204133378,0.11467483795797229,0,0,0,1,0.07142857142857142
12.765691290604371,0.13761072298496782,2,0,0,2,0.14285714285714285
13.122365377402328,0.22935426309294996,0,1,1,1,0.17857142857142858
13.049794835104816,0.2892765563144785,0,1,1,1,0.17857142857142858
12.479913113434042,0.3210978032009321,1,0,0,1,0.42857142857142855
12.429220196836383,0.41284134330891425,0,0,0,1,0.2857142857142857
11.002116507732017,0.41284134330891425,0,0,0,4,0.75
11.156264806643742,0.41284134330891425,0,0,0,3,0.5357142857142857
12.429220196836383,0.13761072298496782,0,0,0,1,0.14285714285714285
12.345834587905333,0.3669695732549232,0,0,0,1,0.14285714285714285
12.180759965737863,0.5504566534708875,1,0,0,1,0.32142857142857145
12.506180941677357,0.10091330694177496,0,0,0,1,0.14285714285714285
13.384729180332174,0.6422001935788696,1,0,0,1,0.10714285714285714
12.821260987319457,0.3669695732549232,1,0,0,2,0.21428571428571427
13.142166004700508,0.1834824930389589,1,0,0,1,0.14285714285714285
12.54254845357358,0.15137225400116514,0,0,0,1,0.32142857142857145
12.100717685412471,0.1834824930389589,0,0,0,1,0.35714285714285715
12.611541086966115,0.048160771379685226,0,0,0,1,0.07142857142857142
12.899222326086994,0.4908233524006991,1,0,0,1,0.25
12.25486757159303,0.27522603314694105,0,0,0,2,0.35714285714285715
11.407576060361786,0.5504566534708875,0,0,0,2,0.5
12.310437165348775,0.3210978032009321,0,0,0,1,0.35714285714285715
12.388398368982115,0.22935426309294996,0,0,0,2,0.17857142857142858
13.017005083966255,0.3210978032009321,1,0,0,2,0.25
13.384729180332174,0.027518474855389243,0,0,0,1,0.10714285714285714
12.206077645517674,0.357795219244125,1,1,0,2,0.35714285714285715
12.25486757159303,0.3302721572117303,1,1,0,3,0.32142857142857145
11.225256725762893,0.043702035330437296,0,1,0,1,0.32142857142857145
13.017005083966255,0.6201817439529539,1,1,0,1,0.32142857142857145
12.301387370778713,0.2660516791361428,0,1,0,2,0.32142857142857145
12.691583538230217,0.357795219244125,1,1,0,2,0.25
13.017005083966255,0.20641837806595442,0,0,0,1,0.07142857142857142
13.623139877437296,0.16054660801196335,1,0,0,1,0.10714285714285714
11.736077016252437,0.34862086523332675,0,1,0,3,0.4642857142857143
12.983101310070822,0.4587131133629053,1,0,0,3,0.17857142857142858
13.091904169919621,0.45412593635750625,1,0,0,2,0.32142857142857145
12.07254696717504,0.3669695732549232,1,0,0,3,0.39285714285714285
12.301387370778713,0.5504566534708875,0,0,0,3,0.5
14.038654909278163,0.005041307528933619,0,1,0,1,0.0
12.278397958261774,0.15595943100656426,0,1,0,1,0.10714285714285714
13.345508528717259,0.3119234491901339,1,1,0,1,0.21428571428571427
13.329379172803593,0.0688030679039812,1,0,0,1,0.07142857142857142
11.775297421715827,0.2660516791361428,1,1,0,1,0.2857142857142857
12.07254696717504,0.2307304161945697,1,0,0,1,0.25
11.918397239722838,0.3210978032009321,1,0,0,2,0.32142857142857145
12.180759965737863,0.27522603314694105,1,0,0,3,0.32142857142857145
13.217675375388819,0.41284134330891425,1,0,0,1,0.0
14.220976332738882,0.1834824930389589,1,0,0,1,0.07142857142857142
12.899222326086994,0.3669695732549232,0,0,0,2,0.35714285714285715
14.115615891155079,0.0688030679039812,1,0,0,1,0.03571428571428571
12.28765724080691,0.20641837806595442,0,0,0,1,0.17857142857142858
12.577639650232573,0.5963284235248786,1,0,0,2,0.32142857142857145
13.45883704259595,0.3669695732549232,1,0,0,1,0.07142857142857142
12.07254696717504,0.1834824930389589,0,0,0,1,0.21428571428571427
13.26212705890841,0.3669695732549232,1,0,0,1,0.10714285714285714
12.847929163278053,0.4587131133629053,1,0,0,2,0.14285714285714285
12.765691290604371,0.6955215390896289,1,0,0,2,0.25
13.017005083966255,0.7339437336868517,1,0,0,1,0.2857142857142857
11.775297421715827,0.5045848834168964,2,0,0,2,0.5357142857142857
12.676079399771027,0.3432079963669558,1,0,0,1,0.17857142857142858
13.217675375388819,0.3761439272657214,1,0,0,1,0.21428571428571427
12.821260987319457,0.22935426309294996,0,0,0,2,0.17857142857142858
11.652687407345388,0.3210978032009321,0,0,0,2,0.35714285714285715
13.910821646859095,0.004582589828393708,0,0,0,1,0.0
12.04355959836804,0.7798155037408429,1,0,0,1,0.5
11.289794413577894,0.6880719636328607,1,0,0,3,0.42857142857142855
13.76421831620775,0.07797742191477942,1,0,0,1,0.03571428571428571
12.959846800844963,0.6880719636328607,1,0,0,1,0.21428571428571427
13.122365377402328,0.3669695732549232,1,0,0,1,0.17857142857142858
11.156264806643742,0.7798155037408429,0,0,0,3,0.5357142857142857
12.762830066509972,0.5504566534708875,1,0,0,1,0.25
12.706850963741102,0.41284134330891425,0,0,0,3,0.2857142857142857
11.695255355062795,0.41284134330891425,0,0,0,3,0.35714285714285715
12.971542813248437,0.4587131133629053,1,0,0,2,0.25
12.873904582205107,0.41284134330891425,1,0,0,1,0.21428571428571427
12.323860125621126,0.5917412465194795,1,0,0,1,0.2857142857142857
12.765691290604371,0.8532103358272286,1,0,1,2,0.35714285714285715
11.51293546492023,0.3063179188895362,1,0,0,1,0.39285714285714285
12.154784614286667,0.22935426309294996,0,0,0,1,0.21428571428571427
12.660331092405906,0.5045848834168964,1,0,0,2,0.21428571428571427
12.611541086966115,0.27522603314694105,1,0,0,2,0.17857142857142858
12.54254845357358,0.1834824930389589,0,0,0,1,0.14285714285714285
14.316286451937186,0.2522901481199455,1,1,0,1,0.10714285714285714
12.59473402514672,0.09632612993637585,0,1,0,2,0.17857142857142858
14.53335083891935,0.30441424043229554,0,1,1,2,0.2857142857142857
14.204169225721929,0.05366538378616416,0,1,1,1,0.07142857142857142
13.910821646859095,0.04586718287698567,0,0,1,1,0.10714285714285714
13.415034483903348,0.03258271826934986,0,2,0,1,0.14285714285714285
13.527829818844937,0.21088628846921317,1,2,0,1,0.17857142857142858
13.541075028051122,0.2538497883017812,0,2,0,1,0.17857142857142858
13.652992804936396,0.09173895293097675,0,1,1,2,0.10714285714285714
12.873904582205107,0.28249670870049864,1,2,0,1,0.17857142857142858
13.017005083966255,0.18079899449080042,0,2,1,2,0.14285714285714285
12.959846800844963,0.13602355974109973,0,2,0,1,0.21428571428571427
13.554147092530322,0.2966573241161657,1,2,0,1,0.14285714285714285
13.955273369904273,0.2506112413359694,1,2,1,2,0.17857142857142858
13.560619598657233,0.30513901439914864,0,2,0,1,0.17857142857142858
13.487007879880162,0.013756943839191923,0,0,1,1,0.03571428571428571
14.360738188157574,0.1099683943504328,1,1,1,2,0.07142857142857142
13.197472705176983,0.04586718287698567,0,0,0,1,0.07142857142857142
12.948012371209098,0.22935426309294996,0,0,0,1,0.10714285714285714
11.350418300109132,0.3210978032009321,0,0,0,3,0.6785714285714286
11.863589378812122,0.33485933421712943,0,0,0,4,0.5714285714285714
12.100717685412471,0.34862086523332675,0,0,0,2,0.21428571428571427
12.899222326086994,0.5504566534708875,1,0,0,2,0.21428571428571427
12.793862088206213,0.7798155037408429,1,0,1,3,0.39285714285714285
11.350418300109132,0.5045848834168964,0,0,0,2,0.6071428571428571
12.765691290604371,0.290822434965298,0,0,0,1,0.14285714285714285
12.847929163278053,0.11467483795797229,0,0,0,1,0.17857142857142858
11.849404844423074,0.3669695732549232,0,0,0,3,0.39285714285714285
12.206077645517674,0.41284134330891425,0,0,0,1,0.2857142857142857
11.918397239722838,0.7201822026706545,0,0,0,1,0.32142857142857145
11.918397239722838,0.3669695732549232,1,0,0,2,0.2857142857142857
11.407576060361786,0.1834824930389589,0,0,0,2,0.5
12.611541086966115,0.4587131133629053,1,0,0,2,0.4642857142857143
12.54254845357358,0.22935426309294996,0,0,0,1,0.10714285714285714
12.206077645517674,0.1834824930389589,0,0,0,1,0.32142857142857145
11.608244735642321,0.17660172753086023,0,0,0,2,0.39285714285714285
11.849404844423074,0.47669943440107526,0,0,0,2,0.42857142857142855
13.864301674514206,0.04586718287698567,1,0,0,1,0.0
13.955273369904273,0.06800031192803636,0,1,0,1,0.07142857142857142
13.721200977393528,0.19897338978619167,1,1,0,1,0.14285714285714285
11.982935344196433,0.4692957307143611,1,1,0,1,0.35714285714285715
11.561725152903833,0.36238239624952406,0,0,0,2,0.5714285714285714
13.997832948091215,0.6192643085518741,1,0,1,3,0.21428571428571427
12.611541086966115,0.048160771379685226,0,0,0,1,0.07142857142857142
11.156264806643742,0.41284134330891425,0,0,0,4,0.5714285714285714
11.982935344196433,0.5045848834168964,1,0,0,1,0.2857142857142857
11.982935344196433,0.22935426309294996,1,0,0,1,0.2857142857142857
12.323860125621126,0.3669695732549232,1,0,0,1,0.25
13.579789490265188,0.08977105399566053,1,1,0,1,0.07142857142857142
11.884495917930655,0.4587131133629053,0,0,0,1,0.6428571428571429
13.997832948091215,0.1357758521828082,0,1,0,1,0.07142857142857142
13.742940940397677,0.09173895293097675,1,0,0,1,0.07142857142857142
12.25486757159303,0.13761072298496782,0,0,0,1,0.14285714285714285
11.608244735642321,0.7064206716544571,1,0,0,3,0.42857142857142855
12.07254696717504,0.3210978032009321,0,0,0,1,0.32142857142857145
13.76421831620775,0.0688030679039812,1,0,1,1,0.07142857142857142
13.384729180332174,0.1834824930389589,1,0,0,1,0.10714285714285714
13.217675375388819,0.23394144009834908,0,0,0,1,0.03571428571428571
11.350418300109132,0.5504566534708875,0,0,0,2,0.42857142857142855
12.73670383776449,0.22935426309294996,0,0,0,1,0.03571428571428571
13.623139877437296,0.06192230239588255,1,0,0,1,0.10714285714285714
13.142166004700508,0.16054660801196335,0,0,0,1,0.14285714285714285
13.017005083966255,0.004582589828393708,1,1,0,2,0.25
14.272936037914342,0.3944926352873178,1,1,1,1,0.25
13.190023895035274,0.24128092330698764,1,0,0,1,0.14285714285714285
12.323860125621126,0.5045848834168964,0,0,0,2,0.2857142857142857
13.217675375388819,0.09123436346038284,0,1,1,1,0.10714285714285714
13.415034483903348,0.03258271826934986,0,2,0,1,0.14285714285714285
13.345508528717259,0.05466538837334116,0,2,0,1,0.17857142857142858
13.161586013632684,0.04820664314973922,0,1,1,1,0.10714285714285714
12.384223015005313,0.188069670044358,0,1,0,1,0.14285714285714285
14.77102238760702,0.2163358547516273,1,2,1,1,0.10714285714285714
13.527829818844937,0.21088628846921317,1,2,0,1,0.17857142857142858
12.345834587905333,0.22854691993999973,0,1,0,1,0.2857142857142857
14.077875591662238,0.26834526763884237,1,1,1,1,0.25
11.289794413577894,0.2595378877884761,0,1,0,1,0.5357142857142857
12.861001210669146,0.23852861710374818,1,1,0,1,0.2857142857142857
13.541075028051122,0.2538497883017812,0,2,0,1,0.17857142857142858
13.304686600863562,0.2133312538130909,1,2,0,1,0.10714285714285714
13.017005083966255,0.004582589828393708,1,1,0,2,0.25
14.272936037914342,0.3944926352873178,1,1,1,1,0.25
13.190023895035274,0.24128092330698764,1,0,0,1,0.14285714285714285
12.323860125621126,0.5045848834168964,0,0,0,2,0.2857142857142857
13.217675375388819,0.09123436346038284,0,1,1,1,0.10714285714285714
13.415034483903348,0.03258271826934986,0,2,0,1,0.14285714285714285
13.345508528717259,0.05466538837334116,0,2,0,1,0.17857142857142858
13.161586013632684,0.04820664314973922,0,1,1,1,0.10714285714285714
12.384223015005313,0.188069670044358,0,1,0,1,0.14285714285714285
14.77102238760702,0.2163358547516273,1,2,1,1,0.10714285714285714
13.527829818844937,0.21088628846921317,1,2,0,1,0.17857142857142858
12.345834587905333,0.22854691993999973,0,1,0,1,0.2857142857142857
14.077875591662238,0.26834526763884237,1,1,1,1,0.25
11.289794413577894,0.2595378877884761,0,1,0,1,0.5357142857142857
12.861001210669146,0.23852861710374818,1,1,0,1,0.2857142857142857
13.541075028051122,0.2538497883017812,0,2,0,1,0.17857142857142858
13.304686600863562,0.2133312538130909,1,2,0,1,0.10714285714285714
13.384729180332174,0.3210978032009321,1,0,0,1,0.10714285714285714
11.849404844423074,0.27522603314694105,0,0,0,2,0.32142857142857145
11.918397239722838,0.3210978032009321,0,0,0,1,0.32142857142857145
13.017005083966255,0.04586718287698567,0,0,0,2,0.07142857142857142
12.899222326086994,0.27522603314694105,0,0,0,1,0.10714285714285714
12.611541086966115,0.13761072298496782,0,0,0,1,0.14285714285714285
12.429220196836383,0.03669282886618746,0,0,0,1,0.2857142857142857
13.122365377402328,0.04586718287698567,0,0,0,1,0.03571428571428571
11.350418300109132,0.4587131133629053,1,0,0,3,0.6428571428571429
12.611541086966115,0.5045848834168964,1,0,0,1,0.2857142857142857
11.289794413577894,0.2595378877884761,0,1,0,1,0.5357142857142857
13.51440681653079,0.20641837806595442,1,1,1,1,0.17857142857142858
11.156264806643742,0.31421703769283343,0,1,0,1,0.5357142857142857
13.091904169919621,0.022963408089027932,0,1,1,1,0.03571428571428571
12.00762780434872,0.13761072298496782,0,0,0,1,0.25
11.849404844423074,0.3210978032009321,0,0,1,1,0.42857142857142855
13.81451105863119,0.22751939229079032,1,1,1,1,0.32142857142857145
10.933124826700707,0.10550048394717407,0,0,0,2,0.5357142857142857
13.864301674514206,0.13761072298496782,1,1,1,1,0.5
12.154784614286667,0.17430813902816067,0,1,0,1,0.35714285714285715
12.367345048436391,0.19770274175569613,0,1,0,1,0.32142857142857145
12.765691290604371,0.046651590144908925,0,1,0,1,0.10714285714285714
13.049794835104816,0.18863389281602208,1,1,0,1,0.17857142857142858
14.45736497045232,0.09228023981761384,0,1,1,1,0.10714285714285714
13.017005083966255,0.1834824930389589,1,1,0,1,0.21428571428571427
13.579789490265188,0.24090018761553952,1,1,0,1,0.17857142857142858
13.710151153416941,0.09173895293097675,1,0,0,1,0.03571428571428571
13.017005083966255,0.4546626360671379,1,1,0,1,0.21428571428571427
11.813037464800539,0.41284134330891425,0,0,0,1,0.39285714285714285
12.959846800844963,0.0169679677429713,0,0,0,1,0.03571428571428571
11.51293546492023,0.3669695732549232,1,0,0,1,0.35714285714285715
13.384729180332174,0.4587131133629053,1,0,0,2,0.17857142857142858
11.407576060361786,0.2477029711145464,1,0,0,1,0.32142857142857145
12.429220196836383,0.08715177592557764,0,0,0,1,0.10714285714285714
12.611541086966115,0.5504566534708875,1,0,0,1,0.21428571428571427
12.524530013005734,0.13761072298496782,0,0,0,1,0.21428571428571427
13.304686600863562,0.19953761255785576,0,0,0,1,0.10714285714285714
12.506180941677357,0.27522603314694105,0,0,0,2,0.14285714285714285
12.388398368982115,0.3210978032009321,0,0,0,2,0.14285714285714285
13.997832948091215,0.6192643085518741,1,0,1,3,0.21428571428571427
11.982935344196433,0.22935426309294996,1,0,0,1,0.2857142857142857
13.579789490265188,0.08977105399566053,1,1,0,1,0.07142857142857142
13.997832948091215,0.1357758521828082,0,1,0,1,0.07142857142857142
12.07254696717504,0.3210978032009321,0,0,0,1,0.32142857142857145
13.76421831620775,0.0688030679039812,1,0,1,1,0.07142857142857142
12.73670383776449,0.22935426309294996,0,0,0,1,0.03571428571428571
13.623139877437296,0.06192230239588255,1,0,0,1,0.10714285714285714
14.946912992035967,0.10091330694177496,0,0,1,1,0.07142857142857142
13.567050480716235,0.11467483795797229,1,1,0,1,0.07142857142857142
12.765691290604371,0.3669695732549232,0,0,1,3,0.35714285714285715
13.444448325847754,0.1788953160335598,0,1,0,1,0.07142857142857142
12.409017571151187,0.27522603314694105,0,0,0,1,0.14285714285714285
13.579789490265188,0.22476708608755086,1,1,0,1,0.07142857142857142
13.429849547739444,0.22293221528539123,0,1,0,1,0.07142857142857142
13.199326270390594,0.09173895293097675,0,0,0,2,0.10714285714285714
12.959846800844963,0.11467483795797229,0,0,0,1,0.14285714285714285
11.849404844423074,0.5504566534708875,0,0,0,1,0.42857142857142855
13.910821646859095,0.13761072298496782,1,0,0,1,0.03571428571428571
13.480039220276565,0.16054660801196335,1,0,0,1,0.17857142857142858
12.821260987319457,0.41284134330891425,0,0,0,1,0.25
12.07254696717504,0.3669695732549232,1,0,0,2,0.4642857142857143
13.815511557963774,0.16054660801196335,0,0,1,2,0.7857142857142857
11.438212694578302,0.11467483795797229,0,0,0,2,0.25
12.581081982573842,0.41284134330891425,1,0,0,1,0.21428571428571427
11.438212694578302,0.11467483795797229,0,0,0,2,0.25
12.765691290604371,0.09173895293097675,0,0,0,1,0.14285714285714285
11.082157933374816,0.27522603314694105,0,1,0,3,0.7857142857142857
13.384729180332174,0.2660516791361428,1,0,0,1,0.17857142857142858
12.765691290604371,0.1834824930389589,0,1,0,1,0.21428571428571427
11.225256725762893,0.3210978032009321,0,0,0,2,0.5357142857142857
12.994532278619134,0.3210978032009321,1,1,0,1,0.2857142857142857
12.506180941677357,0.27522603314694105,0,0,0,1,0.25
13.955273369904273,0.6192643085518741,1,1,0,1,0.21428571428571427
12.380030154325457,0.3210978032009321,0,1,0,1,0.17857142857142858
13.910821646859095,0.1834824930389589,0,0,1,2,0.25
13.997832948091215,0.3440336882279276,1,1,0,2,0.17857142857142858
12.468440756144114,0.6880719636328607,1,0,0,1,0.35714285714285715
12.765691290604371,0.6422001935788696,1,0,0,3,0.2857142857142857
13.081543466215237,0.3210978032009321,1,0,0,1,0.17857142857142858
12.75130259456002,0.6295854568140221,1,0,0,2,0.2857142857142857
13.122365377402328,0.5045848834168964,1,0,0,2,0.25
13.296318365198623,0.1238491919687705,0,1,0,1,0.10714285714285714
14.07402202531625,0.04128000587158657,1,1,0,1,0.03571428571428571
14.115615891155079,0.02476616865214978,1,1,0,0,0.03571428571428571
13.201176406255746,0.004582589828393708,0,1,0,0,0.0
13.151924121391561,0.07339024490938031,0,1,0,1,0.07142857142857142
13.704578997256993,0.059628713893183,1,1,0,0,0.03571428571428571
12.691583538230217,0.21559273207675264,1,1,0,1,0.2857142857142857
13.73755009757506,0.10091330694177496,0,0,0,1,0.07142857142857142
13.64709190633931,0.13761072298496782,0,0,0,1,0.10714285714285714
13.73755009757506,0.09173895293097675,0,0,0,1,0.07142857142857142
12.611541086966115,0.27522603314694105,1,0,0,1,0.25
13.384729180332174,0.3440336882279276,0,0,0,2,0.42857142857142855
12.07254696717504,0.2935747411685375,0,1,0,1,0.35714285714285715
12.691583538230217,0.3669695732549232,1,0,0,1,0.17857142857142858
13.304686600863562,0.41284134330891425,1,0,0,1,0.10714285714285714
13.45883704259595,0.13761072298496782,0,0,0,1,0.07142857142857142
11.461642696843066,0.5504566534708875,0,0,1,2,0.6071428571428571
13.102162710901053,0.09173895293097675,0,1,0,1,0.03571428571428571
12.847929163278053,0.4587131133629053,1,0,0,1,0.25
13.217675375388819,0.14219789999036692,0,1,0,1,0.07142857142857142
12.323860125621126,0.21559273207675264,0,1,0,1,0.25
13.25339339419516,0.051371795283464604,0,0,0,1,0.07142857142857142
12.628070334272698,0.16054660801196335,0,1,0,1,0.07142857142857142
12.388398368982115,0.22935426309294996,3,1,0,1,0.35714285714285715
13.45883704259595,0.2522901481199455,1,1,0,1,0.17857142857142858
12.570719231334277,0.09173895293097675,0,1,0,1,0.07142857142857142
13.592368256649284,0.3440336882279276,1,1,0,1,0.10714285714285714
12.971542813248437,0.42660287432511157,0,1,0,1,0.10714285714285714
12.180759965737863,0.26146450213074374,1,1,0,2,0.39285714285714285
12.691583538230217,0.13761072298496782,0,1,0,1,0.21428571428571427
13.017005083966255,0.33485933421712943,1,1,0,1,0.25
13.353476685668044,0.29816191817393656,1,1,0,1,0.14285714285714285
12.429220196836383,0.28440038715773924,0,1,0,2,0.39285714285714285
11.813037464800539,0.38990545828191875,0,1,0,1,0.4642857142857143
11.608244735642321,0.33485933421712943,0,0,0,1,0.35714285714285715
12.765691290604371,0.2522901481199455,1,1,0,1,0.2857142857142857
12.388398368982115,0.026601039454309423,0,0,0,2,0.14285714285714285
13.304686600863562,0.13761072298496782,0,0,0,1,0.07142857142857142
13.527829818844937,0.09173895293097675,1,0,0,1,0.07142857142857142
12.506180941677357,0.09173895293097675,0,0,0,1,0.07142857142857142
11.407576060361786,0.4587131133629053,0,0,0,2,0.4642857142857143
12.765691290604371,0.29816191817393656,0,0,0,1,0.25
12.560247968016562,0.41284134330891425,1,0,0,2,0.25
12.765691290604371,0.6422001935788696,1,0,0,2,0.32142857142857145
14.018452218287162,0.10091330694177496,0,1,1,1,0.07142857142857142
12.560247968016562,0.27522603314694105,0,1,0,2,0.35714285714285715
13.815511557963774,0.13134922637259805,0,1,0,1,0.07142857142857142
13.567050480716235,0.14730801517438152,1,1,0,1,0.07142857142857142
12.611541086966115,0.3761439272657214,0,1,0,2,0.21428571428571427
11.982935344196433,0.4364607177097143,0,1,0,2,0.5
13.345508528717259,0.3140243762586067,0,1,0,1,0.07142857142857142
12.487488878546145,0.1926568470497571,0,0,0,1,0.35714285714285715
13.151924121391561,0.41284134330891425,1,0,0,2,0.21428571428571427
12.25486757159303,0.13761072298496782,0,0,0,1,0.14285714285714285
11.849404844423074,0.3669695732549232,0,0,0,2,0.39285714285714285
13.753636218075409,0.5871540695140803,1,0,0,1,0.17857142857142858
13.527829818844937,0.3669695732549232,1,0,0,1,0.25
13.321215875492413,0.4587131133629053,1,0,0,1,0.14285714285714285
13.017005083966255,0.22935426309294996,1,0,0,1,0.17857142857142858
12.92391243868049,0.2568773251253446,1,0,0,1,0.2857142857142857
11.51293546492023,0.09771145739200639,0,0,0,1,0.07142857142857142
13.384729180332174,0.4587131133629053,1,0,0,1,0.14285714285714285
13.384729180332174,0.3669695732549232,1,0,0,1,0.10714285714285714
11.918397239722838,0.4841535970348488,0,0,0,1,0.35714285714285715
13.122365377402328,0.04586718287698567,0,0,0,1,0.07142857142857142
13.815511557963774,0.3669695732549232,1,0,0,2,0.2857142857142857
12.73670383776449,0.16054660801196335,0,0,0,1,0.25
13.592368256649284,0.051555282363680566,0,0,0,1,0.03571428571428571
13.825461878915961,0.5504566534708875,1,0,0,1,0.25
12.765691290604371,0.5504566534708875,1,0,0,3,0.32142857142857145
13.296318365198623,0.3210978032009321,1,0,0,1,0.14285714285714285
13.45883704259595,0.5963284235248786,1,0,0,3,0.21428571428571427
12.487488878546145,0.1834824930389589,0,0,0,1,0.03571428571428571
12.676079399771027,0.27522603314694105,0,0,0,2,0.17857142857142858
12.644330802262578,0.5045848834168964,0,0,0,1,0.32142857142857145
13.45883704259595,0.5963284235248786,1,0,0,1,0.21428571428571427
11.775297421715827,0.3669695732549232,0,0,0,2,0.39285714285714285
11.918397239722838,0.5504566534708875,1,0,0,2,0.39285714285714285
12.611541086966115,0.47706182138450176,1,0,0,2,0.17857142857142858
11.918397239722838,0.4587131133629053,0,0,0,2,0.32142857142857145
11.695255355062795,0.6070761792485286,0,0,0,2,0.6071428571428571
13.76421831620775,0.41284134330891425,1,0,0,2,0.14285714285714285
11.51293546492023,0.27522603314694105,0,0,0,2,0.4642857142857143
13.017005083966255,0.34862086523332675,1,0,0,1,0.17857142857142858
10.308985993422082,0.27522603314694105,0,0,0,3,0.5714285714285714
12.206077645517674,0.13761072298496782,0,0,0,2,0.39285714285714285
12.429220196836383,0.4403644053413089,1,0,0,2,0.35714285714285715
14.077875591662238,0.04586718287698567,1,0,0,1,0.07142857142857142
12.959846800844963,0.16513378501736248,1,1,0,1,0.10714285714285714
13.217675375388819,0.0596149523621668,1,1,0,1,0.10714285714285714
13.122365377402328,0.1834824930389589,0,0,1,1,0.10714285714285714
13.955273369904273,0.121234501075693,1,1,0,1,0.07142857142857142
13.07107218827772,0.11283996715581264,0,1,0,1,0.17857142857142858
12.468440756144114,0.13064280111376658,0,1,0,1,0.32142857142857145
12.765691290604371,0.4587131133629053,0,0,0,1,0.25
13.527829818844937,0.19260180092569232,1,1,0,1,0.25
12.100717685412471,0.1393309143619925,0,1,0,1,0.39285714285714285
12.765691290604371,0.035124014330340965,0,1,1,1,0.10714285714285714
13.322853874813605,0.1577943018087239,1,1,0,1,0.10714285714285714
12.691583538230217,0.08485818742287808,0,1,0,1,0.10714285714285714
12.54254845357358,0.11987669668209487,0,1,0,1,0.17857142857142858
12.611541086966115,0.13275748971325557,0,1,1,1,0.21428571428571427
13.47442911525415,0.24586810031238676,1,1,0,1,0.2857142857142857
13.654168582642953,0.2461066335166675,1,1,0,1,0.17857142857142858
12.468440756144114,0.24263414052358037,1,1,0,1,0.32142857142857145
13.217675375388819,0.19414309239950642,1,1,0,2,0.25
13.85952744338105,0.29816191817393656,1,1,0,1,0.14285714285714285
13.217675375388819,0.27630860692021525,1,1,0,1,0.2857142857142857
12.25486757159303,0.3210978032009321,0,0,0,2,0.21428571428571427
12.25486757159303,0.3210978032009321,0,0,0,3,0.21428571428571427
12.577639650232573,0.4587131133629053,1,0,0,2,0.39285714285714285
12.43320821811392,0.5045848834168964,1,0,0,1,0.42857142857142855
13.304686600863562,0.04724333597860541,0,0,0,1,0.03571428571428571
12.506180941677357,0.5504566534708875,1,0,0,2,0.21428571428571427
13.217675375388819,0.6513745475896678,1,0,0,1,0.2857142857142857
13.592368256649284,0.11467483795797229,1,0,0,1,0.10714285714285714
13.122365377402328,0.022931297849990137,0,0,0,1,0.0
13.190023895035274,0.24128092330698764,1,0,0,1,0.14285714285714285
12.889172015485954,0.13138592378864122,0,1,0,1,0.14285714285714285
13.304686600863562,0.22935426309294996,1,0,0,1,0.21428571428571427
13.26212705890841,0.13761072298496782,0,1,0,1,0.03571428571428571
13.161586013632684,0.022931297849990137,0,0,0,1,0.0
14.151983508870947,0.13761072298496782,1,0,1,1,0.07142857142857142
13.304686600863562,0.03485795806402782,0,0,1,1,0.07142857142857142
12.180759965737863,0.21675328785911863,1,1,0,1,0.25
12.546113507028412,0.020325781310923444,0,1,1,2,0.17857142857142858
11.225256725762893,0.5045848834168964,0,0,0,2,0.35714285714285715
12.899222326086994,0.11467483795797229,0,0,0,1,0.21428571428571427
11.440365524765756,0.3210978032009321,1,0,0,2,0.39285714285714285
13.235693848424024,0.31432254276395766,0,1,0,1,0.14285714285714285
12.899222326086994,0.022931297849990137,0,0,0,1,0.03571428571428571
13.038981768465277,0.1834824930389589,0,0,0,1,0.07142857142857142
13.017005083966255,0.1972440240551562,1,0,0,1,0.10714285714285714
11.385103457032141,0.3681209546832784,2,1,0,2,0.35714285714285715
12.429220196836383,0.1582530195092638,0,0,0,2,0.35714285714285715
9.99884318585288,0.19606511956476866,0,1,0,3,0.7142857142857143
11.775297421715827,0.4307313336299708,1,0,0,2,0.25
11.277215789596893,0.3669695732549232,0,0,0,1,0.5714285714285714
11.695255355062795,0.5045848834168964,1,0,0,1,0.2857142857142857
14.346139397261565,0.4587131133629053,1,0,1,2,0.32142857142857145
12.611541086966115,0.11467483795797229,1,0,0,1,0.2857142857142857
12.611541086966115,0.11467483795797229,1,0,0,1,0.2857142857142857
11.884495917930655,0.11467483795797229,0,0,0,1,0.39285714285714285
12.388398368982115,0.04586718287698567,0,0,0,1,0.25
13.45883704259595,0.13761072298496782,1,0,0,1,0.07142857142857142
11.884495917930655,0.5045848834168964,0,0,0,2,0.35714285714285715
13.190023895035274,0.3669695732549232,1,0,0,2,0.21428571428571427
12.948012371209098,0.09632612993637585,0,0,0,1,0.14285714285714285
12.765691290604371,0.09173895293097675,0,0,0,1,0.14285714285714285
13.217675375388819,0.14678507699576604,1,0,0,1,0.17857142857142858
13.527829818844937,0.825687273794834,1,0,0,1,0.4642857142857143
12.19602736016897,0.3210978032009321,1,0,0,2,0.2857142857142857
12.948012371209098,0.22935426309294996,1,0,0,1,0.25
12.948012371209098,0.22935426309294996,1,0,0,1,0.25
12.180759965737863,0.5504566534708875,1,0,0,1,0.5714285714285714
11.918397239722838,0.25580392570608124,0,0,0,2,0.2857142857142857
12.524530013005734,0.1834824930389589,0,0,0,2,0.32142857142857145
11.082157933374816,0.27522603314694105,0,0,0,3,0.6785714285714286
12.206077645517674,0.22935426309294996,0,0,0,1,0.42857142857142855
12.429220196836383,0.5045848834168964,1,0,0,2,0.35714285714285715
13.017005083966255,0.004582589828393708,1,1,0,2,0.25
13.28787951079572,0.12086752691526108,1,1,0,1,0.07142857142857142
12.323860125621126,0.5045848834168964,0,0,0,2,0.2857142857142857
12.323860125621126,0.3153408960591562,1,1,0,1,0.17857142857142858
12.013706813470414,0.6055027775356767,0,0,0,1,0.5
13.664688831019712,0.16054660801196335,1,0,0,1,0.03571428571428571
13.710151153416941,0.21559273207675264,1,0,0,1,0.14285714285714285
12.111767460549332,0.4587131133629053,1,0,0,1,0.25
11.51293546492023,0.3669695732549232,1,0,0,1,0.35714285714285715
11.51293546492023,0.1834824930389589,0,0,0,2,0.5
12.834683971615659,0.12517488612333083,0,1,1,1,0.10714285714285714
13.171155446333852,0.050362616342276796,0,1,1,1,0.07142857142857142
12.676079399771027,0.11312437213014738,0,1,0,1,0.14285714285714285
13.171155446333852,0.16972096202276157,1,1,0,1,0.25
13.384729180332174,0.12956022734049238,1,1,0,1,0.21428571428571427
13.26212705890841,0.12387212785379749,1,1,0,1,0.10714285714285714
12.779875885354993,0.17993660521378538,0,1,0,1,0.21428571428571427
13.060490101343552,0.1438813939513484,1,1,0,1,0.14285714285714285
12.30592250537653,0.16058330542800656,0,1,0,1,0.42857142857142855
12.180759965737863,0.12387212785379749,0,1,0,1,0.39285714285714285
11.350418300109132,0.3944926352873178,0,0,0,2,0.6785714285714286
12.899222326086994,0.22935426309294996,1,0,0,1,0.25
13.384729180332174,0.09173895293097675,1,0,0,1,0.10714285714285714
12.899222326086994,0.22935426309294996,0,0,0,1,0.35714285714285715
12.59473402514672,0.3669695732549232,1,0,0,2,0.2857142857142857
11.002116507732017,0.6192643085518741,3,0,0,4,0.5
11.608244735642321,0.5504566534708875,1,0,0,3,0.6071428571428571
13.217675375388819,0.5210987206363332,1,0,0,1,0.17857142857142858
12.154784614286667,0.3210978032009321,0,0,0,3,0.42857142857142855
13.66701054964583,0.09173895293097675,1,1,0,1,0.07142857142857142
13.569611298299009,0.06421589089858211,0,1,0,1,0.07142857142857142
13.636385088238372,0.1192620149633714,1,1,0,1,0.07142857142857142
13.453106376097134,0.6372689782980656,0,1,0,1,0.14285714285714285
13.297997623898429,0.5585484337084115,1,1,0,1,0.14285714285714285
13.324489195480057,0.48361689732521707,0,1,0,1,0.14285714285714285
11.652687407345388,0.16054660801196335,0,0,0,1,0.17857142857142858
12.73670383776449,0.27522603314694105,1,0,0,1,0.10714285714285714
13.217675375388819,0.022931297849990137,0,0,0,1,0.0
11.652687407345388,0.3210978032009321,0,0,0,3,0.42857142857142855
11.561725152903833,0.3669695732549232,0,0,0,1,0.7142857142857143
13.698977865303197,0.09173895293097675,1,0,0,1,0.03571428571428571
13.480039220276565,0.03669282886618746,0,0,0,1,0.03571428571428571
13.171155446333852,0.2477029711145464,0,1,0,2,0.21428571428571427
13.507627138738266,0.25366630122156525,1,1,1,1,0.2857142857142857
13.112315061750808,0.05484887545355713,0,1,0,1,0.14285714285714285
13.840204146163925,0.04128000587158657,0,1,0,1,0.10714285714285714
13.527829818844937,0.3210978032009321,1,0,0,1,0.17857142857142858
13.304686600863562,0.5504566534708875,1,0,0,1,0.25
13.07107218827772,0.10606011954183277,0,1,0,2,0.21428571428571427
11.289794413577894,0.2660516791361428,0,1,0,2,0.4642857142857143
12.691583538230217,0.2853178225588191,1,1,0,1,0.25
14.200773639026796,0.15595943100656426,1,1,1,2,0.21428571428571427
12.765691290604371,0.2431157941091473,1,0,0,2,0.17857142857142858
14.845130332288226,0.22476708608755086,1,1,1,1,0.25
12.25486757159303,0.0688030679039812,0,1,0,2,0.10714285714285714
12.762830066509972,0.2041247895632549,1,1,0,2,0.2857142857142857
13.017005083966255,0.22935426309294996,0,0,0,1,0.25
13.955273369904273,0.2431157941091473,1,1,1,1,0.25
12.25486757159303,0.29128115266583793,0,1,1,1,0.39285714285714285
13.623139877437296,0.06237643291941706,0,1,1,1,0.10714285714285714
14.827111833279051,0.059628713893183,1,0,1,1,0.10714285714285714
11.982935344196433,0.5045848834168964,1,0,0,1,0.2857142857142857
13.217675375388819,0.4587131133629053,1,0,0,2,0.21428571428571427
11.461642696843066,0.5045848834168964,0,0,0,3,0.5
13.493928313146206,0.41284134330891425,1,0,0,2,0.21428571428571427
13.415034483903348,0.07797742191477942,0,0,0,1,0.03571428571428571
11.082157933374816,0.6422001935788696,0,0,0,1,0.42857142857142855
13.122365377402328,0.22935426309294996,1,0,0,2,0.17857142857142858
13.304686600863562,0.2431157941091473,0,0,0,1,0.10714285714285714
12.765691290604371,0.3210978032009321,0,0,0,2,0.10714285714285714
12.206077645517674,0.3210978032009321,1,0,0,2,0.2857142857142857
11.608244735642321,0.7064206716544571,1,0,0,3,0.42857142857142855
11.918397239722838,0.3669695732549232,0,0,0,1,0.2857142857142857
11.225256725762893,0.5045848834168964,1,0,0,2,0.6071428571428571
12.765691290604371,0.41284134330891425,1,0,0,2,0.25
14.346139397261565,0.0688030679039812,1,0,0,1,0.07142857142857142
13.698977865303197,0.3944926352873178,1,0,1,2,0.32142857142857145
13.122365377402328,0.5504566534708875,1,0,0,1,0.21428571428571427
13.304686600863562,0.02384873325106996,0,0,0,1,0.03571428571428571
11.502885230075814,0.27522603314694105,0,0,0,2,0.35714285714285715
12.367345048436391,0.21100555507135355,0,0,0,1,0.32142857142857145
11.225256725762893,0.1834824930389589,0,0,0,2,0.5
13.304686600863562,0.41284134330891425,1,0,0,2,0.21428571428571427
13.815511557963774,0.11467483795797229,1,0,0,2,0.03571428571428571
12.873904582205107,0.41284134330891425,1,0,0,1,0.2857142857142857
13.304686600863562,0.3210978032009321,1,0,0,1,0.17857142857142858
13.304686600863562,0.3210978032009321,0,0,0,2,0.10714285714285714
13.500801182986649,0.16054660801196335,1,0,0,2,0.03571428571428571
13.017005083966255,0.05825256079156326,0,0,1,1,0.10714285714285714
12.429220196836383,0.3669695732549232,1,0,0,1,0.32142857142857145
14.151983508870947,0.09173895293097675,1,0,0,1,0.07142857142857142
12.611541086966115,0.09173895293097675,0,0,0,1,0.07142857142857142
13.592368256649284,0.08715177592557764,0,0,0,1,0.10714285714285714
11.736077016252437,0.4357772283359098,1,0,0,2,0.39285714285714285
14.77102238760702,0.04357359437428612,1,0,1,1,0.03571428571428571
12.611541086966115,0.22935426309294996,0,0,0,1,0.2857142857142857
12.59473402514672,0.41284134330891425,1,0,0,1,0.2857142857142857
13.384729180332174,0.2102670195734843,0,1,0,1,0.25
12.206077645517674,0.3417859714952821,0,1,0,1,0.35714285714285715
11.775297421715827,0.4004238551552989,0,1,0,1,0.39285714285714285
12.429220196836383,0.7157785127454713,1,1,0,1,0.2857142857142857
12.899222326086994,0.4285065527823522,1,1,0,1,0.5714285714285714
12.971542813248437,0.4640296515121629,0,1,0,1,0.10714285714285714
12.04355959836804,0.3669695732549232,0,0,0,2,0.17857142857142858
13.017005083966255,0.05504153688778389,0,0,0,1,0.03571428571428571
12.765691290604371,0.41284134330891425,0,0,0,1,0.25
11.775297421715827,0.314304194055936,0,1,0,1,0.32142857142857145
12.100717685412471,0.2528864811306474,1,1,0,1,0.2857142857142857
13.07107218827772,0.299258253478227,0,1,0,1,0.21428571428571427
13.060490101343552,0.26688654535112544,0,1,0,1,0.17857142857142858
12.206077645517674,0.41855237868063616,1,1,0,1,0.2857142857142857
13.384729180332174,0.4724241854320433,1,1,0,1,0.25
12.899222326086994,0.22935426309294996,0,0,0,1,0.35714285714285715
11.51293546492023,0.5504566534708875,0,0,0,1,0.7142857142857143
12.92391243868049,0.41284134330891425,1,0,0,1,0.21428571428571427
13.369225017834633,0.11467483795797229,1,0,0,1,0.07142857142857142
11.982935344196433,0.3669695732549232,0,0,0,2,0.4642857142857143
12.111767460549332,0.4587131133629053,1,0,0,1,0.25
13.527829818844937,0.3210978032009321,1,0,0,1,0.07142857142857142
11.918397239722838,0.22935426309294996,1,0,0,3,0.6428571428571429
11.289794413577894,0.4587131133629053,0,0,0,2,0.42857142857142855
12.388398368982115,0.41284134330891425,1,0,0,3,0.14285714285714285
11.002116507732017,0.27522603314694105,0,0,0,3,0.5357142857142857
11.156264806643742,0.5504566534708875,0,0,0,3,0.4642857142857143
12.560247968016562,0.41284134330891425,1,0,1,2,0.42857142857142855
12.765691290604371,0.27522603314694105,1,0,0,2,0.17857142857142858
13.457407451830088,0.13761072298496782,1,0,0,2,0.17857142857142858
12.524530013005734,0.4954105294060982,1,0,0,2,0.32142857142857145
12.765691290604371,0.7339437336868517,1,0,0,2,0.2857142857142857
11.813037464800539,0.41284134330891425,0,0,0,3,0.5
12.691583538230217,0.5504566534708875,1,0,0,3,0.35714285714285715
13.384729180332174,0.46788746737370357,1,0,0,2,0.2857142857142857
12.611541086966115,0.8165129197840357,1,0,0,2,0.39285714285714285
13.997832948091215,0.9174308139028161,1,0,0,2,0.21428571428571427
13.017005083966255,0.27522603314694105,0,1,0,1,0.2857142857142857
12.959846800844963,0.013756943839191923,0,0,0,1,0.03571428571428571
11.918397239722838,0.34457497511456475,0,0,0,2,0.5
12.577639650232573,0.6422001935788696,1,0,0,2,0.25
12.721888795877375,0.27522603314694105,0,0,0,2,0.21428571428571427
11.695255355062795,0.36238239624952406,0,1,0,4,0.5
9.90353755128617,0.11467483795797229,0,0,0,2,0.5357142857142857
12.429220196836383,0.3210978032009321,0,0,0,1,0.5357142857142857
11.695255355062795,0.19138619901926154,0,0,0,2,0.42857142857142855
12.429220196836383,0.3210978032009321,0,0,0,1,0.35714285714285715
12.301387370778713,0.3210978032009321,1,0,0,2,0.2857142857142857
11.0186455364637,0.021266152597030262,0,0,0,2,0.5357142857142857
13.3374763699232,0.3210978032009321,1,0,0,1,0.14285714285714285
12.959846800844963,0.4587131133629053,1,0,0,2,0.21428571428571427
11.350418300109132,0.5504566534708875,1,0,0,2,0.39285714285714285
12.506180941677357,0.1834824930389589,1,0,0,2,0.17857142857142858
12.611541086966115,0.09173895293097675,0,0,0,1,0.07142857142857142
13.592368256649284,0.08715177592557764,0,0,0,1,0.10714285714285714
11.736077016252437,0.4357772283359098,1,0,0,2,0.39285714285714285
13.017005083966255,0.13761072298496782,0,0,0,1,0.10714285714285714
13.017005083966255,0.19566144798829352,1,0,0,1,0.2857142857142857
12.429220196836383,0.1972440240551562,0,0,0,2,0.10714285714285714
13.493928313146206,0.3210978032009321,1,0,0,1,0.2857142857142857
12.429220196836383,0.2522901481199455,0,0,0,1,0.35714285714285715
11.502885230075814,0.3669695732549232,1,0,0,2,0.35714285714285715
12.765691290604371,0.2522901481199455,0,0,0,1,0.10714285714285714
13.144126826131089,0.3210978032009321,0,0,0,1,0.07142857142857142
12.611541086966115,0.3669695732549232,1,0,0,1,0.2857142857142857
13.910821646859095,0.5045848834168964,0,0,1,1,0.35714285714285715
11.736077016252437,0.27522603314694105,0,0,0,3,0.35714285714285715
13.122365377402328,0.13761072298496782,0,0,0,1,0.07142857142857142
12.861001210669146,0.3669695732549232,1,0,0,2,0.25
12.765691290604371,0.41284134330891425,0,0,0,1,0.2857142857142857
11.002116507732017,0.22935426309294996,0,0,0,1,0.6071428571428571
12.611541086966115,0.22935426309294996,0,0,0,1,0.2857142857142857
12.899222326086994,0.3210978032009321,1,0,0,1,0.2857142857142857
13.217675375388819,0.5045848834168964,1,0,0,1,0.21428571428571427
12.611541086966115,0.3669695732549232,0,0,0,2,0.2857142857142857
12.429220196836383,0.7155950256652553,1,0,0,1,0.2857142857142857
13.592368256649284,0.825687273794834,1,0,0,1,0.2857142857142857
12.611541086966115,0.11467483795797229,0,0,0,1,0.07142857142857142
11.289794413577894,0.5504566534708875,0,0,0,1,0.5714285714285714
13.997832948091215,0.05045435988238478,1,0,0,1,0.0
12.779875885354993,0.1834824930389589,0,0,1,1,0.10714285714285714
13.161586013632684,0.22935426309294996,1,0,0,1,0.17857142857142858
13.122365377402328,0.1192620149633714,1,0,0,1,0.2857142857142857
11.652687407345388,0.13761072298496782,0,0,0,1,0.42857142857142855
14.403297778421795,0.22935426309294996,1,0,0,1,0.21428571428571427
13.592368256649284,0.09173895293097675,1,0,0,1,0.07142857142857142
11.561725152903833,0.13761072298496782,0,0,0,2,0.42857142857142855
11.813037464800539,0.357795219244125,0,0,0,1,0.32142857142857145
12.04355959836804,0.1834824930389589,0,0,0,2,0.32142857142857145
13.217675375388819,0.4587131133629053,0,0,0,1,0.21428571428571427
12.429220196836383,0.3210978032009321,0,0,0,3,0.39285714285714285
13.384729180332174,0.13761072298496782,1,0,0,2,0.21428571428571427
12.25486757159303,0.35320804223872587,0,0,1,3,0.42857142857142855
12.468440756144114,0.6880719636328607,1,0,0,1,0.32142857142857145
13.527829818844937,0.316510626195533,1,0,0,1,0.14285714285714285
14.115615891155079,0.5504566534708875,1,0,1,1,0.14285714285714285
12.301387370778713,0.5504566534708875,1,0,0,2,0.2857142857142857
11.608244735642321,0.5045848834168964,0,0,0,2,0.42857142857142855
14.0225255403564,0.3210978032009321,1,0,1,1,0.10714285714285714
12.301387370778713,0.5045848834168964,1,0,0,1,0.25
11.775297421715827,0.22935426309294996,1,0,0,1,0.39285714285714285
12.706850963741102,0.20183120106055533,0,0,0,1,0.2857142857142857
12.449018824140563,0.41284134330891425,0,0,0,2,0.35714285714285715
13.304686600863562,0.22935426309294996,0,0,0,2,0.21428571428571427
12.25486757159303,0.22935426309294996,0,0,0,1,0.2857142857142857
12.611541086966115,0.6697232556112642,1,0,0,1,0.21428571428571427
12.962196972666593,0.0688030679039812,0,0,1,1,0.07142857142857142
12.487488878546145,0.27522603314694105,0,0,0,1,0.17857142857142858
13.017005083966255,0.16054660801196335,0,0,0,2,0.14285714285714285
13.081543466215237,0.3669695732549232,1,0,0,1,0.2857142857142857
10.596659732783579,0.41284134330891425,0,0,0,1,0.35714285714285715
12.886643575525625,0.3210978032009321,0,0,0,2,0.32142857142857145
12.345834587905333,0.28440038715773924,0,0,0,2,0.25
13.681980308196241,0.04586718287698567,0,0,1,1,0.07142857142857142
12.04355959836804,0.3669695732549232,2,0,0,4,0.35714285714285715
13.122365377402328,0.16054660801196335,0,0,0,2,0.17857142857142858
13.017005083966255,0.004582589828393708,1,1,0,2,0.25
14.272936037914342,0.3944926352873178,1,1,1,1,0.25
13.190023895035274,0.24128092330698764,1,0,0,1,0.14285714285714285
12.323860125621126,0.5045848834168964,0,0,0,2,0.2857142857142857
13.217675375388819,0.09123436346038284,0,1,1,1,0.10714285714285714
13.415034483903348,0.03258271826934986,0,2,0,1,0.14285714285714285
13.345508528717259,0.05466538837334116,0,2,0,1,0.17857142857142858
13.161586013632684,0.04820664314973922,0,1,1,1,0.10714285714285714
12.384223015005313,0.188069670044358,0,1,0,1,0.14285714285714285
14.77102238760702,0.2163358547516273,1,2,1,1,0.10714285714285714
13.527829818844937,0.21088628846921317,1,2,0,1,0.17857142857142858
12.345834587905333,0.22854691993999973,0,1,0,1,0.2857142857142857
14.077875591662238,0.26834526763884237,1,1,1,1,0.25
11.289794413577894,0.2595378877884761,0,1,0,1,0.5357142857142857
12.861001210669146,0.23852861710374818,1,1,0,1,0.2857142857142857
13.541075028051122,0.2538497883017812,0,2,0,1,0.17857142857142858
13.304686600863562,0.2133312538130909,1,2,0,1,0.10714285714285714
13.017005083966255,0.1834824930389589,0,0,0,1,0.03571428571428571
13.017005083966255,0.1834824930389589,0,0,0,1,0.03571428571428571
13.217675375388819,0.5504566534708875,1,0,0,3,0.2857142857142857
12.206077645517674,0.27522603314694105,0,0,0,1,0.25
11.289794413577894,0.41284134330891425,0,0,0,2,0.42857142857142855
13.42246945133505,0.0688030679039812,1,0,0,1,0.03571428571428571
12.468440756144114,0.13761072298496782,0,0,0,1,0.10714285714285714
13.122365377402328,0.0688030679039812,0,0,0,1,0.03571428571428571
11.918397239722838,0.25580392570608124,0,0,0,2,0.2857142857142857
11.51293546492023,0.3669695732549232,0,0,0,1,0.5
11.156264806643742,0.5366951224546902,0,0,0,2,0.6785714285714286
11.51293546492023,0.3210978032009321,0,0,0,1,0.5714285714285714
13.500801182986649,0.5045848834168964,1,0,0,2,0.2857142857142857
13.171155446333852,0.4587131133629053,1,0,0,2,0.14285714285714285
13.171155446333852,0.4816489983899009,1,0,0,2,0.14285714285714285
13.217675375388819,0.8348616278056321,1,0,0,3,0.39285714285714285
12.948012371209098,0.4357772283359098,1,0,0,2,0.2857142857142857
13.122365377402328,0.3210978032009321,0,0,0,1,0.17857142857142858
12.013706813470414,0.34862086523332675,0,0,0,2,0.39285714285714285
13.384729180332174,0.3210978032009321,1,0,0,2,0.21428571428571427
12.180759965737863,0.21100555507135355,1,0,0,1,0.25
11.225256725762893,0.3210978032009321,0,0,0,1,0.75
11.51293546492023,0.5504566534708875,1,0,0,2,0.5357142857142857
14.386490669521603,0.11467483795797229,1,0,0,1,0.10714285714285714
11.407576060361786,0.41284134330891425,0,0,0,1,0.5
13.151924121391561,0.22935426309294996,1,0,0,1,0.14285714285714285
13.45883704259595,0.11277115950073166,1,1,0,0,0.10714285714285714
11.034905792929415,0.3210978032009321,0,0,0,1,0.6785714285714286
12.301387370778713,0.5045848834168964,1,0,0,3,0.32142857142857145
13.161586013632684,0.04586718287698567,2,0,0,1,0.03571428571428571
12.04355959836804,0.4587131133629053,0,0,0,1,0.35714285714285715
12.154784614286667,0.5045848834168964,1,0,0,2,0.32142857142857145
11.918397239722838,0.4587131133629053,1,0,0,2,0.32142857142857145
11.736077016252437,0.29816191817393656,0,0,0,1,0.39285714285714285
12.577639650232573,0.1834824930389589,1,0,0,3,0.17857142857142858
13.102162710901053,0.0637571731980422,0,0,0,1,0.03571428571428571
12.983101310070822,0.08056000256881912,0,0,0,1,0.10714285714285714
12.847929163278053,0.0688030679039812,0,0,0,1,0.14285714285714285
12.206077645517674,0.3761439272657214,1,0,0,2,0.2857142857142857
13.112315061750808,0.1834824930389589,1,0,0,1,0.14285714285714285
13.704578997256993,0.7935770347570402,1,0,0,3,0.21428571428571427
13.304686600863562,0.6926591406382598,1,0,0,2,0.21428571428571427
12.611541086966115,0.22935426309294996,0,0,0,1,0.17857142857142858
12.971542813248437,0.0688030679039812,0,0,0,1,0.10714285714285714
12.821260987319457,0.3669695732549232,1,0,0,1,0.10714285714285714
13.527829818844937,0.05045435988238478,0,0,0,1,0.03571428571428571
12.611541086966115,0.22935426309294996,2,0,0,1,0.14285714285714285
13.45883704259595,0.5504566534708875,1,0,1,2,0.2857142857142857
11.51293546492023,0.3210978032009321,3,0,0,3,0.4642857142857143
12.611541086966115,0.41284134330891425,0,0,0,1,0.17857142857142858
11.775297421715827,0.8486231588218295,1,0,0,2,0.2857142857142857
13.384729180332174,0.1834824930389589,1,0,0,1,0.14285714285714285
13.142166004700508,0.11467483795797229,1,0,0,1,0.10714285714285714
13.815511557963774,0.5402731205189014,1,0,0,2,0.25
12.54254845357358,0.5504566534708875,1,0,0,2,0.35714285714285715
13.304686600863562,0.5504566534708875,1,0,0,1,0.10714285714285714
12.25486757159303,0.5504566534708875,1,0,0,3,0.25
13.955273369904273,0.5045848834168964,1,0,1,2,0.21428571428571427
12.345834587905333,0.13761072298496782,0,0,0,1,0.07142857142857142
12.409017571151187,0.13761072298496782,0,0,0,1,0.07142857142857142
13.304686600863562,0.27522603314694105,1,0,0,1,0.17857142857142858
12.834683971615659,0.11467483795797229,0,0,0,1,0.14285714285714285
11.918397239722838,0.2522901481199455,1,0,0,2,0.17857142857142858
14.187074804051692,0.09173895293097675,1,0,0,1,0.07142857142857142
13.122365377402328,0.4587131133629053,1,0,0,2,0.21428571428571427
11.225256725762893,0.1834824930389589,0,0,0,2,0.4642857142857143
12.323860125621126,0.3669695732549232,0,0,1,3,0.5
12.524530013005734,0.3669695732549232,0,0,1,4,0.5
13.3374763699232,0.16054660801196335,1,0,0,1,0.07142857142857142
13.304686600863562,0.5045848834168964,1,0,0,2,0.35714285714285715
12.524530013005734,0.7339437336868517,1,0,0,1,0.32142857142857145
11.736077016252437,0.573392538497883,1,0,0,1,0.25
11.289794413577894,0.28440038715773924,0,0,0,2,0.32142857142857145
12.201065128819632,0.5504566534708875,1,0,0,2,0.32142857142857145
12.994532278619134,0.15137225400116514,0,0,0,2,0.14285714285714285
12.429220196836383,0.3669695732549232,1,0,0,4,0.25
13.45883704259595,0.16054660801196335,1,0,0,1,0.10714285714285714
13.017005083966255,0.22935426309294996,1,0,0,1,0.17857142857142858
12.388398368982115,0.022931297849990137,0,0,0,1,0.03571428571428571
12.765691290604371,0.05504153688778389,0,0,0,1,0.14285714285714285
13.384729180332174,0.3742861205785348,1,1,0,1,0.14285714285714285
11.170449240431308,0.10091330694177496,0,0,0,1,0.5357142857142857
12.899222326086994,0.1834824930389589,0,0,0,1,0.17857142857142858
11.775297421715827,0.1834824930389589,0,0,0,2,0.42857142857142855
12.611541086966115,0.3210978032009321,1,0,0,2,0.25
13.910821646859095,0.01834412084459103,1,0,0,1,0.03571428571428571
14.603968372873895,0.11008766095257318,1,0,1,1,0.17857142857142858
13.592368256649284,0.06192230239588255,0,1,0,1,0.07142857142857142
13.102162710901053,0.1834824930389589,1,0,0,1,0.25
13.636385088238372,0.04449102977536594,0,1,0,1,0.07142857142857142
12.834683971615659,0.28440038715773924,0,0,0,2,0.2857142857142857
14.037854589747907,0.11008766095257318,1,1,0,1,0.14285714285714285
14.030622744032508,0.059628713893183,1,1,0,1,0.03571428571428571
10.463131911491967,0.22935426309294996,0,0,0,3,0.39285714285714285
13.881299234831427,0.16513378501736248,0,1,0,1,0.10714285714285714
13.988624016715459,0.1834824930389589,1,1,0,1,0.10714285714285714
13.45883704259595,0.1238491919687705,0,0,0,1,0.07142857142857142
12.765691290604371,0.1834824930389589,0,0,0,1,0.14285714285714285
12.449018824140563,0.3669695732549232,0,0,0,2,0.39285714285714285
13.527829818844937,0.3669695732549232,1,0,0,1,0.14285714285714285
12.691583538230217,0.5458694764654883,1,0,0,2,0.2857142857142857
13.541075028051122,0.871559043848825,1,0,0,2,0.39285714285714285
13.142166004700508,0.11467483795797229,0,0,1,1,0.10714285714285714
12.80216086806413,0.13183087995816495,0,0,0,1,0.25
12.345834587905333,0.2224734975848513,0,0,0,1,0.35714285714285715
12.577639650232573,0.5045848834168964,0,0,0,2,0.2857142857142857
13.217675375388819,0.13761072298496782,0,0,0,1,0.07142857142857142
11.736077016252437,0.5504566534708875,1,0,0,2,0.32142857142857145
14.508658238524095,0.5963284235248786,1,0,1,1,0.21428571428571427
12.765691290604371,0.6422001935788696,1,0,0,2,0.42857142857142855
12.873904582205107,0.41284134330891425,1,0,0,1,0.32142857142857145
12.468440756144114,0.22935426309294996,0,0,0,1,0.35714285714285715
11.918397239722838,0.22935426309294996,0,0,0,2,0.42857142857142855
11.350418300109132,0.27522603314694105,0,0,0,2,0.5
12.54254845357358,0.0688030679039812,0,0,0,2,0.17857142857142858
12.301387370778713,0.20641837806595442,0,0,0,1,0.17857142857142858
11.849404844423074,0.3669695732549232,0,0,0,3,0.5357142857142857
12.821260987319457,0.0688030679039812,0,0,1,1,0.07142857142857142
13.384729180332174,0.09173895293097675,1,0,0,1,0.03571428571428571
12.54254845357358,0.16972096202276157,0,0,0,1,0.10714285714285714
13.199326270390594,0.3669695732549232,1,0,0,1,0.14285714285714285
10.819798284210286,0.5504566534708875,1,0,0,4,0.6428571428571429
13.592368256649284,0.09173895293097675,0,0,0,1,0.07142857142857142
13.151924121391561,0.11467483795797229,1,0,0,1,0.14285714285714285
12.301387370778713,0.4403644053413089,0,0,0,3,0.35714285714285715
13.171155446333852,0.2477029711145464,0,1,0,2,0.21428571428571427
12.013706813470414,0.2431157941091473,0,1,0,1,0.25
12.30592250537653,0.29816191817393656,1,1,0,1,0.35714285714285715
12.409017571151187,0.1972440240551562,0,1,0,1,0.17857142857142858
12.468440756144114,0.1926568470497571,0,1,0,1,0.2857142857142857
13.217675375388819,0.33485933421712943,1,1,1,1,0.32142857142857145
12.983101310070822,0.13302354597956872,0,1,0,1,0.17857142857142858
13.017005083966255,0.4357772283359098,1,1,0,1,0.25
12.577639650232573,0.11467483795797229,0,0,0,1,0.21428571428571427
12.628070334272698,0.2431157941091473,0,1,0,2,0.32142857142857145
12.487488878546145,0.09173895293097675,0,1,0,1,0.32142857142857145
12.691583538230217,0.26146450213074374,0,1,0,1,0.21428571428571427
13.217675375388819,0.23852861710374818,1,1,0,1,0.21428571428571427
11.561725152903833,0.1834824930389589,0,0,0,1,0.42857142857142855
12.524530013005734,0.21559273207675264,0,1,0,1,0.2857142857142857
12.983101310070822,0.21559273207675264,0,1,0,2,0.2857142857142857
13.444448325847754,0.33485933421712943,1,1,0,1,0.14285714285714285
12.425212191503038,0.1926568470497571,0,1,0,2,0.2857142857142857
12.230765258120545,0.27522603314694105,0,1,0,3,0.2857142857142857
12.206077645517674,0.22935426309294996,1,0,0,1,0.2857142857142857
12.154784614286667,0.5504566534708875,0,0,0,1,0.17857142857142858
11.918397239722838,0.22935426309294996,0,0,0,1,0.2857142857142857
11.156264806643742,0.3210978032009321,0,0,0,4,0.75
13.710151153416941,0.11467483795797229,1,0,0,1,0.07142857142857142
13.76421831620775,0.05045435988238478,0,0,1,1,0.03571428571428571
13.07107218827772,0.3669695732549232,0,0,0,1,0.25
10.915106645867503,0.3669695732549232,0,0,0,4,0.7857142857142857
13.017005083966255,0.3440336882279276,1,0,0,2,0.25
13.997832948091215,0.20641837806595442,1,0,1,3,0.39285714285714285
12.611541086966115,0.4587131133629053,1,0,0,2,0.4642857142857143
12.765691290604371,0.27522603314694105,1,0,0,2,0.21428571428571427
12.345834587905333,0.7339437336868517,1,0,0,2,0.32142857142857145
13.61827960646062,0.22935426309294996,0,0,0,1,0.17857142857142858
12.206077645517674,0.3669695732549232,0,0,0,2,0.21428571428571427
13.815511557963774,0.27522603314694105,1,0,0,2,0.10714285714285714
12.301387370778713,0.27522603314694105,0,0,0,2,0.14285714285714285
13.038981768465277,0.68174165936541,1,1,0,1,0.17857142857142858
12.644330802262578,0.3210978032009321,1,0,0,2,0.2857142857142857
13.610944619216111,0.1926568470497571,1,0,0,1,0.07142857142857142
13.997832948091215,0.1834824930389589,1,0,0,1,0.10714285714285714
12.04355959836804,0.6880719636328607,1,0,0,2,0.32142857142857145
13.815511557963774,0.13761072298496782,1,0,0,1,0.10714285714285714
11.951186847493476,0.41284134330891425,0,0,0,4,0.35714285714285715
12.899222326086994,0.5504566534708875,1,0,0,1,0.10714285714285714
12.899222326086994,0.3669695732549232,1,0,0,2,0.14285714285714285
12.429220196836383,0.3669695732549232,1,0,0,2,0.35714285714285715
11.918397239722838,0.22935426309294996,0,0,0,3,0.42857142857142855
11.289794413577894,0.3210978032009321,0,0,0,2,0.6428571428571429
11.775297421715827,0.5504566534708875,0,0,1,2,0.39285714285714285
12.691583538230217,0.3210978032009321,1,0,1,1,0.21428571428571427
13.507627138738266,0.25366630122156525,1,1,1,1,0.2857142857142857
12.560247968016562,0.34082266432414826,1,1,0,1,0.2857142857142857
12.765691290604371,0.22376249432336845,0,1,0,1,0.35714285714285715
12.577639650232573,0.4019238620360644,1,1,1,1,0.35714285714285715
13.698977865303197,0.1844870848031413,1,1,1,1,0.10714285714285714
12.861001210669146,0.05262409460593856,0,1,0,1,0.32142857142857145
12.959846800844963,0.03830751517208795,0,1,0,1,0.10714285714285714
13.171155446333852,0.0446974527406089,0,1,1,1,0.10714285714285714
13.217675375388819,0.0447112142716251,0,1,0,1,0.10714285714285714
12.509877789891931,0.22476708608755086,0,1,0,1,0.2857142857142857
14.214287349062356,0.09492245377272372,1,1,0,1,0.07142857142857142
13.102162710901053,0.14256487415079885,0,1,0,1,0.17857142857142858
12.468440756144114,0.17249620411102803,0,1,0,1,0.21428571428571427
13.02805489573287,0.25618924857453473,1,1,0,1,0.21428571428571427
11.225256725762893,0.26995077959073205,0,1,0,1,0.35714285714285715
12.95039048795861,0.10934912545470392,0,1,0,1,0.17857142857142858
13.217675375388819,0.2477029711145464,1,1,0,1,0.14285714285714285
12.706850963741102,0.17430813902816067,0,1,1,1,0.25
12.873904582205107,0.20850095642640562,1,1,0,1,0.2857142857142857
13.303018546545275,0.21539548346552048,1,1,1,1,0.17857142857142858
13.511700458595241,0.03669282886618746,0,0,1,1,0.03571428571428571
12.611541086966115,0.13761072298496782,0,0,0,1,0.14285714285714285
11.918397239722838,0.5045848834168964,1,0,0,1,0.2857142857142857
12.54254845357358,0.5045848834168964,1,0,0,1,0.32142857142857145
11.51293546492023,0.5504566534708875,0,0,0,2,0.5
11.918397239722838,0.4587131133629053,0,0,0,2,0.42857142857142855
12.847929163278053,0.4587131133629053,1,0,0,2,0.21428571428571427
11.407576060361786,0.27522603314694105,0,0,0,2,0.5
12.524530013005734,0.27522603314694105,1,0,0,2,0.32142857142857145
12.100717685412471,0.18848251597484392,0,0,0,1,0.39285714285714285
12.206077645517674,0.1834824930389589,0,0,0,1,0.21428571428571427
13.122365377402328,0.1834824930389589,0,0,0,2,0.32142857142857145
12.611541086966115,0.3210978032009321,0,0,0,2,0.35714285714285715
13.547632419997361,0.3669695732549232,1,0,0,2,0.17857142857142858
13.384729180332174,0.41284134330891425,1,0,0,1,0.10714285714285714
12.847929163278053,0.08715177592557764,0,0,0,1,0.10714285714285714
13.081543466215237,0.5045848834168964,1,0,0,2,0.21428571428571427
12.206077645517674,0.27522603314694105,1,0,0,1,0.8571428571428571
12.847929163278053,0.08715177592557764,0,0,0,1,0.10714285714285714
11.884495917930655,0.3119234491901339,2,0,0,2,0.35714285714285715
12.54254845357358,0.5504566534708875,1,0,0,2,0.32142857142857145
12.449018824140563,0.13761072298496782,1,0,0,1,0.21428571428571427
12.611541086966115,0.41284134330891425,0,0,0,2,0.14285714285714285
13.081543466215237,0.6422001935788696,1,0,0,3,0.17857142857142858
13.652992804936396,0.2041247895632549,0,0,1,1,0.10714285714285714
12.765691290604371,0.23852861710374818,1,0,0,2,0.21428571428571427
13.384729180332174,0.1192620149633714,0,0,0,1,0.14285714285714285
13.384729180332174,0.1192620149633714,0,0,0,1,0.14285714285714285
13.217675375388819,0.3669695732549232,0,0,0,2,0.4642857142857143
12.611541086966115,0.16054660801196335,0,0,0,1,0.17857142857142858
11.918397239722838,0.27522603314694105,0,0,0,2,0.42857142857142855
12.611541086966115,0.5504566534708875,0,0,0,1,0.21428571428571427
11.289794413577894,0.2660516791361428,0,0,0,1,0.5714285714285714
12.206077645517674,0.4587131133629053,1,0,0,1,0.21428571428571427
12.301387370778713,0.2004550479589356,0,0,0,1,0.14285714285714285
11.127277689932466,0.5504566534708875,0,0,0,2,0.39285714285714285
12.100717685412471,0.3669695732549232,1,0,0,3,0.32142857142857145
12.577639650232573,0.09173895293097675,0,0,0,1,0.10714285714285714
12.611541086966115,0.11467483795797229,0,0,0,1,0.07142857142857142
13.304686600863562,0.12606479846237828,1,1,0,1,0.21428571428571427
13.060490101343552,0.03669282886618746,0,0,0,1,0.03571428571428571
11.918397239722838,0.13761072298496782,0,0,0,1,0.42857142857142855
12.899222326086994,0.13761072298496782,0,0,0,1,0.10714285714285714
11.608244735642321,0.4587131133629053,1,0,0,4,0.39285714285714285
12.100717685412471,0.25782687076546223,0,1,0,2,0.21428571428571427
12.429220196836383,0.1834824930389589,0,0,0,1,0.35714285714285715
11.289794413577894,0.3210978032009321,0,0,0,1,0.5
13.681980308196241,0.006600947710769315,0,0,0,1,0.07142857142857142
12.959846800844963,0.05504153688778389,0,0,0,1,0.17857142857142858
12.611541086966115,0.22935426309294996,0,0,0,1,0.03571428571428571
13.45883704259595,0.16054660801196335,1,0,0,1,0.14285714285714285
11.775297421715827,0.22935426309294996,0,0,0,2,0.35714285714285715
13.815511557963774,0.27522603314694105,1,0,0,2,0.10714285714285714
13.384729180332174,0.3073362721847348,1,0,0,1,0.10714285714285714
12.899222326086994,0.4587131133629053,0,0,0,2,0.25
13.592368256649284,0.27522603314694105,1,0,0,1,0.10714285714285714
13.42246945133505,0.3210978032009321,1,0,0,1,0.10714285714285714
12.25486757159303,0.22935426309294996,0,0,0,4,0.10714285714285714
11.918397239722838,0.5504566534708875,1,0,0,3,0.39285714285714285
10.714439990727769,0.4587131133629053,2,0,0,4,0.4642857142857143
13.153863982446317,0.41284134330891425,0,0,0,1,0.17857142857142858
13.017005083966255,0.3669695732549232,0,0,0,1,0.21428571428571427
11.80560254159177,0.41284134330891425,0,0,0,2,0.2857142857142857
13.142166004700508,0.7201822026706545,1,0,0,2,0.21428571428571427
13.122365377402328,0.09173895293097675,0,0,0,1,0.14285714285714285
11.775297421715827,0.3669695732549232,0,0,0,4,0.42857142857142855
13.26212705890841,0.27522603314694105,1,0,0,1,0.17857142857142858
13.217675375388819,0.22476708608755086,0,0,0,1,0.17857142857142858
11.884495917930655,0.4094238964398919,1,0,0,1,0.39285714285714285
12.757082940769225,0.022931297849990137,0,0,0,1,0.0
12.524530013005734,0.5045848834168964,1,0,0,1,0.25
13.353476685668044,0.9174308139028161,1,0,0,3,0.35714285714285715
11.982935344196433,0.41284134330891425,1,0,0,2,0.2857142857142857
11.918397239722838,0.28898756416313837,1,0,0,3,0.35714285714285715
13.217675375388819,0.10550048394717407,0,0,0,1,0.17857142857142858
12.762830066509972,0.4587131133629053,1,0,0,1,0.25
12.345834587905333,0.7706411497300446,1,0,0,4,0.5714285714285714
11.608244735642321,0.41284134330891425,1,0,0,3,0.42857142857142855
11.608244735642321,0.3210978032009321,0,0,0,3,0.42857142857142855
12.409017571151187,0.025454245202959646,0,0,0,2,0.07142857142857142
12.100717685412471,0.4587131133629053,0,0,0,2,0.21428571428571427
12.577639650232573,0.3669695732549232,0,0,0,2,0.21428571428571427
12.429220196836383,0.1834824930389589,0,0,0,1,0.35714285714285715
11.918397239722838,0.4587131133629053,1,0,0,1,0.35714285714285715
10.915106645867503,0.16054660801196335,0,0,0,3,0.5714285714285714
13.122365377402328,0.3440336882279276,1,0,0,2,0.5
12.577639650232573,0.6880719636328607,1,0,0,4,0.25
12.899222326086994,0.07339024490938031,0,0,1,1,0.03571428571428571
11.184435286790631,0.3210978032009321,0,0,0,1,0.39285714285714285
12.429220196836383,0.527520768443892,1,0,0,1,0.21428571428571427
13.26212705890841,0.11467483795797229,0,0,1,1,0.03571428571428571
14.077875591662238,0.04586718287698567,1,0,1,1,0.03571428571428571
12.959846800844963,0.0688030679039812,0,0,0,1,0.03571428571428571
13.060490101343552,0.04586718287698567,2,0,0,1,0.03571428571428571
12.301387370778713,0.3669695732549232,0,0,0,3,0.2857142857142857
12.644330802262578,0.007793613732173083,0,0,0,1,0.0
12.899222326086994,0.20741379547612604,1,1,0,1,0.14285714285714285
12.278397958261774,0.444951582346708,1,0,0,1,0.2857142857142857
12.644330802262578,0.09173895293097675,0,0,0,1,0.07142857142857142
13.527829818844937,0.22935426309294996,1,0,0,1,0.10714285714285714
12.230765258120545,0.5504566534708875,1,0,0,2,0.39285714285714285
12.468440756144114,0.22935426309294996,0,0,0,1,0.35714285714285715
12.100717685412471,0.1834824930389589,0,0,0,2,0.2857142857142857
11.736077016252437,0.5045848834168964,1,0,0,2,0.4642857142857143
12.948012371209098,0.7110078486598562,1,0,0,1,0.21428571428571427
12.301387370778713,0.3210978032009321,0,0,0,2,0.32142857142857145
12.206077645517674,0.3210978032009321,0,0,0,3,0.35714285714285715
11.775297421715827,0.4587131133629053,1,0,0,3,0.39285714285714285
12.721888795877375,0.188069670044358,0,1,0,1,0.14285714285714285
14.790070575320824,0.27522603314694105,1,1,1,1,0.10714285714285714
14.79946031214395,0.2568773251253446,1,1,1,1,0.07142857142857142
14.79946031214395,0.27522603314694105,1,1,1,1,0.10714285714285714
12.983101310070822,0.444951582346708,0,1,1,2,0.32142857142857145
13.122365377402328,0.27522603314694105,0,0,0,1,0.21428571428571427
12.577639650232573,0.27522603314694105,0,0,0,1,0.10714285714285714
13.07107218827772,0.22017990908215176,0,1,1,2,0.21428571428571427
12.506180941677357,0.871559043848825,1,0,0,3,0.39285714285714285
13.304686600863562,0.3669695732549232,0,0,0,1,0.03571428571428571
12.611541086966115,0.3210978032009321,1,0,0,2,0.25
12.936036208848487,0.3669695732549232,1,0,0,2,0.2857142857142857
13.592368256649284,0.13761072298496782,1,0,1,2,0.07142857142857142
12.948012371209098,0.20384955894293094,0,0,0,2,0.14285714285714285
14.038654909278163,0.13761072298496782,1,0,0,1,0.07142857142857142
12.506180941677357,0.5504566534708875,1,0,0,1,0.32142857142857145
12.873904582205107,0.3669695732549232,1,0,0,2,0.17857142857142858
12.899222326086994,0.5045848834168964,1,0,0,1,0.2857142857142857
11.51293546492023,0.7798155037408429,0,0,0,1,0.4642857142857143
13.652992804936396,0.21100555507135355,1,0,1,1,0.35714285714285715
12.791080452981857,0.5504566534708875,1,0,1,3,0.2857142857142857
13.060490101343552,0.41910283992128405,1,1,0,1,0.17857142857142858
12.793862088206213,0.41288721507896825,1,1,0,2,0.25
12.43320821811392,0.3669695732549232,1,0,0,1,0.25
10.714439990727769,0.16054660801196335,0,0,0,2,0.2857142857142857
11.225256725762893,0.3669695732549232,0,0,0,2,0.5
13.112315061750808,0.1458676415946862,1,1,0,1,0.25
12.644330802262578,0.27109757384208183,2,1,0,1,0.25
13.199326270390594,0.14311533539144675,0,1,0,1,0.14285714285714285
13.407543823396258,0.23394144009834908,1,1,0,1,0.14285714285714285
12.959846800844963,0.10412433084555434,1,1,0,2,0.25
14.07402202531625,0.2660516791361428,1,1,1,1,0.32142857142857145
13.42246945133505,0.23348272239780918,1,1,0,1,0.14285714285714285
13.795308871054397,0.04586718287698567,1,0,0,1,0.07142857142857142
12.676079399771027,0.27522603314694105,1,0,0,1,0.21428571428571427
12.429220196836383,0.3669695732549232,0,0,0,2,0.32142857142857145
13.304686600863562,0.3302721572117303,1,0,0,1,0.14285714285714285
12.611541086966115,0.4403644053413089,0,0,0,1,0.14285714285714285
12.628070334272698,0.3027490951793357,1,0,0,1,0.21428571428571427
12.506180941677357,0.3669695732549232,1,0,0,2,0.2857142857142857
12.611541086966115,0.41284134330891425,1,0,0,1,0.2857142857142857
11.571203807011969,0.3210978032009321,0,0,0,1,0.39285714285714285
11.407576060361786,0.3440336882279276,0,0,0,3,0.5
13.197472705176983,0.011082619645044244,0,0,0,1,0.03571428571428571
11.608244735642321,0.4587131133629053,1,0,0,4,0.39285714285714285
12.429220196836383,0.13761072298496782,0,0,0,2,0.14285714285714285
12.611541086966115,0.22935426309294996,0,0,0,1,0.39285714285714285
13.468787359304866,0.27522603314694105,1,0,0,1,0.07142857142857142
11.461642696843066,0.5504566534708875,0,0,0,4,0.4642857142857143
13.112315061750808,0.03210565186078835,2,0,0,1,0.0
12.206077645517674,0.16054660801196335,1,0,0,1,0.2857142857142857
11.608244735642321,0.5045848834168964,0,0,0,4,0.39285714285714285
11.51293546492023,0.5963284235248786,0,0,0,4,0.42857142857142855
11.918397239722838,0.11467483795797229,0,0,0,2,0.14285714285714285
13.142166004700508,0.16054660801196335,0,0,0,1,0.14285714285714285
10.819798284210286,0.3669695732549232,0,0,0,3,0.5357142857142857
11.350418300109132,0.3210978032009321,0,0,0,2,0.4642857142857143
13.07107218827772,0.10550048394717407,0,0,0,1,0.07142857142857142
12.959846800844963,0.1834824930389589,0,0,0,1,0.21428571428571427
13.081543466215237,0.5045848834168964,0,0,1,2,0.5
13.76421831620775,0.04586718287698567,1,0,0,1,0.03571428571428571
13.190023895035274,0.3669695732549232,1,0,0,1,0.17857142857142858
12.691583538230217,0.11467483795797229,1,0,0,3,0.39285714285714285
12.506180941677357,0.33944651122252856,0,0,0,3,0.25
12.611541086966115,0.27522603314694105,0,0,0,3,0.17857142857142858
12.691583538230217,0.3210978032009321,1,0,0,1,0.32142857142857145
12.765691290604371,0.4587131133629053,1,0,0,1,0.35714285714285715
12.345834587905333,0.6697232556112642,1,0,0,3,0.42857142857142855
12.691583538230217,0.5504566534708875,1,0,0,2,0.2857142857142857
11.156264806643742,0.3210978032009321,0,0,0,2,0.5357142857142857
12.154784614286667,0.5504566534708875,1,0,0,3,0.42857142857142855
12.75130259456002,0.3004555066766361,1,0,0,1,0.32142857142857145
13.840204146163925,0.3210978032009321,1,0,0,1,0.14285714285714285
11.695255355062795,0.22935426309294996,0,0,0,1,0.2857142857142857
11.652687407345388,0.41284134330891425,0,0,0,2,0.39285714285714285
12.611541086966115,0.5504566534708875,0,0,0,2,0.39285714285714285
12.73670383776449,0.2568773251253446,0,1,0,1,0.14285714285714285
11.407576060361786,0.3210978032009321,0,0,0,2,0.5357142857142857
11.918397239722838,0.6435763466804894,0,0,0,1,0.5
11.661345470088502,0.3210978032009321,0,0,0,1,0.35714285714285715
12.959846800844963,0.16513378501736248,1,1,0,1,0.10714285714285714
13.217675375388819,0.0596149523621668,1,1,0,1,0.10714285714285714
13.122365377402328,0.1834824930389589,0,0,1,1,0.10714285714285714
12.611541086966115,0.11467483795797229,1,0,0,2,0.25
13.955273369904273,0.121234501075693,1,1,0,1,0.07142857142857142
13.07107218827772,0.11283996715581264,0,1,0,1,0.17857142857142858
12.468440756144114,0.13064280111376658,0,1,0,1,0.32142857142857145
12.765691290604371,0.4587131133629053,0,0,0,1,0.25
13.527829818844937,0.19260180092569232,1,1,0,1,0.25
12.765691290604371,0.035124014330340965,0,1,1,1,0.10714285714285714
12.100717685412471,0.1393309143619925,0,1,0,1,0.39285714285714285
13.322853874813605,0.1577943018087239,1,1,0,1,0.10714285714285714
12.691583538230217,0.08485818742287808,0,1,0,1,0.10714285714285714
12.323860125621126,0.22017990908215176,0,1,0,1,0.2857142857142857
12.611541086966115,0.13275748971325557,0,1,1,1,0.21428571428571427
12.899222326086994,0.22935426309294996,1,0,0,2,0.10714285714285714
13.47442911525415,0.24586810031238676,1,1,0,1,0.2857142857142857
13.654168582642953,0.2461066335166675,1,1,0,1,0.17857142857142858
12.834683971615659,0.10550048394717407,0,1,0,2,0.14285714285714285
12.524530013005734,0.04683507722512489,0,0,0,1,0.4642857142857143
11.695255355062795,0.5504566534708875,1,0,0,3,0.5357142857142857
12.765691290604371,0.5504566534708875,1,0,0,1,0.17857142857142858
12.92391243868049,0.16054660801196335,0,0,0,1,0.10714285714285714
13.122365377402328,0.5963284235248786,1,0,0,1,0.2857142857142857
12.301387370778713,0.41284134330891425,1,0,0,2,0.25
11.695255355062795,0.3669695732549232,0,0,0,2,0.42857142857142855
11.156264806643742,0.2522901481199455,0,0,0,2,0.4642857142857143
13.592368256649284,0.0688030679039812,0,0,0,1,0.10714285714285714
13.171155446333852,0.6651360786058652,1,0,0,1,0.2857142857142857
12.611541086966115,0.16054660801196335,0,0,0,1,0.14285714285714285
12.180759965737863,0.2568773251253446,0,0,0,2,0.42857142857142855
11.775297421715827,0.44953875935210713,1,0,0,2,0.4642857142857143
12.611541086966115,0.6192643085518741,1,0,0,2,0.32142857142857145
11.695255355062795,0.27522603314694105,0,0,0,3,0.6428571428571429
13.017005083966255,0.5504566534708875,1,0,0,3,0.35714285714285715
11.982935344196433,0.46788746737370357,1,0,0,2,0.35714285714285715
13.592368256649284,0.16054660801196335,1,0,0,1,0.07142857142857142
11.51293546492023,0.3669695732549232,0,0,0,1,0.25
13.623139877437296,0.06237643291941706,0,1,1,1,0.10714285714285714
12.487488878546145,0.1510649131418034,0,1,0,1,0.17857142857142858
12.07254696717504,0.2502305056445213,0,1,0,1,0.42857142857142855
12.43320821811392,0.2619782659553484,0,1,0,1,0.21428571428571427
13.062615496138552,0.18818434946949297,0,1,1,1,0.17857142857142858
13.384729180332174,0.022931297849990137,1,0,0,1,0.03571428571428571
13.384729180332174,0.022931297849990137,1,0,0,1,0.03571428571428571
12.323860125621126,0.24367542970380598,0,1,0,2,0.2857142857142857
12.409017571151187,0.2940839178161368,2,1,0,1,0.25
12.30592250537653,0.361886981132941,0,1,0,1,0.32142857142857145
12.509877789891931,0.33996486222413863,0,1,0,1,0.32142857142857145
12.577639650232573,0.3669695732549232,0,1,0,1,0.2857142857142857
13.171155446333852,0.1788953160335598,0,1,0,1,0.10714285714285714
12.840003118946523,0.3888733434557039,0,1,0,1,0.2857142857142857
11.461642696843066,0.09530777664117725,0,1,0,1,0.2857142857142857
13.545014620881725,0.2955976862279185,1,1,0,1,0.17857142857142858
13.017005083966255,0.19812476204019283,0,1,0,1,0.17857142857142858
11.849404844423074,0.20373946669480136,0,1,0,1,0.21428571428571427
13.460264592549233,0.3669282886618746,1,1,0,1,0.14285714285714285
12.531776395271262,0.2871572805379841,1,1,0,2,0.32142857142857145
13.161586013632684,0.22935426309294996,0,0,1,1,0.07142857142857142
13.217675375388819,0.4587131133629053,1,0,0,1,0.10714285714285714
12.468440756144114,0.444951582346708,1,0,0,3,0.32142857142857145
12.948012371209098,0.4587131133629053,1,0,0,1,0.17857142857142858
10.463131911491967,0.4587131133629053,0,0,0,3,0.6428571428571429
13.955273369904273,0.09173895293097675,1,0,0,1,0.07142857142857142
13.429849547739444,0.21100555507135355,0,0,0,1,0.10714285714285714
12.959846800844963,0.1834824930389589,1,0,0,1,0.2857142857142857
13.017005083966255,0.3210978032009321,1,0,0,2,0.21428571428571427
13.28787951079572,0.4110064725067546,1,0,0,3,0.42857142857142855
13.750438561220559,0.2788957747512603,0,0,0,1,0.10714285714285714
12.948012371209098,0.47706182138450176,1,0,0,2,0.17857142857142858
13.017005083966255,0.3669695732549232,1,0,0,2,0.21428571428571427
10.596659732783579,0.3170198028431323,0,0,0,3,0.5714285714285714
13.161586013632684,0.3210978032009321,1,0,0,2,0.21428571428571427
11.289794413577894,0.5504566534708875,0,0,0,1,0.4642857142857143
10.915106645867503,0.1834824930389589,0,0,0,1,0.21428571428571427
11.289794413577894,0.4587131133629053,1,0,0,3,0.6785714285714286
12.25486757159303,0.09173895293097675,0,0,0,1,0.03571428571428571
12.611541086966115,0.22935426309294996,0,0,0,2,0.17857142857142858
12.468440756144114,0.22935426309294996,1,0,0,1,0.10714285714285714
12.429220196836383,0.3210978032009321,1,0,0,1,0.14285714285714285
11.289794413577894,0.41284134330891425,1,0,0,1,0.42857142857142855
13.017005083966255,0.6880719636328607,1,0,0,2,0.35714285714285715
12.644330802262578,0.5504566534708875,1,0,0,2,0.5357142857142857
13.122365377402328,0.4587131133629053,1,0,0,1,0.2857142857142857
13.592368256649284,0.3210978032009321,1,0,0,2,0.14285714285714285
13.641158361294979,0.3210978032009321,1,0,0,2,0.14285714285714285
13.102162710901053,0.22935426309294996,0,0,0,1,0.14285714285714285
11.736077016252437,0.3715567502603223,1,0,0,2,0.35714285714285715
12.899222326086994,0.5504566534708875,1,0,0,3,0.2857142857142857
13.815511557963774,0.016509250042431388,1,1,0,1,0.17857142857142858
13.180634172318978,0.06546360304405066,0,1,0,1,0.17857142857142858
13.641158361294979,0.22574415478970086,1,1,0,1,0.10714285714285714
12.345834587905333,0.1834824930389589,0,0,0,1,0.17857142857142858
10.596659732783579,0.1834824930389589,0,0,0,4,0.7857142857142857
11.775297421715827,0.3669695732549232,0,0,0,1,0.2857142857142857
12.206077645517674,0.3210978032009321,0,0,0,1,0.17857142857142858
11.695255355062795,0.3210978032009321,1,0,0,1,0.32142857142857145
11.225256725762893,0.26146450213074374,0,0,0,1,0.6071428571428571
12.429220196836383,0.5504566534708875,1,0,0,1,0.14285714285714285
11.51293546492023,0.13761072298496782,0,0,0,1,0.5357142857142857
12.54254845357358,0.014857866320487708,0,0,0,2,0.25
13.199326270390594,0.022931297849990137,0,0,0,1,0.17857142857142858
13.45883704259595,0.04586718287698567,0,0,0,1,0.07142857142857142
12.765691290604371,0.41284134330891425,0,0,0,2,0.21428571428571427
12.676079399771027,0.4587131133629053,1,0,0,1,0.32142857142857145
13.07107218827772,0.41284134330891425,1,0,0,1,0.14285714285714285
12.301387370778713,0.6422001935788696,1,0,0,2,0.32142857142857145
12.25486757159303,0.0631608401873403,1,0,0,1,0.25
11.0186455364637,0.021266152597030262,0,0,0,2,0.5357142857142857
12.779875885354993,0.4587131133629053,1,0,1,2,0.39285714285714285
11.918397239722838,0.27522603314694105,1,0,0,1,0.2857142857142857
11.798111925972618,0.3669695732549232,1,0,0,1,0.32142857142857145
13.384729180332174,0.22935426309294996,1,0,1,1,0.17857142857142858
12.25486757159303,0.1834824930389589,0,0,0,2,0.21428571428571427
11.775297421715827,0.4307313336299708,1,0,0,2,0.25
11.002116507732017,0.3210978032009321,0,0,0,1,0.4642857142857143
11.695255355062795,0.5504566534708875,1,0,0,3,0.5357142857142857
14.88022163978423,0.1834824930389589,1,0,1,1,0.10714285714285714
11.51293546492023,0.5504566534708875,1,0,0,2,0.5357142857142857
11.277215789596893,0.3669695732549232,0,0,0,1,0.5714285714285714
11.695255355062795,0.5045848834168964,1,0,0,1,0.2857142857142857
11.736077016252437,0.15595943100656426,0,1,0,1,0.5357142857142857
12.959846800844963,0.09173895293097675,1,1,0,1,0.25
11.156264806643742,0.5366951224546902,0,0,0,2,0.6785714285714286
13.335862167174314,0.0068761783310932615,0,0,0,1,0.0
12.936036208848487,0.2246065348923619,0,1,0,1,0.10714285714285714
12.487488878546145,0.2522901481199455,0,1,0,1,0.21428571428571427
11.156264806643742,0.27522603314694105,0,0,0,1,0.42857142857142855
12.546113507028412,0.1834824930389589,1,0,0,1,0.17857142857142858
12.259618151783465,0.3669695732549232,1,0,0,1,0.25
13.217675375388819,0.05045435988238478,0,0,0,1,0.07142857142857142
12.765691290604371,0.5045848834168964,1,0,0,1,0.21428571428571427
12.948012371209098,0.09123436346038284,0,1,1,1,0.10714285714285714
12.506180941677357,0.09618392744920848,0,1,0,1,0.17857142857142858
12.896719202134523,0.09262886527002417,0,1,0,1,0.14285714285714285
12.994532278619134,0.16046403882586618,0,1,0,1,0.14285714285714285
12.429220196836383,0.20452846113973,0,1,0,1,0.2857142857142857
13.384729180332174,0.2656113101436245,1,1,0,1,0.14285714285714285
12.506180941677357,0.2718223478089349,0,1,0,1,0.17857142857142858
12.873904582205107,0.2790150413534007,0,1,0,1,0.14285714285714285
14.220976332738882,0.22935426309294996,1,0,0,1,0.07142857142857142
12.323860125621126,0.16054660801196335,0,0,0,1,0.21428571428571427
13.710151153416941,0.5045848834168964,1,0,0,2,0.17857142857142858
14.285514812209815,0.1834824930389589,1,0,1,1,0.07142857142857142
13.592368256649284,0.04586718287698567,0,0,0,1,0.03571428571428571
12.676079399771027,0.22935426309294996,1,0,0,1,0.25
12.611541086966115,0.11467483795797229,0,0,0,1,0.14285714285714285
13.51440681653079,0.11467483795797229,0,0,0,1,0.07142857142857142
12.765691290604371,0.005958742930013441,0,0,0,1,0.03571428571428571
12.54254845357358,0.1834824930389589,0,0,0,1,0.21428571428571427
13.42246945133505,0.22935426309294996,1,0,1,1,0.07142857142857142
12.611541086966115,0.09173895293097675,0,0,0,1,0.32142857142857145
12.899222326086994,0.34862086523332675,1,0,0,3,0.32142857142857145
12.948012371209098,0.4587131133629053,1,0,0,3,0.35714285714285715
12.611541086966115,0.5504566534708875,1,0,0,1,0.42857142857142855
12.04355959836804,0.3210978032009321,0,0,0,1,0.35714285714285715
12.25486757159303,0.3210978032009321,0,0,0,3,0.21428571428571427
13.304686600863562,0.27522603314694105,1,0,0,2,0.17857142857142858
12.468440756144114,0.17430813902816067,0,0,0,2,0.21428571428571427
11.314486721293981,0.08715177592557764,0,0,0,1,0.17857142857142858
13.444448325847754,0.3440336882279276,1,0,0,1,0.14285714285714285
12.611541086966115,0.3210978032009321,1,0,0,1,0.17857142857142858
14.038654909278163,0.13761072298496782,1,0,0,1,0.10714285714285714
13.591117476312084,0.1454410341331841,1,0,0,1,0.10714285714285714
13.815511557963774,0.825687273794834,1,0,0,1,0.35714285714285715
12.154784614286667,0.41284134330891425,0,0,0,2,0.21428571428571427
12.429220196836383,0.13761072298496782,1,0,0,1,0.21428571428571427
12.206077645517674,0.27522603314694105,0,0,0,1,0.39285714285714285
12.611541086966115,0.41284134330891425,1,0,0,2,0.5357142857142857
12.429220196836383,0.5504566534708875,0,0,0,2,0.17857142857142858
11.407576060361786,0.3210978032009321,0,0,0,3,0.42857142857142855
11.127277689932466,0.3210978032009321,0,0,0,1,0.6785714285714286
13.122365377402328,0.12155560346607094,0,0,0,1,0.10714285714285714
13.710151153416941,0.22935426309294996,1,0,0,1,0.10714285714285714
11.51293546492023,0.23852861710374818,0,0,0,2,0.4642857142857143
13.45883704259595,0.7339437336868517,1,0,0,1,0.14285714285714285
14.375126917328105,0.5320712480332479,1,1,1,3,0.2857142857142857
12.577639650232573,0.5045848834168964,0,0,0,2,0.10714285714285714
13.864301674514206,0.444951582346708,1,0,0,2,0.21428571428571427
11.156264806643742,0.4587131133629053,1,0,0,3,0.42857142857142855
13.161586013632684,0.188069670044358,1,0,0,1,0.14285714285714285
11.918397239722838,0.41284134330891425,1,0,0,1,0.2857142857142857
11.695255355062795,0.41284134330891425,0,0,0,1,0.42857142857142855
13.304686600863562,0.11467483795797229,0,0,0,1,0.14285714285714285
11.918397239722838,0.3210978032009321,1,0,0,2,0.35714285714285715
12.899222326086994,0.27522603314694105,0,0,0,1,0.32142857142857145
12.644330802262578,0.13761072298496782,0,0,0,2,0.17857142857142858
13.217675375388819,0.13761072298496782,0,0,0,1,0.17857142857142858
13.217675375388819,0.27522603314694105,1,0,0,1,0.14285714285714285
12.676079399771027,0.33485933421712943,1,0,0,1,0.25
10.819798284210286,0.4587131133629053,0,0,0,4,1.0
13.122365377402328,0.14678507699576604,0,0,0,1,0.07142857142857142
12.793862088206213,0.12155560346607094,0,0,0,1,0.07142857142857142
13.45883704259595,0.22935426309294996,1,0,0,2,0.10714285714285714
13.45883704259595,0.5045848834168964,1,0,0,2,0.2857142857142857
13.39239204133378,0.3853182812765196,1,1,0,1,0.10714285714285714
13.45883704259595,0.22935426309294996,1,0,0,2,0.10714285714285714
12.206077645517674,0.5045848834168964,3,0,0,1,0.32142857142857145
12.834683971615659,0.6880719636328607,1,0,0,1,0.2857142857142857
13.060490101343552,0.500236239615778,1,1,0,1,0.2857142857142857
13.217675375388819,0.41585970577846687,1,1,0,1,0.17857142857142858
13.122365377402328,0.5045848834168964,1,0,0,2,0.21428571428571427
12.25486757159303,0.11467483795797229,0,0,0,1,0.17857142857142858
12.506180941677357,0.09173895293097675,0,0,0,1,0.07142857142857142
12.611541086966115,0.3669695732549232,0,0,0,1,0.35714285714285715
11.289794413577894,0.27522603314694105,0,0,0,3,0.4642857142857143
14.187764221045963,0.3715567502603223,1,1,1,1,0.25
13.897091466615258,0.0688030679039812,1,0,0,1,0.07142857142857142
12.409017571151187,0.3440336882279276,1,1,1,1,0.39285714285714285
13.45883704259595,0.11720695966495259,0,1,0,2,0.10714285714285714
12.611541086966115,0.09173895293097675,0,0,0,1,0.07142857142857142
12.765691290604371,0.3669695732549232,1,0,0,1,0.10714285714285714
13.361381852676738,0.11467483795797229,0,1,1,1,0.10714285714285714
12.691583538230217,0.18669351694273828,0,0,0,1,0.2857142857142857
13.955273369904273,0.3004555066766361,1,1,1,1,0.10714285714285714
11.608244735642321,0.1926568470497571,0,1,0,1,0.42857142857142855
13.698977865303197,0.03669282886618746,0,1,0,1,0.07142857142857142
11.19822841866684,0.3669695732549232,0,0,0,2,0.4642857142857143
12.04355959836804,0.35320804223872587,0,0,0,1,0.21428571428571427
13.527829818844937,0.027518474855389243,0,1,0,1,0.14285714285714285
12.54254845357358,0.13228042330469406,0,0,0,1,0.10714285714285714
13.444448325847754,0.051252528681324225,0,1,0,1,0.07142857142857142
11.775297421715827,0.5504566534708875,0,0,0,1,0.42857142857142855
11.19822841866684,0.3669695732549232,0,0,0,2,0.4642857142857143
11.350418300109132,0.38990545828191875,0,0,0,2,0.4642857142857143
14.269766465162304,0.04586718287698567,0,0,1,1,0.07142857142857142
12.691583538230217,0.4816489983899009,1,0,0,1,0.25
11.350418300109132,0.5504566534708875,0,0,0,2,0.7857142857142857
13.664688831019712,0.13761072298496782,1,1,0,2,0.07142857142857142
13.444448325847754,0.188069670044358,1,0,0,1,0.10714285714285714
13.384729180332174,0.2477029711145464,1,1,0,1,0.25
12.834683971615659,0.1834824930389589,1,0,0,1,0.21428571428571427
13.171155446333852,0.32568498020633124,1,1,0,1,0.25
12.706850963741102,0.3325657457144299,0,1,0,1,0.14285714285714285
12.54254845357358,0.3513731714365662,0,1,0,1,0.25
13.060490101343552,0.1834824930389589,0,0,0,1,0.21428571428571427
12.765691290604371,0.5045848834168964,1,0,0,1,0.32142857142857145
13.081543466215237,0.28898756416313837,0,1,0,1,0.2857142857142857
13.3374763699232,0.27522603314694105,1,0,0,1,0.14285714285714285
12.429220196836383,0.2660516791361428,0,0,0,1,0.21428571428571427
11.273309485087486,0.3669695732549232,0,0,0,2,0.35714285714285715
12.765691290604371,0.3669695732549232,1,0,0,1,0.2857142857142857
12.429220196836383,0.3210978032009321,0,0,0,2,0.25
12.468440756144114,0.44816260625048737,0,0,0,4,0.32142857142857145
13.369225017834633,0.16513378501736248,1,0,0,2,0.14285714285714285
12.301387370778713,0.41284134330891425,1,0,0,2,0.42857142857142855
13.049794835104816,0.5963284235248786,1,0,0,1,0.17857142857142858
12.345834587905333,0.5504566534708875,1,0,0,2,0.35714285714285715
12.959846800844963,0.0688030679039812,0,0,0,1,0.07142857142857142
11.461642696843066,0.5504566534708875,0,0,0,3,0.42857142857142855
12.04355959836804,0.7798155037408429,3,0,0,3,0.2857142857142857
12.345834587905333,0.17201455052546114,0,0,0,2,0.14285714285714285
10.714439990727769,0.22935426309294996,0,0,0,3,0.75
13.079457964073546,0.6651360786058652,0,0,0,3,0.4642857142857143
12.821260987319457,0.27522603314694105,0,0,0,1,0.14285714285714285
12.73670383776449,0.13761072298496782,0,0,0,1,0.14285714285714285
13.3374763699232,0.16054660801196335,0,0,0,1,0.14285714285714285
12.506180941677357,0.27522603314694105,1,0,0,1,0.2857142857142857
12.899222326086994,0.16054660801196335,1,0,0,1,0.07142857142857142
12.468440756144114,0.1834824930389589,0,0,0,1,0.17857142857142858
10.778977123006351,0.22935426309294996,0,0,0,4,0.6071428571428571
11.51293546492023,0.10917022555149336,0,0,0,2,0.17857142857142858
13.102162710901053,0.3210978032009321,1,0,0,1,0.17857142857142858
11.695255355062795,0.41284134330891425,3,0,0,2,0.35714285714285715
11.736077016252437,0.46788746737370357,0,0,0,2,0.42857142857142855
11.982935344196433,0.3669695732549232,0,0,0,1,0.25
12.154784614286667,0.022931297849990137,0,0,0,1,0.03571428571428571
14.346139397261565,0.04586718287698567,1,0,0,1,0.03571428571428571
12.429220196836383,0.22935426309294996,0,0,0,1,0.32142857142857145
13.122365377402328,0.0688030679039812,0,0,0,1,0.03571428571428571
12.899222326086994,0.16054660801196335,0,0,0,2,0.42857142857142855
13.122365377402328,0.09173895293097675,0,0,0,1,0.32142857142857145
14.403297778421795,0.45412593635750625,1,0,1,1,0.21428571428571427
12.676079399771027,0.41284134330891425,0,0,0,1,0.42857142857142855
12.429220196836383,0.21559273207675264,0,1,1,1,0.4642857142857143
11.561725152903833,0.41284134330891425,1,0,0,3,0.35714285714285715
13.217675375388819,0.09173895293097675,0,0,0,1,0.07142857142857142
13.304686600863562,0.005041307528933619,0,0,1,1,0.03571428571428571
12.25486757159303,0.1834824930389589,0,0,0,1,0.0
12.25486757159303,0.0688030679039812,0,0,0,1,0.2857142857142857
11.918397239722838,0.1834824930389589,0,0,0,1,0.39285714285714285
11.736077016252437,0.27522603314694105,0,0,0,1,0.42857142857142855
12.847929163278053,0.09173895293097675,0,0,0,1,0.14285714285714285
13.304686600863562,0.022931297849990137,0,0,0,1,0.03571428571428571
13.102162710901053,0.1238491919687705,0,0,0,1,0.14285714285714285
13.208542908506082,0.17430813902816067,1,0,0,2,0.07142857142857142
12.429220196836383,0.11467483795797229,0,0,0,1,0.17857142857142858
13.864301674514206,0.005041307528933619,0,0,0,1,0.0
11.51293546492023,0.4587131133629053,0,0,0,1,0.4642857142857143
12.429220196836383,0.4587131133629053,1,0,0,2,0.21428571428571427
11.51293546492023,0.5045848834168964,0,0,0,1,0.4642857142857143
12.765691290604371,0.27522603314694105,1,0,0,2,0.14285714285714285
12.821260987319457,0.3210978032009321,1,0,0,2,0.2857142857142857
11.703554089007538,0.5045848834168964,0,0,0,2,0.5714285714285714
13.25339339419516,0.20218441368997106,0,1,1,1,0.10714285714285714
13.573440270649085,0.11008766095257318,1,0,0,1,0.10714285714285714
13.652992804936396,0.13761072298496782,1,0,0,1,0.07142857142857142
12.834683971615659,0.13761072298496782,0,0,0,2,0.14285714285714285
13.335862167174314,0.1834824930389589,0,0,0,1,0.10714285714285714
12.721888795877375,0.41284134330891425,1,0,0,2,0.32142857142857145
13.122365377402328,0.22935426309294996,1,0,0,1,0.5
11.002116507732017,0.4587131133629053,0,0,0,2,0.6071428571428571
11.775297421715827,0.22935426309294996,0,0,0,2,0.35714285714285715
12.25486757159303,0.9633025839568071,1,0,0,1,0.17857142857142858
14.45736497045232,0.09173895293097675,1,0,0,1,0.03571428571428571
12.506180941677357,0.3210978032009321,1,0,0,2,0.25
12.323860125621126,0.4587131133629053,0,0,0,2,0.35714285714285715
11.918397239722838,0.7339437336868517,0,0,0,2,0.32142857142857145
12.06105265381003,0.3210978032009321,1,0,0,1,0.25
13.47302165746721,0.5045848834168964,1,0,1,1,0.10714285714285714
14.220976332738882,0.09173895293097675,0,0,0,1,0.03571428571428571
13.217675375388819,0.09173895293097675,0,0,0,1,0.10714285714285714
10.968215530759236,0.3210978032009321,0,0,0,2,0.42857142857142855
13.997832948091215,0.27522603314694105,0,0,1,3,0.2857142857142857
13.122365377402328,0.6880719636328607,1,0,0,1,0.25
11.695255355062795,0.3807311042711205,0,0,0,2,0.39285714285714285
12.611541086966115,0.13761072298496782,0,0,0,1,0.07142857142857142
12.59473402514672,0.09632612993637585,0,0,0,1,0.17857142857142858
13.282781802386296,0.3669695732549232,2,0,0,1,0.07142857142857142
12.971542813248437,0.22935426309294996,0,0,0,2,0.2857142857142857
11.719947764402807,0.22935426309294996,0,0,0,2,0.4642857142857143
13.017005083966255,0.2224734975848513,1,0,1,2,0.2857142857142857
11.775297421715827,0.27522603314694105,0,0,0,3,0.4642857142857143
11.608244735642321,0.41284134330891425,1,0,0,2,0.35714285714285715
12.676079399771027,0.3210978032009321,0,0,0,2,0.17857142857142858
12.611541086966115,0.22935426309294996,0,0,0,1,0.21428571428571427
12.765691290604371,0.5045848834168964,0,0,0,1,0.14285714285714285
13.592368256649284,0.22935426309294996,0,0,0,1,0.07142857142857142
12.506180941677357,0.8027513887678384,1,0,0,1,0.14285714285714285
13.199326270390594,0.27522603314694105,0,0,0,1,0.10714285714285714
11.982935344196433,0.27522603314694105,2,0,0,2,0.32142857142857145
12.73670383776449,0.4587131133629053,1,0,0,2,0.25
12.765691290604371,0.1834824930389589,0,0,0,2,0.10714285714285714
12.611541086966115,0.4587131133629053,1,0,0,1,0.32142857142857145
12.706850963741102,0.28898756416313837,1,0,0,1,0.25
12.691583538230217,0.3669695732549232,2,0,0,2,0.14285714285714285
12.429220196836383,0.2522901481199455,1,0,0,1,0.25
12.429220196836383,0.2522901481199455,1,0,0,1,0.25
12.388398368982115,0.27522603314694105,0,0,0,1,0.17857142857142858
13.208542908506082,0.022931297849990137,0,0,0,1,0.0
12.611541086966115,0.22017990908215176,0,1,0,1,0.17857142857142858
11.775297421715827,0.3669695732549232,0,0,0,2,0.35714285714285715
12.388398368982115,0.22935426309294996,0,0,0,1,0.10714285714285714
12.793862088206213,0.0688030679039812,0,0,0,1,0.07142857142857142
12.429220196836383,0.3210978032009321,1,0,0,1,0.2857142857142857
13.07107218827772,0.4816489983899009,1,1,1,1,0.03571428571428571
13.304686600863562,0.22935426309294996,1,0,0,2,0.14285714285714285
11.918397239722838,0.3669695732549232,1,0,0,2,0.35714285714285715
13.45883704259595,0.22935426309294996,1,0,0,1,0.10714285714285714
14.070153551531353,0.022931297849990137,1,0,0,1,0.14285714285714285
11.289794413577894,0.2660516791361428,0,0,0,1,0.5714285714285714
12.959846800844963,0.05504153688778389,0,0,0,1,0.17857142857142858
13.122365377402328,0.04586718287698567,0,0,1,1,0.07142857142857142
12.170450649220749,0.20641837806595442,0,0,0,2,0.2857142857142857
13.592368256649284,0.04586718287698567,0,0,0,1,0.17857142857142858
11.918397239722838,0.22935426309294996,0,0,0,1,0.42857142857142855
11.289794413577894,0.1834824930389589,0,0,0,4,0.6428571428571429
11.775297421715827,0.4587131133629053,1,0,0,3,0.35714285714285715
12.54254845357358,0.3669695732549232,1,0,0,2,0.2857142857142857
12.345834587905333,0.5045848834168964,1,0,0,2,0.32142857142857145
11.289794413577894,0.5504566534708875,0,0,0,1,0.42857142857142855
11.156264806643742,0.04586718287698567,0,0,0,1,0.35714285714285715
12.388398368982115,0.27522603314694105,1,0,0,2,0.25
12.847929163278053,0.3302721572117303,1,0,0,2,0.35714285714285715
12.388398368982115,0.27522603314694105,1,0,0,2,0.25
11.289794413577894,0.5045848834168964,0,0,0,1,0.5
12.487488878546145,0.22935426309294996,0,0,0,1,0.25
12.676079399771027,0.11467483795797229,0,0,0,1,0.07142857142857142
13.122365377402328,0.5504566534708875,1,0,0,3,0.21428571428571427
14.077875591662238,0.2522901481199455,1,0,0,1,0.14285714285714285
14.220976332738882,0.16054660801196335,1,0,0,1,0.07142857142857142
14.403297778421795,0.5045848834168964,1,0,1,1,0.14285714285714285
13.304686600863562,0.3669695732549232,1,0,0,2,0.21428571428571427
12.948012371209098,0.3669695732549232,0,0,0,1,0.07142857142857142
11.849404844423074,0.5504566534708875,0,0,0,1,0.39285714285714285
12.611541086966115,0.4587131133629053,1,0,0,2,0.35714285714285715
11.51293546492023,0.27522603314694105,0,1,0,2,0.5
12.765691290604371,0.11467483795797229,0,1,0,1,0.10714285714285714
13.652992804936396,0.08715177592557764,0,1,0,1,0.07142857142857142
11.849404844423074,0.2477029711145464,0,1,0,1,0.42857142857142855
13.217675375388819,0.07843613961531934,0,1,0,2,0.17857142857142858
13.171155446333852,0.08715177592557764,0,1,1,1,0.10714285714285714
13.060490101343552,0.6697232556112642,1,1,0,1,0.17857142857142858
13.710151153416941,0.44953875935210713,1,1,1,1,0.25
11.289794413577894,0.5504566534708875,0,0,0,2,0.7857142857142857
12.07254696717504,0.8027513887678384,1,0,0,1,0.32142857142857145
14.115615891155079,0.0688030679039812,1,0,1,2,0.10714285714285714
13.592368256649284,0.22935426309294996,1,0,0,1,0.10714285714285714
12.429220196836383,0.0688030679039812,0,0,0,1,0.10714285714285714
13.45883704259595,0.11467483795797229,0,0,1,1,0.07142857142857142
13.592368256649284,0.11467483795797229,1,0,0,1,0.03571428571428571
13.399996629152975,0.316510626195533,1,0,0,1,0.25
13.049794835104816,0.27522603314694105,1,0,0,3,0.17857142857142858
13.304686600863562,0.3027490951793357,1,0,0,3,0.10714285714285714
11.918397239722838,0.5045848834168964,0,0,0,1,0.35714285714285715
13.017005083966255,0.357795219244125,1,0,0,2,0.21428571428571427
13.488395803228677,0.04586718287698567,0,0,0,1,0.03571428571428571
12.611541086966115,0.16054660801196335,0,0,0,1,0.07142857142857142
13.815511557963774,0.04586718287698567,1,0,0,1,0.03571428571428571
12.611541086966115,0.1834824930389589,0,0,0,1,0.14285714285714285
13.017005083966255,0.5504566534708875,1,0,0,1,0.25
11.277215789596893,0.3210978032009321,0,0,1,1,0.8214285714285714
13.208542908506082,0.1834824930389589,1,0,0,1,0.10714285714285714
13.64709190633931,0.09173895293097675,1,0,0,1,0.07142857142857142
13.45883704259595,0.42660287432511157,1,0,0,1,0.14285714285714285
13.384729180332174,0.7293565566814527,1,0,0,1,0.14285714285714285
13.171155446333852,0.3440336882279276,1,0,0,2,0.21428571428571427
11.608244735642321,0.46375900806884435,1,0,0,3,0.5
12.100717685412471,0.3027490951793357,1,0,0,1,0.32142857142857145
12.54254845357358,0.13761072298496782,0,0,0,2,0.2857142857142857
12.899222326086994,0.04586718287698567,0,0,0,1,0.03571428571428571
13.345508528717259,0.5779797155032821,1,0,0,2,0.2857142857142857
13.190023895035274,0.3210978032009321,1,0,0,1,0.17857142857142858
13.038981768465277,0.22935426309294996,1,0,0,1,0.10714285714285714
12.611541086966115,0.4587131133629053,1,0,0,1,0.35714285714285715
12.54254845357358,0.27522603314694105,0,0,1,1,0.4642857142857143
13.122365377402328,0.3210978032009321,0,0,0,1,0.21428571428571427
13.997832948091215,0.00550002522947353,0,0,0,1,0.03571428571428571
12.611541086966115,0.1834824930389589,0,0,0,1,0.14285714285714285
12.100717685412471,0.3669695732549232,1,0,0,3,0.32142857142857145
12.100717685412471,0.6167138381368722,0,0,1,2,0.32142857142857145
11.264476926102367,0.5504566534708875,0,0,0,2,0.39285714285714285
11.982935344196433,0.5504566534708875,1,0,0,1,0.32142857142857145
11.608244735642321,0.4587131133629053,0,0,0,2,0.42857142857142855
13.017005083966255,0.5045848834168964,1,0,0,2,0.32142857142857145
14.115615891155079,0.16054660801196335,1,0,0,1,0.03571428571428571
11.695255355062795,0.7568796187138473,0,0,0,2,0.6071428571428571
13.854732232655556,0.1926568470497571,1,0,0,1,0.07142857142857142
12.873904582205107,0.3210978032009321,1,0,0,2,0.21428571428571427
11.082157933374816,0.27522603314694105,0,0,0,2,0.32142857142857145
12.676079399771027,0.527520768443892,1,0,0,3,0.25
13.487007879880162,0.3210978032009321,1,0,0,1,0.10714285714285714
12.301387370778713,0.3669695732549232,0,0,0,2,0.4642857142857143
12.323860125621126,0.29816191817393656,0,1,0,1,0.32142857142857145
12.206077645517674,0.6880719636328607,1,0,0,2,0.35714285714285715
12.983101310070822,0.3440336882279276,1,1,0,2,0.17857142857142858
12.611541086966115,0.29219858806691773,1,0,0,1,0.2857142857142857
13.45883704259595,0.3431162528268478,1,0,0,1,0.07142857142857142
13.122365377402328,0.4816489983899009,1,0,0,2,0.39285714285714285
13.122365377402328,0.1834824930389589,1,0,0,1,0.14285714285714285
12.899222326086994,0.41284134330891425,1,0,0,2,0.14285714285714285
13.623139877437296,0.3440336882279276,1,1,0,2,0.17857142857142858
13.487007879880162,0.0688030679039812,1,0,0,1,0.07142857142857142
11.608244735642321,0.13761072298496782,0,0,0,2,0.39285714285714285
13.304686600863562,0.4587131133629053,1,0,0,2,0.21428571428571427
12.524530013005734,0.7110078486598562,1,0,1,3,0.39285714285714285
14.66950068935403,0.6834847866274616,1,0,1,2,0.2857142857142857
13.51440681653079,0.27522603314694105,1,0,0,1,0.10714285714285714
13.592368256649284,0.41284134330891425,1,0,0,1,0.10714285714285714
13.910821646859095,0.4587131133629053,1,0,0,1,0.03571428571428571
13.527829818844937,0.4587131133629053,1,0,1,2,0.2857142857142857
12.206077645517674,0.41284134330891425,0,0,0,2,0.2857142857142857
12.25486757159303,0.3440336882279276,1,0,0,1,0.39285714285714285
12.506180941677357,0.5504566534708875,1,0,0,2,0.39285714285714285
13.353476685668044,0.41284134330891425,1,0,0,2,0.14285714285714285
12.834683971615659,0.2522901481199455,0,0,0,1,0.17857142857142858
12.611541086966115,0.3210978032009321,1,0,0,1,0.35714285714285715
13.270785106659046,0.4357772283359098,1,0,0,2,0.14285714285714285
13.217675375388819,0.22935426309294996,1,0,0,1,0.21428571428571427
13.527829818844937,0.22935426309294996,1,0,0,1,0.14285714285714285
12.429220196836383,0.27759301648172696,0,0,0,1,0.21428571428571427
13.710151153416941,0.3519740916242735,1,1,1,1,0.4642857142857143
13.437175577097312,0.2935747411685375,1,1,0,1,0.14285714285714285
13.199326270390594,0.29816191817393656,1,1,0,1,0.21428571428571427
13.968232503350668,0.059628713893183,0,1,1,0,0.07142857142857142
13.321215875492413,0.35320804223872587,1,1,0,1,0.21428571428571427
12.449018824140563,0.11008766095257318,0,1,0,1,0.32142857142857145
12.54254845357358,0.2928407928476736,0,1,0,1,0.21428571428571427
12.821260987319457,0.11467483795797229,0,0,0,1,0.10714285714285714
13.038981768465277,0.3504557360354864,1,0,0,2,0.32142857142857145
10.645448706505872,0.3210978032009321,0,0,0,3,0.7857142857142857
10.645448706505872,0.3210978032009321,0,0,0,3,0.7857142857142857
12.154784614286667,0.3669695732549232,1,0,0,3,0.32142857142857145
12.013706813470414,0.4587131133629053,0,0,0,4,0.35714285714285715
13.47302165746721,0.1834824930389589,1,0,0,1,0.10714285714285714
13.997832948091215,0.0688030679039812,0,0,0,1,0.07142857142857142
12.345834587905333,0.3210978032009321,0,0,0,1,0.32142857142857145
12.644330802262578,0.0688030679039812,0,0,0,1,0.07142857142857142
12.676079399771027,0.1834824930389589,0,0,0,1,0.17857142857142858
11.51293546492023,0.2477029711145464,0,0,0,1,0.5
11.982935344196433,0.41284134330891425,1,0,0,1,0.39285714285714285
11.002116507732017,0.23852861710374818,0,0,0,1,0.4642857142857143
11.51293546492023,0.9174308139028161,1,0,0,3,0.2857142857142857
12.765691290604371,0.16054660801196335,1,0,0,2,0.14285714285714285
13.45883704259595,0.27522603314694105,1,0,0,1,0.10714285714285714
12.611541086966115,0.1444410295460071,0,0,0,1,0.10714285714285714
13.629182184591333,0.1834824930389589,1,0,0,1,0.07142857142857142
12.301387370778713,0.5045848834168964,1,0,0,1,0.25
11.775297421715827,0.22935426309294996,1,0,0,1,0.39285714285714285
12.706850963741102,0.20183120106055533,0,0,0,1,0.2857142857142857
12.449018824140563,0.41284134330891425,0,0,0,2,0.35714285714285715
13.304686600863562,0.22935426309294996,0,0,0,2,0.21428571428571427
12.25486757159303,0.22935426309294996,0,0,0,1,0.2857142857142857
11.695255355062795,0.37323565704429834,0,0,0,1,0.4642857142857143
11.461642696843066,0.5045848834168964,0,0,0,1,0.5
12.345834587905333,0.3210978032009321,0,0,0,1,0.35714285714285715
12.899222326086994,0.4587131133629053,1,0,0,1,0.25
12.611541086966115,0.3210978032009321,0,0,0,2,0.5357142857142857
12.611541086966115,0.22935426309294996,1,0,0,1,0.25
11.289794413577894,0.825687273794834,1,0,0,2,0.39285714285714285
11.289794413577894,0.22935426309294996,0,0,0,2,0.42857142857142855
11.51293546492023,0.41284134330891425,0,0,0,2,0.4642857142857143
12.611541086966115,0.5045848834168964,1,0,0,1,0.2857142857142857
13.45883704259595,0.1192620149633714,0,0,1,1,0.07142857142857142
13.790193775620484,0.29816191817393656,1,0,0,1,0.14285714285714285
13.122365377402328,0.5963284235248786,1,0,0,1,0.39285714285714285
13.217675375388819,0.3440336882279276,1,0,0,2,0.25
13.217675375388819,0.5045848834168964,1,0,0,2,0.21428571428571427
12.388398368982115,0.22935426309294996,0,0,0,1,0.21428571428571427
10.819798284210286,0.3669695732549232,0,0,0,2,0.8214285714285714
11.695255355062795,0.3669695732549232,0,0,0,2,0.39285714285714285
13.710151153416941,0.27522603314694105,0,0,0,2,0.25
12.429220196836383,0.41284134330891425,0,0,0,2,0.39285714285714285
12.54254845357358,0.16513378501736248,0,0,0,1,0.10714285714285714
11.350418300109132,0.39907981229271694,1,0,0,1,0.35714285714285715
11.407576060361786,0.3669695732549232,1,0,0,1,0.32142857142857145
13.122365377402328,0.22935426309294996,1,0,0,1,0.17857142857142858
12.206077645517674,0.27522603314694105,0,0,0,1,0.25
12.429220196836383,0.22935426309294996,0,0,0,1,0.17857142857142858
12.128116509451258,0.1834824930389589,1,0,0,3,0.21428571428571427
11.51293546492023,0.27522603314694105,0,0,0,2,0.42857142857142855
13.321215875492413,0.2522901481199455,1,0,0,1,0.17857142857142858
12.577639650232573,0.3669695732549232,1,0,0,1,0.2857142857142857
12.323860125621126,0.3669695732549232,0,0,0,1,0.17857142857142858
12.676079399771027,0.22935426309294996,0,0,0,2,0.10714285714285714
11.813037464800539,0.7247693796760536,1,0,0,3,0.2857142857142857
12.899222326086994,0.11467483795797229,0,0,0,1,0.14285714285714285
13.25339339419516,0.16054660801196335,0,0,0,1,0.10714285714285714
13.122365377402328,0.05504153688778389,0,0,0,1,0.07142857142857142
11.775297421715827,0.3210978032009321,0,0,0,1,0.17857142857142858
12.793862088206213,0.01834412084459103,0,0,0,1,0.07142857142857142
13.180634172318978,0.04968371414547773,0,1,0,1,0.10714285714285714
12.429220196836383,0.22935426309294996,0,0,0,1,0.39285714285714285
13.304686600863562,0.0894224285432502,0,1,0,1,0.14285714285714285
13.25339339419516,0.28746462139734585,1,1,0,1,0.25
13.652992804936396,0.3931623539557521,1,1,0,1,0.25
12.429220196836383,0.2528864811306474,1,1,0,2,0.32142857142857145
13.270785106659046,0.29062059917706046,1,1,0,2,0.21428571428571427
14.33430494661736,0.5946174065018647,1,1,0,1,0.2857142857142857
12.100717685412471,0.0688030679039812,0,0,0,1,0.35714285714285715
12.611541086966115,0.22935426309294996,0,0,0,1,0.10714285714285714
12.502470376049185,0.3210978032009321,0,0,0,2,0.2857142857142857
12.354492650648448,0.09173895293097675,0,0,0,1,0.07142857142857142
11.918397239722838,0.27522603314694105,0,0,0,3,0.32142857142857145
13.112315061750808,0.022931297849990137,0,0,0,1,0.10714285714285714
13.45883704259595,0.0688030679039812,0,0,0,1,0.21428571428571427
12.899222326086994,0.020178991646750674,0,0,0,2,0.07142857142857142
13.303018546545275,0.0688030679039812,1,0,0,3,0.03571428571428571
12.95039048795861,0.20641837806595442,1,0,0,1,0.25
13.642348128015021,0.004582589828393708,1,0,0,1,0.07142857142857142
12.59473402514672,0.17660172753086023,0,0,0,1,0.21428571428571427
12.301387370778713,0.11467483795797229,0,0,0,1,0.32142857142857145
12.429220196836383,0.16054660801196335,1,0,0,1,0.25
13.910821646859095,0.5045848834168964,1,0,0,2,0.39285714285714285
12.611541086966115,0.1834824930389589,0,0,0,1,0.2857142857142857
11.289794413577894,0.5045848834168964,0,0,0,2,0.4642857142857143
12.278397958261774,0.09173895293097675,1,0,0,3,0.25
12.409017571151187,0.06874343460291102,0,1,0,1,0.2857142857142857
13.384729180332174,0.11495465575530163,1,1,0,1,0.14285714285714285
13.541075028051122,0.19492291249042426,1,1,0,1,0.10714285714285714
12.886643575525625,0.20584498094027953,1,1,0,1,0.21428571428571427
12.54254845357358,0.4116532644645159,1,1,0,2,0.21428571428571427
13.112315061750808,0.29816191817393656,1,1,0,1,0.14285714285714285
13.171155446333852,0.16054660801196335,1,1,0,1,0.14285714285714285
12.25486757159303,0.1582530195092638,1,0,0,1,0.35714285714285715
13.384729180332174,0.13761072298496782,0,0,0,1,0.07142857142857142
14.648420115681892,0.1788953160335598,1,0,1,1,0.07142857142857142
13.171155446333852,0.07339024490938031,1,0,0,1,0.03571428571428571
12.180759965737863,0.3669695732549232,2,0,0,2,0.35714285714285715
13.384729180332174,0.27522603314694105,1,0,0,1,0.14285714285714285
13.199326270390594,0.5045848834168964,1,0,0,1,0.17857142857142858
12.100717685412471,0.2798132101523402,0,0,0,1,0.21428571428571427
13.527829818844937,0.13302354597956872,1,0,0,1,0.10714285714285714
13.795308871054397,0.22935426309294996,1,0,0,1,0.07142857142857142
12.429220196836383,0.41284134330891425,1,0,0,1,0.21428571428571427
13.217675375388819,0.16054660801196335,0,0,1,1,0.07142857142857142
13.142166004700508,0.1972440240551562,0,0,0,2,0.17857142857142858
12.676079399771027,0.22935426309294996,0,0,0,1,0.10714285714285714
12.524530013005734,0.11467483795797229,0,0,0,1,0.14285714285714285
11.884495917930655,0.22935426309294996,0,0,0,2,0.39285714285714285
12.429220196836383,0.3669695732549232,1,0,0,1,0.25
13.161586013632684,0.16054660801196335,1,0,0,1,0.2857142857142857
11.461642696843066,0.38990545828191875,0,0,0,2,0.4642857142857143
13.493928313146206,0.5045848834168964,1,0,0,3,0.32142857142857145
10.915106645867503,0.3210978032009321,0,0,0,2,0.5
13.304686600863562,0.4587131133629053,1,0,0,1,0.21428571428571427
12.706850963741102,0.5504566534708875,1,0,0,2,0.25
13.060490101343552,0.40825416630351513,1,0,0,1,0.17857142857142858
12.807655372286902,0.5504566534708875,1,0,0,1,0.25
12.429220196836383,0.1834824930389589,0,0,0,2,0.25
12.971542813248437,0.07797742191477942,0,0,0,1,0.10714285714285714
12.899222326086994,0.573392538497883,1,0,0,2,0.25
13.329379172803593,0.5045848834168964,0,0,0,2,0.17857142857142858
11.918397239722838,0.5504566534708875,1,0,0,2,0.32142857142857145
12.388398368982115,0.41284134330891425,1,0,0,1,0.21428571428571427
13.592368256649284,0.41284134330891425,1,0,0,1,0.21428571428571427
12.388398368982115,0.5045848834168964,3,0,0,1,0.17857142857142858
13.304686600863562,0.39907981229271694,1,0,0,2,0.21428571428571427
13.592368256649284,0.0688030679039812,1,0,0,1,0.21428571428571427
11.982935344196433,0.3210978032009321,0,0,0,1,0.17857142857142858
12.765691290604371,0.17430813902816067,0,0,0,1,0.2857142857142857
12.611541086966115,0.2935747411685375,0,0,0,2,0.32142857142857145
12.896719202134523,0.25343694237129527,1,0,0,1,0.17857142857142858
12.611541086966115,0.5045848834168964,1,0,0,1,0.32142857142857145
11.918397239722838,0.3210978032009321,0,0,1,1,0.2857142857142857
12.676079399771027,0.27522603314694105,1,0,0,3,0.35714285714285715
14.062371417145494,0.07797742191477942,1,0,0,1,0.07142857142857142
12.611541086966115,0.059628713893183,0,0,0,2,0.10714285714285714
13.815511557963774,0.27522603314694105,1,0,0,1,0.14285714285714285
13.901689171636098,0.5504566534708875,1,0,0,2,0.2857142857142857
13.017005083966255,0.444951582346708,1,0,0,2,0.2857142857142857
11.002116507732017,0.5963284235248786,0,0,0,2,0.4642857142857143
13.122365377402328,0.22935426309294996,0,0,0,1,0.25
12.206077645517674,0.5504566534708875,1,0,0,2,0.2857142857142857
13.384729180332174,0.3119234491901339,1,0,0,1,0.17857142857142858
11.002116507732017,0.4587131133629053,0,0,0,2,0.5
12.43320821811392,0.3669695732549232,1,0,0,1,0.25
12.128116509451258,0.3073362721847348,2,1,0,2,0.2857142857142857
11.951186847493476,0.27522603314694105,0,0,0,1,0.17857142857142858
13.304686600863562,0.022931297849990137,0,0,0,1,0.03571428571428571
12.611541086966115,0.09173895293097675,0,0,0,1,0.14285714285714285
13.652992804936396,0.057335125390483445,0,0,0,1,0.07142857142857142
13.060490101343552,0.01834412084459103,2,0,0,1,0.03571428571428571
13.304686600863562,0.11467483795797229,0,0,0,1,0.03571428571428571
13.45883704259595,0.3210978032009321,1,0,0,2,0.25
11.156264806643742,0.74311808769765,3,0,0,1,0.4642857142857143
14.038654909278163,0.9403666989298116,1,0,0,2,0.35714285714285715
13.384729180332174,0.3210978032009321,0,0,1,3,0.42857142857142855
13.017005083966255,0.3210978032009321,1,0,0,2,0.07142857142857142
13.527829818844937,0.4587131133629053,1,0,0,2,0.21428571428571427
13.560619598657233,0.3210978032009321,1,0,0,2,0.25
12.793862088206213,0.3669695732549232,0,0,0,2,0.17857142857142858
12.429220196836383,0.5504566534708875,1,0,0,1,0.35714285714285715
14.214287349062356,0.10108761966798013,1,0,0,1,0.10714285714285714
13.304686600863562,0.3669695732549232,1,0,0,1,0.25
11.695255355062795,0.41284134330891425,0,0,0,1,0.35714285714285715
12.676079399771027,0.6422001935788696,1,0,0,2,0.2857142857142857
12.899222326086994,0.5504566534708875,1,0,0,2,0.32142857142857145
12.618185607609803,0.27522603314694105,1,0,0,1,0.17857142857142858
11.775297421715827,0.3669695732549232,1,0,0,2,0.32142857142857145
11.918397239722838,0.27522603314694105,0,0,0,2,0.21428571428571427
12.206077645517674,0.41284134330891425,1,0,0,2,0.2857142857142857
13.76421831620775,0.3669695732549232,1,0,0,1,0.2857142857142857
11.695255355062795,0.8027513887678384,1,0,0,2,0.42857142857142855
14.151983508870947,0.04586718287698567,1,0,0,1,0.03571428571428571
13.3374763699232,0.29816191817393656,0,0,0,1,0.10714285714285714
13.014780393893403,0.41284134330891425,1,0,0,1,0.2857142857142857
11.51293546492023,0.3210978032009321,0,0,0,1,0.4642857142857143
13.304686600863562,0.011463355336492368,0,0,0,1,0.07142857142857142
13.45883704259595,0.16054660801196335,1,0,0,1,0.14285714285714285
12.429220196836383,0.1834824930389589,1,0,0,1,0.2857142857142857
13.217675375388819,0.28898756416313837,0,0,0,1,0.07142857142857142
13.42246945133505,0.40366698929811606,1,1,1,1,0.25
13.180634172318978,0.2522901481199455,1,1,0,1,0.17857142857142858
12.691583538230217,0.3257492006844068,1,1,0,1,0.21428571428571427
12.821260987319457,0.27522603314694105,1,1,0,1,0.17857142857142858
12.793862088206213,0.3210978032009321,1,0,0,1,0.21428571428571427
13.384729180332174,0.27522603314694105,0,1,1,1,0.2857142857142857
12.201065128819632,0.4220156973197125,1,1,0,3,0.2857142857142857
12.560247968016562,0.40883215060619543,1,0,0,1,0.21428571428571427
12.468440756144114,0.614677131546475,1,0,1,1,0.39285714285714285
13.676248490630767,0.0688030679039812,0,1,1,1,0.03571428571428571
12.959846800844963,0.19495043555245667,1,1,0,1,0.14285714285714285
13.102162710901053,0.1926568470497571,1,1,1,1,0.2857142857142857
13.527829818844937,0.3210978032009321,1,0,1,2,0.17857142857142858
11.736077016252437,0.5045848834168964,0,0,0,3,0.5714285714285714
12.30592250537653,0.6025899201372483,1,0,0,1,0.21428571428571427
13.49254805258237,0.22467534254744287,1,1,1,1,0.14285714285714285
12.994532278619134,0.21100555507135355,0,1,1,1,0.21428571428571427
11.156264806643742,0.27522603314694105,0,0,0,3,0.39285714285714285
13.144126826131089,0.2660516791361428,1,1,0,1,0.17857142857142858
13.579789490265188,0.10091330694177496,1,1,0,1,0.14285714285714285
13.369225017834633,0.16972096202276157,0,0,0,1,0.10714285714285714
11.695255355062795,0.3210978032009321,0,0,0,4,0.39285714285714285
11.744045122410057,0.4536672186569663,1,0,0,3,0.2857142857142857
11.695255355062795,0.573392538497883,1,0,0,1,0.2857142857142857
13.384729180332174,0.27522603314694105,1,0,0,1,0.10714285714285714
13.017005083966255,0.3669695732549232,0,0,0,2,0.21428571428571427
11.608244735642321,0.3669695732549232,2,0,0,4,0.35714285714285715
13.304686600863562,0.1834824930389589,1,0,0,1,0.10714285714285714
13.3374763699232,0.3669695732549232,1,0,0,2,0.2857142857142857
13.304686600863562,0.13761072298496782,1,0,0,1,0.21428571428571427
13.586098651497313,0.16054660801196335,1,0,0,1,0.07142857142857142
12.611541086966115,0.825687273794834,1,0,0,3,0.32142857142857145
13.112315061750808,0.27522603314694105,1,0,0,1,0.17857142857142858
14.272936037914342,0.3944926352873178,1,1,1,1,0.25
14.375126917328105,0.5855164473231529,1,1,1,1,0.17857142857142858
14.115615891155079,0.15595943100656426,1,0,1,1,0.07142857142857142
12.765691290604371,0.6651360786058652,1,0,0,1,0.21428571428571427
12.611541086966115,0.11467483795797229,0,0,1,1,0.07142857142857142
12.899222326086994,0.2477029711145464,0,1,0,2,0.07142857142857142
14.375126917328105,0.46951132803361484,1,1,1,1,0.21428571428571427
11.156264806643742,0.3210978032009321,0,0,0,4,0.75
13.122365377402328,0.3210978032009321,1,0,0,1,0.07142857142857142
14.761360480429413,0.16513378501736248,1,1,1,1,0.10714285714285714
12.75130259456002,0.2660516791361428,0,1,0,1,0.21428571428571427
12.301387370778713,0.4587131133629053,1,0,0,1,0.25
14.430696737594902,0.28548754810801885,0,1,1,1,0.21428571428571427
11.652687407345388,0.41284134330891425,0,1,0,2,0.5357142857142857
10.819798284210286,0.4587131133629053,0,0,0,2,0.75
13.279368835614243,0.06421589089858211,0,1,0,1,0.10714285714285714
13.76421831620775,0.0981334776765031,1,1,0,1,0.07142857142857142
13.345508528717259,0.06329845549750228,0,0,1,1,0.07142857142857142
13.849912950864715,0.10550048394717407,0,1,1,1,0.10714285714285714
12.644330802262578,0.14993188042146982,0,1,0,1,0.17857142857142858
13.304686600863562,0.4573369602612856,1,0,0,1,0.10714285714285714
14.946912992035967,0.022931297849990137,1,0,1,1,0.03571428571428571
13.384729180332174,0.2277670998490819,1,1,0,1,0.21428571428571427
13.217675375388819,0.20851471795742182,0,1,0,1,0.14285714285714285
14.04662307257814,0.179909082151753,1,1,0,1,0.10714285714285714
13.399996629152975,0.22118908802333956,0,1,0,1,0.14285714285714285
13.45883704259595,0.05097729806100028,0,1,0,1,0.10714285714285714
12.367345048436391,0.27618016596406403,1,1,0,1,0.42857142857142855
13.07107218827772,0.3669695732549232,1,1,0,1,0.25
13.586098651497313,0.4522910655553466,1,1,1,1,0.42857142857142855
14.436087583323648,0.08256459892017853,0,1,1,1,0.03571428571428571
13.652992804936396,0.2660516791361428,0,1,1,1,0.17857142857142858
13.279368835614243,0.39192840334129975,1,1,0,1,0.10714285714285714
12.847929163278053,0.2960564039284584,1,1,0,1,0.17857142857142858
13.384729180332174,0.16054660801196335,1,0,0,1,0.03571428571428571
13.304686600863562,0.13761072298496782,0,0,0,1,0.07142857142857142
12.983101310070822,0.07461502116982188,0,1,0,1,0.10714285714285714
13.171155446333852,0.32797856870903075,1,1,0,1,0.25
11.982935344196433,0.3669695732549232,0,0,0,1,0.42857142857142855
11.982935344196433,0.41284134330891425,0,0,0,2,0.4642857142857143
11.736077016252437,0.1284363689741696,0,0,0,1,0.2857142857142857
12.971542813248437,0.9174308139028161,1,0,0,1,0.17857142857142858
13.710151153416941,0.06742691480236147,0,0,0,1,0.10714285714285714
11.0186455364637,0.41284134330891425,0,0,0,2,0.7142857142857143
12.899222326086994,0.22935426309294996,0,0,0,1,0.10714285714285714
11.918397239722838,0.4587131133629053,0,0,0,2,0.39285714285714285
13.76421831620775,0.11008766095257318,0,0,1,1,0.03571428571428571
12.301387370778713,0.4587131133629053,1,0,0,1,0.25
11.608244735642321,0.41284134330891425,0,0,0,1,0.4642857142857143
12.834683971615659,0.13761072298496782,0,0,0,1,0.17857142857142858
12.765691290604371,0.3669695732549232,0,0,0,1,0.10714285714285714
12.644330802262578,0.4251625007454163,1,1,0,2,0.2857142857142857
12.765691290604371,0.41284134330891425,0,0,0,2,0.32142857142857145
11.51293546492023,0.27522603314694105,0,0,0,1,0.6071428571428571
14.077875591662238,0.1834824930389589,1,0,1,1,0.10714285714285714
11.156264806643742,0.41284134330891425,0,0,0,4,0.5714285714285714
12.323860125621126,0.3669695732549232,1,0,0,1,0.25
11.884495917930655,0.4587131133629053,0,0,0,1,0.6428571428571429
13.742940940397677,0.09173895293097675,1,0,0,1,0.07142857142857142
13.217675375388819,0.23394144009834908,0,0,0,1,0.03571428571428571
11.350418300109132,0.5504566534708875,0,0,0,2,0.42857142857142855
12.54254845357358,0.2522901481199455,0,0,0,1,0.21428571428571427
12.793862088206213,0.027518474855389243,0,0,0,1,0.07142857142857142
11.918397239722838,0.1834824930389589,0,0,0,2,0.32142857142857145
13.710151153416941,0.0688030679039812,0,0,1,1,0.10714285714285714
11.695255355062795,0.22935426309294996,1,0,0,2,0.5357142857142857
12.278397958261774,0.41284134330891425,0,0,0,2,0.35714285714285715
13.217675375388819,0.17660172753086023,1,0,0,1,0.25
13.560619598657233,0.16054660801196335,0,0,0,1,0.07142857142857142
12.92391243868049,0.22641388263248913,0,0,0,3,0.6785714285714286
11.082157933374816,0.3210978032009321,0,0,0,2,0.5357142857142857
12.206077645517674,0.41284134330891425,0,0,0,2,0.42857142857142855
12.388398368982115,0.22935426309294996,0,0,0,2,0.35714285714285715
13.592368256649284,0.49876375579704496,1,0,0,1,0.2857142857142857
12.899222326086994,0.5504566534708875,1,0,0,1,0.35714285714285715
13.122365377402328,0.27522603314694105,1,0,0,1,0.14285714285714285
11.918397239722838,0.41284134330891425,1,0,0,3,0.4642857142857143
13.122365377402328,0.6422001935788696,1,0,0,2,0.21428571428571427
12.676079399771027,0.3669695732549232,0,0,0,1,0.21428571428571427
12.611541086966115,0.41284134330891425,1,0,0,1,0.25
13.384729180332174,0.1834824930389589,1,0,0,1,0.10714285714285714
12.560247968016562,0.06421589089858211,0,0,0,1,0.07142857142857142
12.793862088206213,0.3210978032009321,1,0,0,2,0.2857142857142857
13.017005083966255,0.2522901481199455,0,0,0,2,0.39285714285714285
12.07254696717504,0.27522603314694105,0,0,0,3,0.32142857142857145
12.765691290604371,0.33944651122252856,1,0,0,2,0.32142857142857145
13.180634172318978,0.20641837806595442,1,1,0,1,0.0
13.840204146163925,0.17430813902816067,1,1,0,1,0.10714285714285714
13.76421831620775,0.11008766095257318,1,1,0,1,0.10714285714285714
13.493928313146206,0.13750063073683824,0,1,0,1,0.10714285714285714
13.732128949025222,0.188069670044358,0,1,0,1,0.10714285714285714
13.45883704259595,0.0688030679039812,1,1,0,1,0.07142857142857142
13.493928313146206,0.16513378501736248,1,1,0,1,0.10714285714285714
13.641158361294979,0.14057403933045565,0,1,0,1,0.10714285714285714
12.807655372286902,0.10825279015041353,0,1,0,1,0.17857142857142858
13.407543823396258,0.3271437024940481,1,1,0,1,0.21428571428571427
10.819798284210286,0.3582447625906541,0,0,0,1,0.6071428571428571
12.323860125621126,0.13761072298496782,0,0,0,1,0.21428571428571427
12.345834587905333,0.20641837806595442,0,0,0,2,0.2857142857142857
11.884495917930655,0.3073362721847348,0,0,0,1,0.42857142857142855
13.343907249914384,0.06733975843925889,1,1,0,1,0.07142857142857142
13.122365377402328,0.11467483795797229,0,0,0,1,0.17857142857142858
13.527829818844937,0.08281230647847009,0,1,0,1,0.10714285714285714
13.573440270649085,0.1834824930389589,1,0,0,1,0.17857142857142858
12.323860125621126,0.13761072298496782,0,0,0,1,0.32142857142857145
12.611541086966115,0.3669695732549232,1,0,0,1,0.10714285714285714
13.429849547739444,0.09173895293097675,1,0,0,1,0.14285714285714285
13.45883704259595,0.1834824930389589,1,0,0,1,0.14285714285714285
12.100717685412471,0.5504566534708875,1,0,0,1,0.32142857142857145
12.506180941677357,0.5504566534708875,1,0,0,2,0.42857142857142855
12.821260987319457,0.444951582346708,0,0,0,2,0.35714285714285715
13.910821646859095,0.3210978032009321,1,0,0,1,0.07142857142857142
11.695255355062795,0.5504566534708875,1,0,0,2,0.5714285714285714
12.971542813248437,0.40366698929811606,1,0,0,2,0.25
13.217675375388819,0.1761705328923527,1,1,0,1,0.21428571428571427
12.676079399771027,0.24930848306643608,0,1,0,1,0.21428571428571427
12.873904582205107,0.14797774301716982,0,1,0,1,0.17857142857142858
13.217675375388819,0.26711131702439,1,1,0,1,0.21428571428571427
12.821260987319457,0.27457465401217435,0,1,0,1,0.2857142857142857
12.154784614286667,0.3364648461690191,0,1,0,1,0.35714285714285715
13.142166004700508,0.4058367240216698,1,1,0,1,0.25
13.017005083966255,0.44489194904563784,0,1,0,1,0.25
13.217675375388819,0.2806710122523498,1,1,0,1,0.17857142857142858
12.899222326086994,0.3135289611420236,1,1,0,1,0.39285714285714285
13.279368835614243,0.37224482681113213,1,1,0,1,0.17857142857142858
13.122365377402328,0.13761072298496782,0,0,0,1,0.03571428571428571
13.592368256649284,0.13761072298496782,0,0,0,1,0.17857142857142858
12.487488878546145,0.5504566534708875,1,0,0,2,0.39285714285714285
12.07254696717504,0.825687273794834,1,0,0,1,0.2857142857142857
11.736077016252437,0.22935426309294996,0,0,0,2,0.4642857142857143
12.013706813470414,0.3669695732549232,1,0,0,1,0.35714285714285715
13.840204146163925,0.41284134330891425,1,0,0,2,0.17857142857142858
12.847929163278053,0.41284134330891425,1,0,0,4,0.2857142857142857
12.429220196836383,0.5045848834168964,1,0,0,3,0.35714285714285715
11.350418300109132,0.3669695732549232,0,0,0,2,0.7142857142857143
13.122365377402328,0.16054660801196335,1,0,0,1,0.14285714285714285
12.765691290604371,0.0688030679039812,0,0,0,1,0.07142857142857142
12.154784614286667,0.23852861710374818,0,0,0,2,0.35714285714285715
13.753636218075409,0.6422001935788696,1,0,0,1,0.39285714285714285
13.07107218827772,0.27522603314694105,0,0,0,2,0.25
12.611541086966115,0.07797742191477942,0,0,0,1,0.07142857142857142
12.429220196836383,0.3210978032009321,0,0,0,3,0.14285714285714285
11.440365524765756,0.444951582346708,0,0,0,4,0.6785714285714286
12.577639650232573,0.573392538497883,1,0,0,2,0.2857142857142857
13.815511557963774,0.5504566534708875,1,0,0,2,0.17857142857142858
13.217675375388819,0.39907981229271694,1,0,0,1,0.17857142857142858
12.560247968016562,0.3440336882279276,1,0,0,3,0.35714285714285715
12.388398368982115,0.27522603314694105,0,0,0,2,0.21428571428571427
13.652992804936396,0.11467483795797229,0,0,0,1,0.17857142857142858
13.384729180332174,0.1192620149633714,0,0,0,1,0.14285714285714285
12.807655372286902,0.357795219244125,2,0,0,1,0.10714285714285714
13.384729180332174,0.1192620149633714,0,0,0,1,0.14285714285714285
12.468440756144114,0.16054660801196335,0,0,0,1,0.17857142857142858
12.429220196836383,0.4587131133629053,0,0,0,1,0.21428571428571427
13.217675375388819,0.3669695732549232,0,0,0,2,0.4642857142857143
11.156264806643742,0.41284134330891425,0,0,0,4,0.5714285714285714
12.323860125621126,0.3669695732549232,1,0,0,1,0.25
11.884495917930655,0.4587131133629053,0,0,0,1,0.6428571428571429
13.742940940397677,0.09173895293097675,1,0,0,1,0.07142857142857142
13.217675375388819,0.23394144009834908,0,0,0,1,0.03571428571428571
11.350418300109132,0.5504566534708875,0,0,0,2,0.42857142857142855
12.54254845357358,0.2522901481199455,0,0,0,1,0.21428571428571427
12.793862088206213,0.027518474855389243,0,0,0,1,0.07142857142857142
11.918397239722838,0.1834824930389589,0,0,0,2,0.32142857142857145
13.710151153416941,0.0688030679039812,0,0,1,1,0.10714285714285714
11.695255355062795,0.22935426309294996,1,0,0,2,0.5357142857142857
12.278397958261774,0.41284134330891425,0,0,0,2,0.35714285714285715
13.217675375388819,0.17660172753086023,1,0,0,1,0.25
13.560619598657233,0.16054660801196335,0,0,0,1,0.07142857142857142
12.92391243868049,0.22641388263248913,0,0,0,3,0.6785714285714286
11.082157933374816,0.3210978032009321,0,0,0,2,0.5357142857142857
12.206077645517674,0.41284134330891425,0,0,0,2,0.42857142857142855
12.388398368982115,0.22935426309294996,0,0,0,2,0.35714285714285715
13.592368256649284,0.49876375579704496,1,0,0,1,0.2857142857142857
12.899222326086994,0.5504566534708875,1,0,0,1,0.35714285714285715
12.345834587905333,0.1834824930389589,0,0,0,2,0.2857142857142857
13.270785106659046,0.5504566534708875,1,0,0,1,0.21428571428571427
12.07254696717504,0.4587131133629053,0,0,0,4,0.5357142857142857
12.429220196836383,0.5045848834168964,1,0,0,4,0.2857142857142857
12.676079399771027,0.3669695732549232,0,0,0,1,0.21428571428571427
12.611541086966115,0.41284134330891425,1,0,0,1,0.25
13.592368256649284,0.27522603314694105,1,0,0,1,0.10714285714285714
12.409017571151187,0.3440336882279276,1,1,1,1,0.39285714285714285
12.611541086966115,0.09173895293097675,0,0,0,1,0.07142857142857142
12.765691290604371,0.3669695732549232,1,0,0,1,0.10714285714285714
11.156264806643742,0.48486002229368025,0,0,0,1,0.5
12.973863369085885,0.06421589089858211,0,1,0,1,0.10714285714285714
11.289794413577894,0.3210978032009321,0,0,0,1,0.35714285714285715
12.721888795877375,0.1284363689741696,0,1,0,1,0.03571428571428571
12.765691290604371,0.23394144009834908,0,1,0,1,0.10714285714285714
12.660331092405906,0.2568773251253446,0,1,0,1,0.07142857142857142
13.910821646859095,0.16054660801196335,1,0,1,1,0.03571428571428571
11.289794413577894,0.11008766095257318,0,0,0,1,0.5357142857142857
12.560247968016562,0.2935747411685375,0,1,0,2,0.21428571428571427
11.51293546492023,0.5504566534708875,1,0,0,3,0.39285714285714285
12.323860125621126,0.1701383951302529,0,0,0,1,0.32142857142857145
12.676079399771027,0.17843659833301986,0,0,0,3,0.07142857142857142
14.037854589747907,0.27522603314694105,1,0,0,3,0.14285714285714285
11.695255355062795,0.5045848834168964,0,0,0,3,0.42857142857142855
12.206077645517674,0.4587131133629053,1,0,0,2,0.32142857142857145
13.956142556513372,0.38990545828191875,1,0,0,1,0.14285714285714285
11.695255355062795,0.6422001935788696,1,0,0,1,0.2857142857142857
12.301387370778713,0.09173895293097675,0,0,0,1,0.10714285714285714
13.527829818844937,0.0688030679039812,0,0,0,1,0.10714285714285714
13.572165574841936,0.1834824930389589,1,0,0,1,0.07142857142857142
13.122365377402328,0.22935426309294996,0,0,0,1,0.10714285714285714
12.765691290604371,0.09173895293097675,0,0,0,1,0.07142857142857142
14.151983508870947,0.22935426309294996,1,0,1,1,0.07142857142857142
13.304686600863562,0.4587131133629053,1,0,0,2,0.21428571428571427
13.171155446333852,0.04311487667374621,0,0,0,1,0.03571428571428571
13.742940940397677,0.05504153688778389,1,0,0,1,0.10714285714285714
12.994532278619134,0.06467460859912201,2,1,0,1,0.10714285714285714
12.983101310070822,0.09632612993637585,0,1,0,1,0.14285714285714285
12.429220196836383,0.1284363689741696,0,1,0,1,0.32142857142857145
13.753636218075409,0.16054660801196335,1,1,0,1,0.10714285714285714
13.864301674514206,0.14219789999036692,1,1,1,1,0.10714285714285714
13.623139877437296,0.2660516791361428,1,1,0,1,0.14285714285714285
12.345834587905333,0.11467483795797229,0,0,0,1,0.2857142857142857
12.834683971615659,0.3302721572117303,0,1,0,1,0.32142857142857145
13.369225017834633,0.40825416630351513,1,1,0,1,0.25
13.592368256649284,0.7339437336868517,1,1,0,1,0.2857142857142857
11.775297421715827,0.13761072298496782,0,0,0,3,0.2857142857142857
12.611541086966115,0.17226684526075808,0,1,0,1,0.21428571428571427
12.994532278619134,0.06421589089858211,0,1,0,1,0.07142857142857142
13.296318365198623,0.2596296313285841,2,1,0,1,0.21428571428571427
13.017005083966255,0.5045848834168964,1,0,0,1,0.25
13.444448325847754,0.22935426309294996,1,0,0,1,0.10714285714285714
12.611541086966115,0.022931297849990137,0,0,0,1,0.03571428571428571
12.04355959836804,0.4587131133629053,0,0,0,2,0.21428571428571427
12.54254845357358,0.5504566534708875,1,0,0,1,0.2857142857142857
12.301387370778713,0.3099968348478663,0,0,0,2,0.39285714285714285
11.849404844423074,0.4587131133629053,0,0,0,3,0.39285714285714285
10.714439990727769,0.27522603314694105,0,0,0,1,0.5714285714285714
12.206077645517674,0.573392538497883,1,0,0,2,0.21428571428571427
12.691583538230217,0.5504566534708875,1,0,0,2,0.42857142857142855
12.611541086966115,0.5963284235248786,1,0,0,2,0.35714285714285715
13.190023895035274,0.24128092330698764,1,0,0,1,0.14285714285714285
13.161586013632684,0.3761439272657214,1,0,0,1,0.21428571428571427
13.217675375388819,0.09123436346038284,0,1,1,1,0.10714285714285714
12.54254845357358,0.1834824930389589,1,0,0,1,0.17857142857142858
12.323860125621126,0.357795219244125,1,1,0,1,0.25
13.527829818844937,0.22127165720943673,0,2,1,1,0.17857142857142858
13.190023895035274,0.17598245863513134,0,1,0,1,0.14285714285714285
14.038654909278163,0.10857389254079147,1,2,0,1,0.14285714285714285
13.384729180332174,0.22859279171005373,0,2,0,1,0.10714285714285714
12.59473402514672,0.2630837756136496,0,2,0,1,0.25
13.081543466215237,0.3133362997077968,1,2,0,1,0.17857142857142858
13.26212705890841,0.29008848664443415,1,2,0,1,0.17857142857142858
13.142166004700508,0.27522603314694105,1,0,0,1,0.14285714285714285
11.141876276228,0.4587131133629053,0,0,0,1,0.42857142857142855
12.206077645517674,0.27522603314694105,0,0,0,1,0.25
13.014780393893403,0.41284134330891425,1,0,0,1,0.2857142857142857
12.962196972666593,0.004582589828393708,1,0,0,1,0.0
13.384729180332174,0.027518474855389243,0,0,0,1,0.10714285714285714
12.468440756144114,0.22935426309294996,1,0,0,1,0.10714285714285714
12.59473402514672,0.41284134330891425,1,0,0,3,0.17857142857142858
12.468440756144114,0.13761072298496782,0,1,0,1,0.10714285714285714
11.695255355062795,0.6422001935788696,1,0,0,1,0.2857142857142857
11.951186847493476,0.29816191817393656,0,1,0,1,0.4642857142857143
13.017005083966255,0.17430813902816067,1,0,0,1,0.17857142857142858
12.676079399771027,0.3669695732549232,1,0,0,1,0.2857142857142857
11.719947764402807,0.22935426309294996,0,0,0,2,0.4642857142857143
11.289794413577894,0.5045848834168964,0,0,0,1,0.5
12.301387370778713,0.41284134330891425,0,0,0,2,0.2857142857142857
13.384729180332174,0.16972096202276157,1,1,0,1,0.07142857142857142
12.560247968016562,0.13761072298496782,0,1,0,1,0.07142857142857142
13.493928313146206,0.1192620149633714,0,1,1,1,0.07142857142857142
11.48247656671073,0.5871540695140803,0,0,0,1,0.35714285714285715
13.345508528717259,0.13761072298496782,0,1,0,1,0.14285714285714285
13.217675375388819,0.10550048394717407,0,1,0,1,0.14285714285714285
11.775297421715827,0.5504566534708875,1,0,0,1,0.2857142857142857
12.388398368982115,0.1834824930389589,0,1,0,1,0.2857142857142857
13.304686600863562,0.1238491919687705,1,1,0,1,0.21428571428571427
12.765691290604371,0.29816191817393656,1,1,0,1,0.2857142857142857
12.409017571151187,0.14678507699576604,0,1,0,1,0.17857142857142858
12.201065128819632,0.2409873439786421,0,0,0,1,0.39285714285714285
12.706850963741102,0.4587131133629053,1,0,0,2,0.32142857142857145
11.918397239722838,0.3669695732549232,0,0,0,1,0.39285714285714285
13.740787011768338,0.41284134330891425,1,0,0,1,0.14285714285714285
11.156264806643742,0.27522603314694105,0,0,0,4,0.6071428571428571
12.896719202134523,0.2522901481199455,1,1,0,1,0.17857142857142858
12.765691290604371,0.41284134330891425,1,0,0,1,0.17857142857142858
11.736077016252437,0.22935426309294996,1,0,0,2,0.5
11.918397239722838,0.41284134330891425,0,0,0,2,0.42857142857142855
12.429220196836383,0.11467483795797229,0,0,0,1,0.17857142857142858
13.42246945133505,0.2798132101523402,1,1,0,1,0.21428571428571427
13.76421831620775,0.13761072298496782,1,0,0,1,0.07142857142857142
12.92391243868049,0.20641837806595442,2,0,0,1,0.07142857142857142
12.323860125621126,0.27522603314694105,1,0,0,1,0.32142857142857145
12.765691290604371,0.3440336882279276,0,0,0,2,0.42857142857142855
10.841774582282179,0.6422001935788696,0,0,0,3,0.5357142857142857
12.577639650232573,0.2568773251253446,1,1,0,1,0.25
12.644330802262578,0.28440038715773924,4,1,1,2,0.5
12.264346270624157,0.2660516791361428,1,1,0,2,0.4642857142857143
13.710151153416941,0.22476708608755086,1,1,1,2,0.25
12.30592250537653,0.2568773251253446,1,1,0,2,0.32142857142857145
13.42246945133505,0.33485933421712943,1,1,0,1,0.25
12.95039048795861,0.316510626195533,1,1,0,1,0.21428571428571427
12.765691290604371,0.04586718287698567,0,0,0,1,0.42857142857142855
11.849404844423074,0.5045848834168964,2,0,0,1,0.35714285714285715
11.407576060361786,0.5321079454492911,1,0,0,2,0.6428571428571429
13.629182184591333,0.1834824930389589,1,0,0,1,0.07142857142857142
12.100717685412471,0.13761072298496782,0,0,0,1,0.39285714285714285
12.25486757159303,0.4999977064114973,1,0,0,2,0.39285714285714285
13.45883704259595,0.41284134330891425,1,0,0,1,0.10714285714285714
10.714439990727769,0.03210565186078835,0,0,0,2,0.21428571428571427
11.736077016252437,0.5504566534708875,1,0,0,1,0.2857142857142857
13.180634172318978,0.29777659530548306,0,0,0,1,0.10714285714285714
13.592368256649284,0.17045949752063083,1,1,0,1,0.07142857142857142
13.270785106659046,0.0688030679039812,0,0,0,1,0.14285714285714285
14.151983508870947,0.5412822994600892,1,0,1,2,0.2857142857142857
12.611541086966115,0.23326253790155,0,0,0,1,0.07142857142857142
12.611541086966115,0.13761072298496782,0,0,0,1,0.14285714285714285
13.45883704259595,0.35320804223872587,1,0,0,1,0.17857142857142858
12.429220196836383,0.3210978032009321,0,0,0,3,0.2857142857142857
13.122365377402328,0.5504566534708875,1,0,0,1,0.14285714285714285
12.966880811009803,0.1834824930389589,0,0,1,3,0.39285714285714285
14.151983508870947,0.15137225400116514,1,0,0,1,0.03571428571428571
12.296831574998258,0.24540938261184683,0,0,0,3,0.25
13.122365377402328,0.1834824930389589,1,0,0,1,0.10714285714285714
13.161586013632684,0.3761439272657214,1,0,0,1,0.21428571428571427
13.142166004700508,0.27522603314694105,1,0,0,1,0.14285714285714285
13.228525371792253,0.11008766095257318,0,0,0,1,0.03571428571428571
12.323860125621126,0.5504566534708875,1,0,0,1,0.21428571428571427
12.691583538230217,0.29816191817393656,1,1,0,1,0.25
12.807655372286902,0.29816191817393656,1,1,0,1,0.25
13.652992804936396,0.3853182812765196,1,1,0,1,0.17857142857142858
12.765691290604371,0.3440336882279276,1,1,0,1,0.25
12.323860125621126,0.22935426309294996,1,1,0,1,0.4642857142857143
11.813037464800539,0.22935426309294996,0,0,0,1,0.32142857142857145
11.849404844423074,0.22476708608755086,0,1,0,1,0.4642857142857143
12.524530013005734,0.06589021050555277,0,1,0,1,0.17857142857142858
14.827111833279051,0.188069670044358,1,0,1,1,0.10714285714285714
13.091904169919621,0.29816191817393656,1,1,0,1,0.25
13.244582780038517,0.29816191817393656,1,1,0,1,0.17857142857142858
12.959846800844963,0.28019394584378826,1,1,0,1,0.25
13.73755009757506,0.3440336882279276,1,0,0,1,0.25
13.244582780038517,0.3302721572117303,1,1,0,1,0.2857142857142857
13.171155446333852,0.29816191817393656,1,1,0,1,0.21428571428571427
12.92391243868049,0.27522603314694105,0,0,0,1,0.35714285714285715
13.25339339419516,0.022931297849990137,0,0,0,1,0.07142857142857142
11.982935344196433,0.3669695732549232,0,0,0,3,0.4642857142857143
13.52649559761195,0.23623502860104864,1,0,0,2,0.10714285714285714
12.611541086966115,0.5504566534708875,1,0,0,3,0.35714285714285715
13.217675375388819,0.3660521378538434,1,1,0,1,0.21428571428571427
13.217675375388819,0.444951582346708,1,1,0,2,0.17857142857142858
14.038654909278163,0.030224909288574717,1,1,0,1,0.03571428571428571
13.45883704259595,0.2291570144817178,1,1,0,1,0.10714285714285714
13.304686600863562,0.19832201065142502,1,1,0,1,0.10714285714285714
13.73755009757506,0.23256069981972394,1,1,0,1,0.07142857142857142
14.403297778421795,0.5779797155032821,1,1,1,1,0.14285714285714285
13.038981768465277,0.645548832792811,1,1,0,2,0.17857142857142858
13.244582780038517,0.21100555507135355,0,0,0,1,0.17857142857142858
12.04355959836804,0.3669695732549232,0,0,0,3,0.25
12.59473402514672,0.5504566534708875,1,0,0,1,0.42857142857142855
13.617059619240436,0.1834824930389589,1,0,0,1,0.07142857142857142
13.617059619240436,0.1834824930389589,1,0,0,1,0.03571428571428571
12.676079399771027,0.1834824930389589,0,0,0,1,0.17857142857142858
13.217675375388819,0.6192643085518741,1,0,0,2,0.17857142857142858
13.217675375388819,0.22935426309294996,1,0,0,1,0.17857142857142858
13.28787951079572,0.44953875935210713,1,0,0,1,0.10714285714285714
13.864301674514206,0.3210978032009321,1,0,0,1,0.21428571428571427
13.76421831620775,0.22935426309294996,1,0,0,1,0.10714285714285714
13.815511557963774,0.13761072298496782,1,0,0,1,0.10714285714285714
13.122365377402328,0.5504566534708875,1,0,0,1,0.25
13.017005083966255,0.3210978032009321,1,0,0,1,0.10714285714285714
13.487007879880162,0.16054660801196335,1,0,0,1,0.10714285714285714
12.873904582205107,0.3210978032009321,1,0,0,2,0.17857142857142858
13.122365377402328,0.16054660801196335,1,0,0,1,0.21428571428571427
14.731801689838349,0.3210978032009321,0,0,1,2,0.14285714285714285
13.567050480716235,0.22935426309294996,1,0,0,1,0.10714285714285714
13.091904169919621,0.41284134330891425,1,0,0,2,0.17857142857142858
12.948012371209098,0.41284134330891425,1,0,0,2,0.2857142857142857
14.018452218287162,0.3210978032009321,1,0,0,1,0.17857142857142858
12.765691290604371,0.22935426309294996,1,0,0,2,0.17857142857142858
12.765691290604371,0.5504566534708875,1,0,0,3,0.17857142857142858
11.736077016252437,0.3210978032009321,0,0,1,2,0.5714285714285714
11.225256725762893,0.4587131133629053,1,0,0,3,0.35714285714285715
13.142166004700508,0.0688030679039812,0,0,0,1,0.07142857142857142
12.278397958261774,0.3669695732549232,1,0,0,3,0.21428571428571427
13.049794835104816,0.11467483795797229,1,0,0,1,0.07142857142857142
13.345508528717259,0.23852861710374818,0,1,0,1,0.10714285714285714
13.102162710901053,0.3027490951793357,1,1,0,1,0.10714285714285714
13.68767832281738,0.2935747411685375,1,1,0,1,0.10714285714285714
12.577639650232573,0.22476708608755086,0,0,0,1,0.25
11.661345470088502,0.4587131133629053,1,0,0,2,0.5
13.437175577097312,0.3302721572117303,1,1,0,1,0.10714285714285714
12.611541086966115,0.22935426309294996,0,0,0,1,0.39285714285714285
13.429849547739444,0.20183120106055533,1,1,0,1,0.10714285714285714
13.081543466215237,0.46330029036830445,1,1,0,1,0.21428571428571427
13.353476685668044,0.2522901481199455,1,1,0,1,0.14285714285714285
12.154784614286667,0.527520768443892,0,1,0,2,0.4642857142857143
13.122365377402328,0.4587131133629053,1,1,0,1,0.17857142857142858
13.652992804936396,0.23852861710374818,1,1,0,2,0.21428571428571427
12.765691290604371,0.4816489983899009,1,1,0,1,0.32142857142857145
12.959846800844963,0.7798155037408429,1,1,0,1,0.25
13.112315061750808,0.4816489983899009,1,1,0,1,0.17857142857142858
13.698977865303197,0.27522603314694105,1,0,0,2,0.10714285714285714
13.910821646859095,0.11467483795797229,1,0,1,2,0.07142857142857142
13.384729180332174,1.0,1,0,0,2,0.21428571428571427
13.049794835104816,0.11467483795797229,1,0,0,1,0.07142857142857142
13.345508528717259,0.23852861710374818,0,1,0,1,0.10714285714285714
13.102162710901053,0.3027490951793357,1,1,0,1,0.10714285714285714
13.68767832281738,0.2935747411685375,1,1,0,1,0.10714285714285714
12.577639650232573,0.22476708608755086,0,0,0,1,0.25
11.661345470088502,0.4587131133629053,1,0,0,2,0.5
13.437175577097312,0.3302721572117303,1,1,0,1,0.10714285714285714
12.611541086966115,0.22935426309294996,0,0,0,1,0.39285714285714285
13.429849547739444,0.20183120106055533,1,1,0,1,0.10714285714285714
13.081543466215237,0.46330029036830445,1,1,0,1,0.21428571428571427
13.353476685668044,0.2522901481199455,1,1,0,1,0.14285714285714285
12.154784614286667,0.527520768443892,0,1,0,2,0.4642857142857143
13.122365377402328,0.4587131133629053,1,1,0,1,0.17857142857142858
13.652992804936396,0.23852861710374818,1,1,0,2,0.21428571428571427
12.765691290604371,0.4816489983899009,1,1,0,1,0.32142857142857145
12.959846800844963,0.7798155037408429,1,1,0,1,0.25
13.112315061750808,0.4816489983899009,1,1,0,1,0.17857142857142858
13.698977865303197,0.27522603314694105,1,0,0,2,0.10714285714285714
13.910821646859095,0.11467483795797229,1,0,1,2,0.07142857142857142
13.384729180332174,1.0,1,0,0,2,0.21428571428571427
12.358798024384122,0.2660516791361428,0,0,0,3,0.39285714285714285
12.611541086966115,0.5045848834168964,1,0,0,2,0.17857142857142858
13.327751835792448,0.004582589828393708,0,0,0,1,0.0
12.429220196836383,0.4587131133629053,0,0,0,2,0.35714285714285715
12.429220196836383,0.5045848834168964,0,0,0,2,0.35714285714285715
12.206077645517674,0.1834824930389589,0,0,0,1,0.32142857142857145
12.577639650232573,0.23852861710374818,0,0,0,1,0.25
12.676079399771027,0.3669695732549232,0,0,0,2,0.25
11.884495917930655,0.23852861710374818,0,0,0,2,0.5
11.51293546492023,0.568805361492484,0,0,0,2,0.5357142857142857
11.775297421715827,0.9633025839568071,1,0,0,2,0.35714285714285715
11.884495917930655,0.3027490951793357,0,0,1,2,0.5
11.608244735642321,0.5504566534708875,0,0,0,3,0.42857142857142855
13.429849547739444,0.1834824930389589,1,0,0,1,0.03571428571428571
10.53212287826962,0.41284134330891425,0,0,0,2,0.5714285714285714
12.206077645517674,0.5504566534708875,1,0,0,2,0.32142857142857145
12.611541086966115,0.5045848834168964,1,0,0,1,0.2857142857142857
11.289794413577894,0.2595378877884761,0,1,0,1,0.5357142857142857
13.51440681653079,0.20641837806595442,1,1,1,1,0.17857142857142858
13.353476685668044,0.22935426309294996,1,0,0,1,0.17857142857142858
11.156264806643742,0.31421703769283343,0,1,0,1,0.5357142857142857
13.091904169919621,0.022963408089027932,0,1,1,1,0.03571428571428571
12.00762780434872,0.13761072298496782,0,0,0,1,0.25
11.849404844423074,0.3210978032009321,0,0,1,1,0.42857142857142855
13.81451105863119,0.22751939229079032,1,1,1,1,0.32142857142857145
10.933124826700707,0.10550048394717407,0,0,0,2,0.5357142857142857
13.864301674514206,0.13761072298496782,1,1,1,1,0.5
12.154784614286667,0.17430813902816067,0,1,0,1,0.35714285714285715
11.918397239722838,0.1834824930389589,1,0,0,2,0.32142857142857145
12.367345048436391,0.19770274175569613,0,1,0,1,0.32142857142857145
13.303018546545275,0.0688030679039812,1,0,0,3,0.03571428571428571
12.206077645517674,0.16054660801196335,0,0,0,1,0.07142857142857142
12.765691290604371,0.046651590144908925,0,1,0,1,0.10714285714285714
13.049794835104816,0.18863389281602208,1,1,0,1,0.17857142857142858
14.45736497045232,0.09228023981761384,0,1,1,1,0.10714285714285714
13.815511557963774,0.0688030679039812,1,0,0,1,0.03571428571428571
14.845130332288226,0.04586718287698567,1,0,1,1,0.03571428571428571
13.060490101343552,0.7798155037408429,1,0,0,1,0.17857142857142858
12.936036208848487,0.09173895293097675,0,0,0,1,0.10714285714285714
13.122365377402328,0.3761439272657214,1,0,0,1,0.21428571428571427
11.918397239722838,0.27522603314694105,0,0,0,2,0.25
11.461642696843066,0.22935426309294996,0,0,0,2,0.5357142857142857
12.899222326086994,0.3210978032009321,1,0,0,1,0.2857142857142857
11.652687407345388,0.3063362675975578,0,0,0,2,0.42857142857142855
11.225256725762893,0.5963284235248786,0,0,0,1,0.5
13.122365377402328,0.5504566534708875,1,0,0,1,0.25
12.180759965737863,0.3440336882279276,0,0,0,2,0.21428571428571427
11.951186847493476,0.1834824930389589,0,0,0,1,0.17857142857142858
11.082157933374816,0.41284134330891425,0,0,0,2,0.7142857142857143
11.082157933374816,0.6880719636328607,0,0,0,3,0.5357142857142857
12.154784614286667,0.27522603314694105,0,0,0,2,0.17857142857142858
12.206077645517674,0.5146674984747637,1,0,0,2,0.2857142857142857
11.982935344196433,0.27522603314694105,0,0,0,2,0.35714285714285715
11.918397239722838,0.5963284235248786,1,0,0,2,0.35714285714285715
13.180634172318978,0.8027513887678384,1,0,0,3,0.17857142857142858
13.527829818844937,0.5504566534708875,1,0,0,1,0.17857142857142858
12.323860125621126,0.41284134330891425,1,0,0,2,0.2857142857142857
13.304686600863562,0.7798155037408429,1,0,0,1,0.2857142857142857
12.92391243868049,0.3669695732549232,1,0,0,2,0.21428571428571427
12.92391243868049,0.3669695732549232,1,0,0,2,0.21428571428571427
11.608244735642321,0.3807311042711205,0,0,0,2,0.39285714285714285
13.670485941982712,0.41284134330891425,1,0,0,1,0.14285714285714285
12.323860125621126,0.1834824930389589,0,0,0,1,0.14285714285714285
