Screen Size,RAM,Operating System Version,Weight,Price,Category_2 in 1 Convertible,Category_Gaming,Category_Netbook,Category_Notebook,Category_Ultrabook,Category_Workstation,x_res,y_res,isApple,isTouchScreen,cpuSpeed,cpu_tier,ssd_gb,hdd_gb,gpu_power,has_dgpu,isMac
13.3,8,10.0,1.37,16.293100881926744,0,0,0,0,1,0,2560,1600,1,0,3.0,3,128.0,0.0,1.0,0,1
13.3,8,10.0,1.34,15.894123691608904,0,0,0,0,1,0,1440,900,1,0,8.0,3,0.0,0.0,0.0,0,1
15.6,8,10.0,1.86,15.447277511465138,0,0,0,1,0,0,1920,1080,0,0,5.0,3,256.0,0.0,0.0,0,0
15.4,16,10.0,1.83,16.931822238126834,0,0,0,0,1,0,2880,1800,1,0,7.0,4,512.0,0.0,0.0,0,1
13.3,8,10.0,1.37,16.59044728398444,0,0,0,0,1,0,2560,1600,1,0,1.0,3,256.0,0.0,1.0,0,1
15.6,4,10.0,2.1,15.084372103343629,0,0,0,1,0,0,1366,768,0,0,3.0,0,0.0,500.0,0.0,0,0
15.4,16,10.0,2.04,16.76145441686257,0,0,0,0,1,0,2880,1800,1,0,2.0,4,0.0,0.0,1.0,0,0
13.3,8,10.0,1.34,16.147961338144697,0,0,0,0,1,0,1440,900,1,0,8.0,3,0.0,0.0,0.0,0,1
14.0,16,10.0,1.3,16.40278883613338,0,0,0,0,1,0,1920,1080,0,0,8.0,4,512.0,0.0,2.0,1,0
14.0,8,10.0,1.6,15.739297935984585,0,0,0,0,1,0,1920,1080,0,0,6.0,3,256.0,0.0,0.0,0,0
15.6,4,10.0,1.86,15.069004630566464,0,0,0,1,0,0,1366,768,0,0,5.0,3,0.0,500.0,0.0,0,0
15.6,4,10.0,1.86,14.936423032170374,0,0,0,1,0,0,1920,1080,0,0,2.0,2,0.0,500.0,0.0,0,0
15.4,16,10.0,1.83,16.892648344304774,0,0,0,0,1,0,2880,1800,1,0,8.0,4,256.0,0.0,0.0,0,1
15.6,4,10.0,2.2,15.30531317536825,0,0,0,1,0,0,1920,1080,0,0,2.0,2,256.0,0.0,0.0,0,0
12.0,8,10.0,0.92,16.233677314260483,0,0,0,0,1,0,2304,1440,1,0,2.0,0,256.0,0.0,0.0,0,1
13.3,8,10.0,1.37,16.41841856031653,0,0,0,0,1,0,2560,1600,1,0,3.0,3,256.0,0.0,1.0,0,1
15.6,8,10.0,2.2,15.706291644417512,0,0,0,1,0,0,1920,1080,0,0,7.0,4,256.0,0.0,0.0,0,0
15.4,16,10.0,1.83,17.050784672923317,0,0,0,0,1,0,2880,1800,1,0,9.0,4,512.0,0.0,0.0,0,1
15.6,8,10.0,2.2,15.305513596207602,0,0,0,1,0,0,1920,1080,0,0,4.0,2,0.0,1024.0,2.0,1,0
13.3,8,10.0,1.22,15.979439032487562,0,0,0,0,1,0,1920,1080,0,1,6.0,3,128.0,0.0,0.0,0,0
11.6,2,10.0,0.98,14.34988226413529,0,0,1,0,0,0,1366,768,0,0,44.0,0,0.0,0.0,0.0,0,0
15.6,8,10.0,2.5,15.999662166305846,0,1,0,0,0,0,1920,1080,0,0,5.0,3,128.0,1024.0,4.0,1,0
15.6,4,10.0,1.86,14.645867295899558,0,0,0,1,0,0,1366,768,0,0,5.0,0,0.0,500.0,0.0,0,0
13.3,8,10.0,1.62,15.800991496251724,1,0,0,0,0,0,1920,1080,0,1,6.0,3,256.0,0.0,0.0,0,0
15.6,8,10.0,1.91,15.583630980240052,0,0,0,0,1,0,1920,1080,0,0,8.0,4,256.0,0.0,0.0,0,0
15.6,4,10.0,2.3,15.12991890578129,0,0,0,1,0,0,1366,768,0,0,2.0,2,0.0,1024.0,0.0,0,0
13.3,8,10.0,1.35,16.095063331817673,0,0,0,0,1,0,1440,900,1,0,6.0,3,0.0,0.0,0.0,0,0
15.6,8,10.0,2.2,15.777519143327805,0,0,0,1,0,0,1920,1080,0,0,6.0,3,256.0,0.0,0.0,0,0
15.6,8,10.0,1.88,16.261487258989597,0,0,0,0,1,0,1920,1080,0,0,9.0,4,256.0,0.0,0.0,0,0
17.3,8,10.0,2.5,15.890847813573115,0,0,0,1,0,0,1920,1080,0,0,6.0,3,0.0,1024.0,2.0,1,0
15.6,4,10.0,1.89,14.59412512751092,0,0,0,1,0,0,1920,1080,0,0,44.0,0,0.0,0.0,0.0,0,0
14.0,2,10.0,1.65,14.386212664937258,0,0,0,1,0,0,1366,768,0,0,5.0,0,0.0,0.0,0.0,0,0
17.3,4,10.0,2.71,15.177406944333802,0,0,0,1,0,0,1920,1080,0,0,5.0,0,0.0,500.0,0.0,0,0
13.3,16,10.0,1.2,16.626066142711206,0,0,0,0,1,0,3200,1800,0,1,8.0,4,512.0,0.0,0.0,0,0
13.3,8,10.0,1.35,15.998660664081555,0,0,0,0,1,0,1440,900,1,0,6.0,3,0.0,0.0,0.0,0,0
14.0,4,10.0,1.44,14.610360623197844,0,0,0,1,0,0,1366,768,0,0,1.0,1,0.0,0.0,0.0,0,0
15.6,4,10.0,2.1,14.998269429570868,0,0,0,1,0,0,1366,768,0,0,7.0,2,0.0,1024.0,0.0,0,0
17.3,8,10.0,2.8,15.979439032487562,0,0,0,1,0,0,1920,1080,0,0,6.0,3,128.0,1024.0,0.0,0,0
15.6,4,10.0,1.86,15.284635846826154,0,0,0,1,0,0,1366,768,0,0,5.0,3,0.0,1024.0,0.0,0,0
15.6,8,10.0,2.1,15.871692300710825,0,0,0,1,0,0,1920,1080,0,0,6.0,3,256.0,0.0,2.0,1,0
15.6,4,10.0,2.0,15.056486907804391,0,0,0,1,0,0,1920,1080,0,0,2.0,2,0.0,1024.0,0.0,0,0
15.6,16,10.0,2.65,16.405460848210456,0,1,0,0,0,0,1920,1080,0,0,8.0,4,256.0,1024.0,4.0,1,0
15.6,8,10.0,2.3,15.352469833541312,0,0,0,1,0,0,1366,768,0,0,5.0,3,0.0,1024.0,2.0,1,0
15.6,4,10.0,2.2,15.617937097825832,0,0,0,1,0,0,1920,1080,0,0,6.0,3,256.0,0.0,0.0,0,0
17.3,12,10.0,2.77,15.999662166305846,1,0,0,0,0,0,1920,1080,0,1,6.0,3,0.0,1024.0,2.0,1,0
13.3,8,10.0,1.37,16.350615031497572,0,0,0,0,1,0,2560,1600,1,0,0.0,3,256.0,0.0,1.0,0,1
15.6,4,10.0,2.2,15.003704223895946,0,0,0,1,0,0,1366,768,0,0,2.0,2,128.0,0.0,0.0,0,0
17.3,8,10.0,3.2,16.262257378329462,0,1,0,0,0,0,1920,1080,0,0,3.0,0,256.0,1024.0,5.0,1,0
15.6,4,10.0,2.3,15.552811905456348,0,0,0,1,0,0,1920,1080,0,0,5.0,3,256.0,0.0,0.0,0,0
17.3,4,10.0,2.8,15.237093150541549,0,0,0,1,0,0,1366,768,0,0,1.0,1,0.0,1024.0,2.0,1,0
10.1,4,10.0,0.69,14.858098730410058,1,0,0,0,0,0,1920,1200,0,1,44.0,0,0.0,0.0,0.0,0,0
15.6,8,10.0,2.2,15.827499068779543,0,0,0,1,0,0,1920,1080,0,0,8.0,4,256.0,0.0,2.0,1,0
15.6,4,10.0,1.86,15.080589961113535,0,0,0,1,0,0,1920,1080,0,0,5.0,0,256.0,0.0,0.0,0,0
13.3,8,10.0,1.49,16.09869639629646,0,0,0,1,0,0,1920,1080,0,0,8.0,4,512.0,0.0,0.0,0,0
15.6,4,10.0,2.4,15.043550120538018,0,0,0,1,0,0,1366,768,0,0,4.0,2,0.0,1024.0,0.0,0,0
15.6,8,10.0,2.13,15.73643670412204,0,0,0,1,0,0,1920,1080,0,0,8.0,4,256.0,0.0,0.0,0,0
15.6,4,10.0,1.91,15.177406944333802,0,0,0,1,0,0,1920,1080,0,0,2.0,2,128.0,0.0,0.0,0,0
15.6,4,10.0,2.0,15.46655143604128,0,0,0,1,0,0,1366,768,0,0,5.0,3,256.0,0.0,0.0,0,0
17.3,16,10.0,2.43,16.8963423779573,0,1,0,0,0,0,1920,1080,0,0,8.0,4,256.0,2048.0,4.0,1,0
15.6,4,10.0,2.0,15.12118606630424,0,0,0,1,0,0,1920,1080,0,0,2.0,2,256.0,0.0,0.0,0,0
17.3,16,10.0,2.8,16.262257378329462,0,0,0,1,0,0,1920,1080,0,0,8.0,4,256.0,2048.0,0.0,0,0
14.0,8,10.0,1.7,15.871692300710825,0,0,0,0,1,0,1920,1080,0,0,6.0,3,256.0,0.0,0.0,0,0
14.0,8,10.0,1.7,15.488169060946827,0,0,0,1,0,0,1920,1080,0,0,7.0,2,256.0,0.0,0.0,0,0
14.0,8,10.0,1.4,15.939850534181296,0,0,0,1,0,0,1920,1080,0,0,6.0,3,256.0,0.0,0.0,0,0
15.6,8,10.0,1.86,15.629599035661812,0,0,0,1,0,0,1920,1080,0,0,5.0,3,256.0,0.0,0.0,0,0
15.6,16,10.0,1.8,16.685273460316257,0,0,0,0,1,0,1920,1080,0,0,8.0,4,512.0,0.0,4.0,1,0
15.6,4,10.0,1.86,15.176700544731553,0,0,0,1,0,0,1366,768,0,0,2.0,2,0.0,500.0,0.0,0,0
14.0,4,10.0,1.44,14.5266297697327,0,0,0,1,0,0,1366,768,0,0,6.0,1,32.0,0.0,0.0,0,0
15.6,4,10.0,1.9,15.401005921439934,0,0,0,1,0,0,1920,1080,0,0,5.0,3,0.0,1024.0,0.0,0,0
17.3,12,10.0,3.0,15.94831619219837,0,1,0,0,0,0,1920,1080,0,0,8.0,4,0.0,1024.0,4.0,1,0
13.5,4,10.0,1.252,16.08592250128668,0,0,0,0,1,0,2256,1504,0,1,5.0,3,128.0,0.0,0.0,0,0
13.3,8,10.0,1.4,15.954618733324642,0,0,0,0,1,0,1920,1080,0,0,8.0,4,256.0,0.0,0.0,0,0
15.6,8,10.0,2.2,15.86140061599781,0,0,0,1,0,0,1920,1080,0,0,8.0,4,256.0,0.0,0.0,0,0
17.3,8,10.0,2.7,16.091417020038463,0,1,0,0,0,0,1920,1080,0,0,5.0,3,128.0,1024.0,4.0,1,0
14.0,8,10.0,2.1,15.056486907804391,0,0,0,1,0,0,1366,768,0,0,2.0,2,0.0,1024.0,0.0,0,0
15.6,8,10.0,2.2,15.94831619219837,0,1,0,0,0,0,1920,1080,0,0,8.0,4,0.0,1024.0,4.0,1,0
15.6,8,10.0,2.2,15.344811374937118,0,0,0,1,0,0,1920,1080,0,0,5.0,3,0.0,2048.0,0.0,0,0
15.6,8,10.0,2.02,15.84400887555375,0,0,0,1,0,0,1920,1080,0,0,8.0,4,128.0,1024.0,0.0,0,0
15.6,4,10.0,2.2,15.365784493820115,0,0,0,1,0,0,1920,1080,0,0,7.0,2,0.0,1024.0,2.0,1,0
17.3,8,10.0,2.5,15.97739404223499,0,0,0,1,0,0,1920,1080,0,0,6.0,3,128.0,1024.0,2.0,1,0
15.6,8,10.0,1.88,16.092475819933764,0,0,0,0,1,0,1920,1080,0,0,6.0,3,256.0,0.0,0.0,0,0
12.0,8,10.0,0.92,16.412772279370298,0,0,0,0,1,0,2304,1440,1,0,3.0,3,512.0,0.0,0.0,0,1
14.0,8,10.0,1.63,15.849839795099816,0,0,0,1,0,0,1920,1080,0,0,6.0,3,256.0,0.0,0.0,0,0
15.6,4,10.0,2.2,15.081868973830147,0,0,0,1,0,0,1920,1080,0,0,5.0,0,128.0,0.0,0.0,0,0
15.6,4,10.0,2.1,15.071793324695646,0,0,0,1,0,0,1366,768,0,0,3.0,0,0.0,1024.0,0.0,0,0
15.6,16,10.0,2.65,16.30002621465777,0,1,0,0,0,0,1920,1080,0,0,8.0,4,128.0,1024.0,4.0,1,0
15.6,8,10.0,1.83,15.64255817820578,0,0,0,0,1,0,1920,1080,0,0,8.0,4,256.0,0.0,3.0,1,0
15.6,8,10.0,1.96,15.488152366319792,0,0,0,1,0,0,1920,1080,0,0,5.0,3,256.0,0.0,0.0,0,0
15.6,16,10.0,2.2,16.371536295017354,0,1,0,0,0,0,1920,1080,0,0,8.0,4,128.0,1024.0,4.0,1,0
13.3,8,10.0,1.21,16.50083166584298,0,0,0,0,1,0,1920,1080,0,0,8.0,4,256.0,0.0,0.0,0,0
15.6,8,10.0,2.45,15.64255817820578,0,1,0,0,0,0,1920,1080,0,0,3.0,0,0.0,1024.0,5.0,1,0
15.6,8,10.0,2.2,15.62814870932072,0,0,0,1,0,0,1920,1080,0,0,8.0,4,0.0,1024.0,2.0,1,0
13.3,16,10.0,1.49,16.180481074594134,0,0,0,1,0,0,1920,1080,0,0,8.0,4,512.0,0.0,0.0,0,0
15.6,8,10.0,2.65,16.178808833559014,0,1,0,0,0,0,1920,1080,0,0,5.0,3,256.0,0.0,4.0,1,0
14.0,8,10.0,1.25,16.04849999068785,0,0,0,0,1,0,1920,1080,0,0,7.0,4,256.0,0.0,0.0,0,0
13.3,8,10.0,1.5,15.834608102511384,1,0,0,0,0,0,1920,1080,0,1,6.0,3,256.0,0.0,0.0,0,0
15.6,8,10.0,2.2,15.489670437208758,0,0,0,1,0,0,1920,1080,0,0,7.0,4,0.0,1024.0,0.0,0,0
15.6,4,10.0,2.2,15.27705639789915,0,0,0,1,0,0,1920,1080,0,0,2.0,2,256.0,0.0,0.0,0,0
15.6,6,10.0,2.0,15.450749736497954,0,0,0,1,0,0,1920,1080,0,0,4.0,2,256.0,0.0,0.0,0,0
15.6,12,10.0,2.62,16.223005875250205,0,1,0,0,0,0,1920,1080,0,0,8.0,4,128.0,1024.0,4.0,1,0
15.6,8,10.0,1.91,15.670768789217693,0,0,0,1,0,0,1920,1080,0,0,7.0,4,256.0,0.0,0.0,0,0
15.6,4,10.0,2.1,14.94797951952325,0,0,0,1,0,0,1920,1080,0,0,5.0,0,0.0,500.0,0.0,0,0
15.6,8,10.0,2.2,15.56525374340358,0,0,0,1,0,0,1920,1080,0,0,6.0,3,0.0,1024.0,0.0,0,0
13.3,8,10.0,1.38,16.113098083897025,0,0,0,0,1,0,1920,1080,0,0,7.0,4,256.0,0.0,2.0,1,0
13.5,8,10.0,1.252,16.29333225195489,0,0,0,0,1,0,2256,1504,0,1,5.0,3,256.0,0.0,0.0,0,0
14.0,6,10.0,1.58,15.583630980240052,0,0,0,1,0,0,1920,1080,0,0,5.0,3,256.0,0.0,2.0,1,0
15.6,4,10.0,1.85,15.120945073477678,0,0,0,1,0,0,1920,1080,0,0,2.0,2,0.0,1024.0,0.0,0,0
14.0,8,10.0,1.3,16.17713379144909,0,0,0,0,1,0,1920,1080,0,0,7.0,4,256.0,0.0,2.0,1,0
15.6,16,10.0,2.2,16.262257378329462,0,1,0,0,0,0,1920,1080,0,0,8.0,4,256.0,1024.0,4.0,1,0
14.0,8,10.0,1.58,16.39270471782916,0,0,0,1,0,0,1920,1080,0,0,7.0,4,256.0,0.0,0.0,0,0
15.6,16,10.0,1.5,16.233360407298267,0,0,0,0,1,0,1920,1080,0,0,8.0,4,256.0,1024.0,2.0,1,0
13.3,8,10.0,1.23,16.322021234429698,0,0,0,0,1,0,3200,1800,0,1,4.0,4,256.0,0.0,1.0,0,0
13.3,8,10.0,1.37,16.33642033013601,1,0,0,0,0,0,1920,1080,0,1,5.0,3,256.0,0.0,0.0,0,0
14.0,4,10.0,1.63,15.67493256973956,0,0,0,1,0,0,1366,768,0,0,6.0,3,0.0,500.0,0.0,0,0
13.3,8,10.0,1.21,16.488628952722742,0,0,0,0,1,0,1920,1080,0,0,6.0,3,256.0,0.0,0.0,0,0
13.3,8,10.0,1.26,16.33641318214821,1,0,0,0,0,0,1920,1080,0,1,6.0,3,256.0,0.0,0.0,0,0
14.0,8,10.0,1.63,16.08132056082965,0,0,0,1,0,0,1920,1080,0,0,8.0,4,512.0,0.0,0.0,0,0
15.6,8,10.0,2.16,16.123172279048294,0,0,0,1,0,0,1920,1080,0,0,8.0,4,256.0,1024.0,2.0,1,0
17.3,4,10.0,2.0,15.427961725980422,0,0,0,1,0,0,1920,1080,0,0,2.0,2,0.0,1024.0,2.0,1,0
15.6,8,10.0,1.7,16.11220402939004,0,0,0,1,0,0,1920,1080,0,0,8.0,4,256.0,0.0,2.0,1,0
15.6,6,10.0,2.1,15.264608107277102,0,0,0,1,0,0,1920,1080,0,1,4.0,2,0.0,1024.0,0.0,0,0
15.6,16,10.0,1.8,16.807807888851624,0,1,0,0,0,0,1920,1080,0,0,8.0,4,256.0,2048.0,4.0,1,0
15.6,8,10.0,2.2,15.53703871057726,0,0,0,1,0,0,1920,1080,0,0,5.0,3,256.0,0.0,2.0,1,0
17.3,16,10.0,2.5,16.24046663475555,0,0,0,1,0,0,1920,1080,0,0,8.0,4,512.0,0.0,2.0,1,0
15.6,4,10.0,2.1,15.204374863945135,0,0,0,1,0,0,1366,768,0,0,3.0,0,256.0,0.0,0.0,0,0
15.6,4,10.0,1.86,14.649735770994493,0,0,0,1,0,0,1366,768,0,0,6.0,1,0.0,500.0,0.0,0,0
14.0,8,10.0,1.63,15.79240775374408,0,0,0,1,0,0,1920,1080,0,0,6.0,3,0.0,1024.0,0.0,0,0
14.0,4,10.0,1.65,14.720492821453863,0,0,0,1,0,0,1366,768,0,0,5.0,0,64.0,0.0,0.0,0,0
17.3,16,10.0,2.8,16.3342736389656,0,0,0,1,0,0,1920,1080,0,0,8.0,4,256.0,2048.0,0.0,0,0
17.3,8,10.0,2.5,15.925939129056314,0,0,0,1,0,0,1920,1080,0,0,6.0,3,256.0,0.0,0.0,0,0
15.6,8,10.0,2.36,15.552796255884378,0,0,0,1,0,0,1366,768,0,0,5.0,3,0.0,1024.0,0.0,0,0
15.6,4,10.0,2.2,15.19993041329544,0,0,0,1,0,0,1920,1080,0,0,2.0,2,0.0,1024.0,0.0,0,0
14.0,8,10.0,1.6,15.87736446493964,0,0,0,0,1,0,1920,1080,0,0,8.0,4,256.0,0.0,0.0,0,0
15.6,4,10.0,2.2,15.442046463073376,0,0,0,1,0,0,1920,1080,0,0,7.0,2,256.0,0.0,2.0,1,0
15.6,8,10.0,2.05,15.48649821709597,0,0,0,1,0,0,1366,768,0,0,7.0,4,0.0,1024.0,0.0,0,0
14.0,8,10.0,1.63,15.988590086658506,0,0,0,1,0,0,1920,1080,0,0,8.0,4,256.0,0.0,0.0,0,0
15.6,4,10.0,1.9,14.623764360222353,0,0,0,1,0,0,1366,768,0,0,1.0,1,0.0,1024.0,0.0,0,0
17.3,8,10.0,3.0,15.936657343984376,0,1,0,0,0,0,1920,1080,0,0,5.0,3,128.0,1024.0,4.0,1,0
15.6,4,10.0,2.2,15.305513596207602,0,0,0,1,0,0,1920,1080,0,0,5.0,3,0.0,1024.0,2.0,1,0
13.3,4,10.0,1.32,15.64255817820578,0,0,0,1,0,0,1920,1080,0,0,5.0,3,256.0,0.0,0.0,0,0
17.3,4,10.0,3.0,15.577542682414956,0,0,0,1,0,0,1920,1080,0,0,7.0,2,0.0,1024.0,2.0,1,0
14.0,8,10.0,1.75,16.110431439781085,0,0,0,1,0,0,1920,1080,0,0,6.0,3,256.0,0.0,5.0,1,0
15.6,8,10.0,2.4,15.860250529763324,0,1,0,0,0,0,1920,1080,0,0,8.0,4,256.0,0.0,4.0,1,0
15.6,4,10.0,2.1,15.493164907204584,0,0,0,1,0,0,1366,768,0,0,3.0,3,0.0,500.0,0.0,0,0
15.6,4,10.0,1.86,15.003704223895946,0,0,0,1,0,0,1366,768,0,0,5.0,0,256.0,0.0,0.0,0,0
14.0,8,10.0,1.25,16.095063331817673,0,0,0,0,1,0,1920,1080,0,0,8.0,4,256.0,0.0,0.0,0,0
12.5,8,10.0,0.97,16.700785404202037,0,0,0,0,1,0,3840,2160,0,1,2.0,0,512.0,0.0,0.0,0,0
15.6,4,10.0,2.0,14.933549259377894,0,0,0,1,0,0,1920,1080,0,0,1.0,1,0.0,1024.0,0.0,0,0
17.3,16,10.0,2.9,16.708205670336532,0,1,0,0,0,0,1920,1080,0,0,8.0,4,256.0,1024.0,4.0,1,0
15.6,4,10.0,2.1,15.19546612128742,0,0,0,1,0,0,1366,768,0,0,2.0,2,0.0,1024.0,0.0,0,0
15.6,16,10.0,2.56,16.223214020101047,0,1,0,0,0,0,1920,1080,0,0,8.0,4,512.0,0.0,4.0,1,0
15.6,8,10.0,2.62,15.89419043465096,0,1,0,0,0,0,1920,1080,0,0,8.0,4,0.0,0.0,4.0,1,0
15.6,4,10.0,1.9,15.30350757793329,0,0,0,1,0,0,1366,768,0,0,5.0,3,128.0,0.0,0.0,0,0
17.3,16,10.0,2.8,16.637239442640755,0,1,0,0,0,0,1920,1080,0,0,8.0,4,256.0,1024.0,4.0,1,0
14.0,4,10.0,1.48,16.079473838428253,0,0,0,0,1,0,1920,1080,0,0,7.0,3,256.0,0.0,0.0,0,0
15.6,6,10.0,1.91,15.521012729449827,0,0,0,1,0,0,1920,1080,0,0,6.0,3,256.0,0.0,0.0,0,0
14.0,4,10.0,1.74,15.53703871057726,1,0,0,0,0,0,1920,1080,0,1,4.0,2,256.0,0.0,0.0,0,0
13.3,8,10.0,1.1,16.274499305217347,1,0,0,0,0,0,1920,1080,0,1,6.0,3,256.0,0.0,0.0,0,0
15.6,8,10.0,1.56,16.04849999068785,1,0,0,0,0,0,1920,1080,0,1,8.0,4,256.0,0.0,0.0,0,0
15.6,4,10.0,2.1,15.19546612128742,0,0,0,1,0,0,1366,768,0,0,2.0,2,0.0,500.0,0.0,0,0
15.6,4,10.0,2.03,15.091844116089389,0,0,0,1,0,0,1366,768,0,0,3.0,0,0.0,1024.0,0.0,0,0
17.3,4,10.0,3.0,15.783749692205298,0,0,0,1,0,0,1920,1080,0,0,6.0,3,256.0,0.0,2.0,1,0
15.6,8,10.0,2.13,15.68320847775966,0,0,0,1,0,0,1920,1080,0,0,6.0,3,256.0,0.0,0.0,0,0
15.6,16,10.0,2.5,16.076697344568945,0,1,0,0,0,0,1920,1080,0,0,8.0,4,256.0,0.0,4.0,1,0
15.6,4,10.0,2.1,14.945110078021264,0,0,0,1,0,0,1366,768,0,0,1.0,1,0.0,1024.0,0.0,0,0
15.6,16,10.0,2.4,16.58789357154748,0,1,0,0,0,0,1920,1080,0,0,8.0,4,256.0,1024.0,4.0,1,0
15.6,4,10.0,2.1,14.988714391369845,0,0,0,1,0,0,1366,768,0,0,1.0,1,0.0,1024.0,0.0,0,0
15.6,8,10.0,2.56,16.0593937255759,0,1,0,0,0,0,1920,1080,0,0,8.0,4,128.0,1024.0,4.0,1,0
17.3,8,10.0,3.0,15.84283860055958,0,0,0,1,0,0,1920,1080,0,0,6.0,3,256.0,0.0,2.0,1,0
13.3,4,10.0,1.49,15.718299792244071,0,0,0,1,0,0,1920,1080,0,0,6.0,3,0.0,500.0,0.0,0,0
13.0,8,10.0,1.05,16.30002621465777,0,0,0,0,1,0,2160,1440,0,0,5.0,3,256.0,0.0,0.0,0,0
17.3,6,10.0,2.71,15.64255817820578,0,0,0,1,0,0,1920,1080,0,0,5.0,3,0.0,2048.0,0.0,0,0
15.6,4,10.0,2.2,14.826248915932052,0,0,0,1,0,0,1366,768,0,0,9.0,0,0.0,500.0,0.0,0,0
15.6,4,10.0,2.0,15.285269994539789,0,0,0,1,0,0,1366,768,0,0,4.0,2,0.0,500.0,0.0,0,0
17.3,8,10.0,2.5,15.920536631429444,0,0,0,1,0,0,1920,1080,0,0,6.0,3,256.0,0.0,2.0,1,0
15.6,8,10.0,2.3,15.221957730156888,0,0,0,1,0,0,1366,768,0,0,4.0,2,0.0,1024.0,0.0,0,0
15.6,4,10.0,2.1,15.19993041329544,0,0,0,1,0,0,1366,768,0,0,2.0,2,128.0,0.0,0.0,0,0
18.4,32,10.0,4.4,17.029924804778403,0,1,0,0,0,0,1920,1080,0,0,9.0,4,512.0,1024.0,3.0,1,0
15.6,8,10.0,1.9,15.793638522959856,0,0,0,1,0,0,1920,1080,0,0,5.0,3,128.0,1024.0,0.0,0,0
13.3,8,10.0,1.29,16.405460848210456,1,0,0,0,0,0,3840,2160,0,1,6.0,3,256.0,0.0,0.0,0,0
15.6,16,10.0,2.02,16.04849999068785,0,0,0,1,0,0,1920,1080,0,0,8.0,4,256.0,2048.0,0.0,0,0
13.3,8,10.0,1.23,16.33642033013601,0,0,0,0,1,0,1920,1080,0,0,6.0,3,256.0,0.0,0.0,0,0
13.9,16,10.0,1.4,16.615307567293623,1,0,0,0,0,0,3840,2160,0,1,8.0,4,512.0,0.0,0.0,0,0
15.6,8,10.0,2.0,15.76873063853562,0,0,0,1,0,0,1366,768,0,0,5.0,3,128.0,0.0,0.0,0,0
15.6,8,10.0,1.95,16.18215052390696,0,0,0,1,0,0,1920,1080,0,0,6.0,3,256.0,0.0,2.0,1,0
17.3,16,10.0,2.77,16.438272188103046,0,0,0,1,0,0,1920,1080,0,1,8.0,4,512.0,0.0,2.0,1,0
15.6,16,10.0,2.06,16.874880556435716,0,0,0,1,0,0,3840,2160,0,1,8.0,4,512.0,0.0,4.0,1,0
15.6,8,10.0,2.4,15.750918465320217,0,1,0,0,0,0,1920,1080,0,0,5.0,3,256.0,0.0,4.0,1,0
13.3,8,10.0,1.12,15.989601720418255,0,0,0,0,1,0,1920,1080,0,0,2.0,3,256.0,0.0,0.0,0,0
17.3,8,10.0,2.8,16.082242644709,0,0,0,1,0,0,1920,1080,0,0,8.0,4,128.0,1024.0,0.0,0,0
14.0,16,10.0,1.42,17.038816913520392,1,0,0,0,0,0,2560,1440,0,1,7.0,4,1024.0,0.0,0.0,0,0
14.0,4,10.0,1.3,14.65358933864044,0,0,0,1,0,0,1920,1080,0,0,1.0,1,0.0,0.0,0.0,0,0
13.3,8,10.0,1.3,16.00056266153777,0,0,0,0,1,0,1920,1080,0,0,5.0,3,256.0,0.0,2.0,1,0
17.3,8,10.0,2.8,15.64112653896484,0,0,0,1,0,0,1600,900,0,0,6.0,3,256.0,0.0,2.0,1,0
13.3,8,10.0,1.62,15.82511811559257,1,0,0,0,0,0,1920,1080,0,1,8.0,4,0.0,1024.0,0.0,0,0
17.3,8,10.0,2.5,15.910737969580504,0,0,0,1,0,0,1920,1080,0,0,6.0,3,0.0,1024.0,2.0,1,0
17.3,32,10.0,3.49,17.808787395819735,0,1,0,0,0,0,3840,2160,0,1,9.0,4,1024.0,0.0,4.0,1,0
13.3,8,10.0,1.49,15.958798467236171,0,0,0,1,0,0,1920,1080,0,0,6.0,3,512.0,0.0,0.0,0,0
17.3,16,10.0,3.35,16.322021234429698,0,1,0,0,0,0,1920,1080,0,0,8.0,4,256.0,1024.0,4.0,1,0
17.3,8,10.0,2.5,16.044679547100827,0,0,0,1,0,0,1920,1080,0,0,8.0,4,256.0,0.0,2.0,1,0
15.6,16,10.0,2.65,16.61314189251299,0,1,0,0,0,0,3840,2160,0,0,8.0,4,512.0,1024.0,4.0,1,0
15.6,4,10.0,2.1,15.293416677241638,0,0,0,1,0,0,1366,768,0,0,3.0,3,128.0,0.0,0.0,0,0
15.6,8,10.0,2.23,15.70225666981566,0,0,0,1,0,0,1920,1080,0,0,7.0,4,0.0,1024.0,2.0,1,0
15.6,16,10.0,3.2,16.559706814402652,0,1,0,0,0,0,1920,1080,0,0,8.0,4,512.0,1024.0,4.0,1,0
15.6,16,10.0,2.8,17.117442183501776,0,0,0,0,0,1,3840,2160,0,0,3.0,0,256.0,1024.0,0.0,0,0
15.6,16,10.0,2.4,16.335705278321786,0,1,0,0,0,0,1920,1080,0,0,8.0,4,512.0,0.0,4.0,1,0
15.6,6,10.0,2.3,15.177406944333802,0,0,0,1,0,0,1366,768,0,1,4.0,2,0.0,1024.0,0.0,0,0
13.3,8,10.0,1.21,16.66797903229336,0,0,0,0,1,0,3840,2160,0,1,8.0,4,256.0,0.0,0.0,0,0
13.3,8,10.0,1.2,16.371536295017354,0,0,0,0,1,0,1920,1080,0,0,8.0,4,256.0,0.0,0.0,0,0
15.6,8,10.0,2.2,15.48482457685295,0,0,0,1,0,0,1366,768,0,0,5.0,3,256.0,0.0,0.0,0,0
15.6,8,10.0,2.4,15.750918465320217,0,0,0,1,0,0,1920,1080,0,0,8.0,4,0.0,1024.0,4.0,1,0
17.3,16,10.0,2.9,16.342122412127853,0,1,0,0,0,0,1920,1080,0,0,8.0,4,256.0,1024.0,4.0,1,0
15.6,4,10.0,2.1,14.94797951952325,0,0,0,1,0,0,1920,1080,0,0,2.0,2,0.0,500.0,0.0,0,0
15.6,8,10.0,2.2,15.401005921439934,0,0,0,1,0,0,1920,1080,0,0,5.0,3,256.0,0.0,0.0,0,0
13.0,8,10.0,1.05,16.405460848210456,0,0,0,0,1,0,2160,1440,0,0,7.0,4,512.0,0.0,0.0,0,0
13.3,8,10.0,1.4,15.93011144679664,0,0,0,0,1,0,1920,1080,0,0,8.0,4,256.0,0.0,0.0,0,0
17.3,8,10.0,2.8,15.471333649670528,0,0,0,1,0,0,1600,900,0,0,5.0,3,0.0,1024.0,3.0,1,0
14.0,8,10.0,1.63,16.031191868180226,0,0,0,1,0,0,1920,1080,0,0,8.0,4,256.0,0.0,2.0,1,0
14.0,8,10.0,1.6,16.13955465080981,0,0,0,0,1,0,1920,1080,0,0,6.0,3,256.0,0.0,0.0,0,0
13.3,16,10.0,1.62,16.246741164591494,1,0,0,0,0,0,1920,1080,0,1,8.0,4,512.0,0.0,0.0,0,0
15.6,8,10.0,2.2,15.611095567141142,0,0,0,1,0,0,1920,1080,0,0,6.0,3,256.0,0.0,0.0,0,0
14.0,8,10.0,1.74,15.89419043465096,1,0,0,0,0,0,1920,1080,0,0,6.0,3,256.0,0.0,0.0,0,0
13.3,8,10.0,1.2,16.310350789290258,0,0,0,0,1,0,1920,1080,0,0,5.0,4,256.0,0.0,0.0,0,0
15.6,8,10.0,2.1,15.769990877969295,0,0,0,1,0,0,1920,1080,0,0,6.0,3,0.0,1024.0,0.0,0,0
17.3,16,10.0,4.42,16.899335037035584,0,1,0,0,0,0,1920,1080,0,0,8.0,4,256.0,1024.0,4.0,1,0
15.6,8,10.0,2.2,15.816739851074324,0,0,0,1,0,0,1920,1080,0,0,7.0,4,256.0,0.0,2.0,1,0
15.6,16,10.0,2.3,15.848687969363006,0,0,0,1,0,0,1920,1080,0,1,7.0,4,0.0,1024.0,0.0,0,0
15.6,8,10.0,2.0,15.737998390832423,0,0,0,1,0,0,1920,1080,0,0,5.0,3,256.0,0.0,2.0,1,0
17.3,8,10.0,2.69,15.885251828773338,0,0,0,1,0,0,1920,1080,0,0,5.0,3,256.0,500.0,3.0,1,0
15.6,8,10.0,1.9,16.238891831419934,0,0,0,1,0,0,1920,1080,0,0,7.0,4,0.0,1024.0,0.0,0,0
15.6,4,10.0,2.37,15.081843910866498,0,0,0,1,0,0,1366,768,0,0,4.0,2,0.0,1024.0,0.0,0,0
15.6,4,10.0,2.1,14.89200027033437,0,0,0,1,0,0,1366,768,0,0,5.0,0,0.0,500.0,0.0,0,0
15.6,16,10.0,3.2,16.405460848210456,0,1,0,0,0,0,1920,1080,0,0,8.0,4,256.0,1024.0,4.0,1,0
14.0,8,10.0,1.6,15.848676327988752,0,0,0,1,0,0,1920,1080,0,0,5.0,3,256.0,0.0,0.0,0,0
13.3,8,10.0,1.6,15.62814870932072,1,0,0,0,0,0,1920,1080,0,1,3.0,3,256.0,0.0,0.0,0,0
15.6,16,10.0,2.36,15.89419043465096,0,0,0,1,0,0,1920,1080,0,0,7.0,4,256.0,0.0,0.0,0,0
15.6,4,10.0,2.1,15.05905430256835,0,0,0,1,0,0,1366,768,0,0,2.0,2,0.0,1024.0,0.0,0,0
15.6,4,10.0,2.2,15.447277511465138,0,0,0,1,0,0,1920,1080,0,0,5.0,0,128.0,1024.0,0.0,0,0
17.3,32,10.0,4.7,17.35907174060677,0,1,0,0,0,0,1920,1080,0,0,9.0,4,512.0,1024.0,4.0,1,0
15.6,8,10.0,2.5,15.833426767622498,0,1,0,0,0,0,1920,1080,0,0,5.0,3,256.0,0.0,4.0,1,0
15.6,8,10.0,2.2,15.471333649670528,0,0,0,1,0,0,1366,768,0,0,2.0,2,128.0,0.0,0.0,0,0
17.3,8,10.0,2.1,16.136067289291322,0,0,0,1,0,0,1920,1080,0,0,8.0,4,128.0,1024.0,2.0,1,0
17.3,8,10.0,2.69,15.88300463710039,0,0,0,1,0,0,1920,1080,0,0,7.0,4,128.0,1024.0,3.0,1,0
15.6,8,10.0,2.56,15.871692300710825,0,1,0,0,0,0,1920,1080,0,0,5.0,3,256.0,0.0,4.0,1,0
13.9,8,10.0,1.38,16.076697344568945,1,0,0,0,0,0,1920,1080,0,1,7.0,4,256.0,0.0,0.0,0,0
15.6,8,10.0,2.2,15.985549030429407,0,0,0,1,0,0,1920,1080,0,0,8.0,4,128.0,2048.0,0.0,0,0
15.6,8,10.0,2.04,15.41905694942099,0,0,0,1,0,0,1366,768,0,1,5.0,3,0.0,1024.0,0.0,0,0
17.3,16,10.0,3.6,17.098941491332475,0,1,0,0,0,0,1920,1080,0,0,9.0,4,256.0,0.0,4.0,1,0
13.3,4,10.0,1.49,15.607620132564955,0,0,0,1,0,0,1920,1080,0,0,6.0,3,0.0,500.0,0.0,0,0
13.3,8,10.0,1.37,16.71361241705011,0,0,0,0,1,0,2560,1600,1,0,1.0,3,512.0,0.0,1.0,0,1
15.6,8,10.0,2.08,15.800991496251724,1,0,0,0,0,0,1920,1080,0,1,8.0,4,0.0,1024.0,0.0,0,0
17.3,16,10.0,4.3,16.58789357154748,0,1,0,0,0,0,1920,1080,0,0,8.0,4,256.0,1024.0,3.0,1,0
15.6,4,10.0,1.68,15.24351028331848,0,0,0,1,0,0,1366,768,0,0,3.0,0,0.0,1024.0,0.0,0,0
13.9,8,10.0,1.37,16.615307567293623,1,0,0,0,0,0,1920,1080,0,1,8.0,4,512.0,0.0,0.0,0,0
17.3,4,10.0,3.0,15.646840839310226,0,0,0,1,0,0,1920,1080,0,0,7.0,2,256.0,0.0,2.0,1,0
13.3,8,10.0,1.41,15.94831619219837,0,0,0,0,1,0,1920,1080,0,0,6.0,3,256.0,0.0,0.0,0,0
15.6,8,10.0,1.91,15.193002238927937,0,0,0,1,0,0,1366,768,0,0,5.0,0,128.0,0.0,0.0,0,0
17.3,16,10.0,2.9,16.057987726880615,0,0,0,1,0,0,1920,1080,0,0,8.0,4,0.0,1024.0,2.0,1,0
17.3,16,10.0,4.14,16.916553250921297,0,1,0,0,0,0,1920,1080,0,0,8.0,4,512.0,1024.0,4.0,1,0
15.6,8,10.0,2.0,16.53070246294827,1,0,0,0,0,0,1920,1080,0,1,8.0,4,512.0,0.0,4.0,1,0
17.3,8,10.0,2.8,16.133443763776956,0,0,0,1,0,0,1920,1080,0,0,8.0,4,128.0,1024.0,0.0,0,0
15.6,4,10.0,2.2,15.188732090806006,0,0,0,1,0,0,1920,1080,0,0,2.0,2,256.0,0.0,0.0,0,0
15.6,4,10.0,2.1,15.67493256973956,0,0,0,1,0,0,1920,1080,0,0,6.0,3,0.0,500.0,0.0,0,0
15.6,4,10.0,2.18,15.58059146474165,0,0,0,1,0,0,1920,1080,0,0,5.0,3,0.0,1024.0,0.0,0,0
15.6,8,10.0,2.24,15.429733205275888,0,0,0,1,0,0,1920,1080,0,0,5.0,3,0.0,1024.0,0.0,0,0
15.6,8,10.0,2.67,15.77626836160209,1,0,0,0,0,0,1920,1080,0,1,6.0,3,256.0,0.0,0.0,0,0
13.3,8,10.0,1.1,16.405460848210456,1,0,0,0,0,0,1920,1080,0,1,8.0,4,512.0,0.0,0.0,0,0
15.6,4,10.0,2.2,15.239236773568027,0,0,0,1,0,0,1920,1080,0,0,5.0,3,0.0,1024.0,0.0,0,0
17.3,8,10.0,2.5,16.018502582666688,0,0,0,1,0,0,1920,1080,0,0,8.0,4,0.0,1024.0,2.0,1,0
15.6,8,10.0,2.05,15.872829310352513,0,0,0,1,0,0,1920,1080,0,0,8.0,4,256.0,0.0,0.0,0,0
13.3,8,10.0,1.37,16.673045702683538,0,0,0,0,1,0,2560,1600,1,0,9.0,3,512.0,0.0,1.0,0,1
17.3,16,10.0,3.2,16.438272188103046,0,1,0,0,0,0,1920,1080,0,0,3.0,0,256.0,1024.0,5.0,1,0
15.6,8,10.0,2.14,15.692873160850391,0,0,0,1,0,0,1920,1080,0,0,8.0,4,256.0,0.0,0.0,0,0
14.0,16,10.0,1.36,16.916553250921297,1,0,0,0,0,0,2560,1440,0,1,6.0,4,512.0,0.0,0.0,0,0
15.6,8,10.0,2.2,15.79240775374408,0,0,0,1,0,0,1366,768,0,0,5.0,4,0.0,500.0,0.0,0,0
15.6,12,10.0,2.3,15.662487025110767,0,0,0,1,0,0,1366,768,0,0,7.0,4,0.0,1024.0,0.0,0,0
17.3,8,10.0,2.8,16.095063331817673,0,0,0,1,0,0,1920,1080,0,0,8.0,4,128.0,1024.0,0.0,0,0
15.6,8,10.0,2.2,15.706291644417512,0,0,0,1,0,0,1920,1080,0,0,8.0,4,0.0,1024.0,2.0,1,0
17.3,4,10.0,2.8,15.285269994539789,0,0,0,1,0,0,1600,900,0,0,2.0,2,0.0,1024.0,0.0,0,0
17.3,8,10.0,2.8,15.836966593857898,0,0,0,1,0,0,1920,1080,0,0,8.0,4,0.0,2048.0,2.0,1,0
17.3,6,10.0,2.8,15.848676327988752,0,0,0,1,0,0,1600,900,0,0,7.0,4,128.0,1024.0,2.0,1,0
15.6,4,10.0,2.25,15.15203073342435,0,0,0,1,0,0,1920,1080,0,0,0.0,2,0.0,1024.0,0.0,0,0
15.6,8,10.0,2.5,15.81312756587756,0,1,0,0,0,0,1920,1080,0,0,5.0,3,256.0,0.0,4.0,1,0
15.6,6,10.0,2.2,15.4542099468896,0,0,0,1,0,0,1920,1080,0,0,5.0,3,256.0,0.0,0.0,0,0
15.6,8,10.0,3.0,15.95042145588461,0,0,0,1,0,0,1920,1080,0,0,8.0,4,256.0,0.0,2.0,1,0
15.6,12,10.0,2.15,15.583630980240052,0,0,0,1,0,0,1920,1080,0,1,7.0,4,0.0,1024.0,0.0,0,0
15.6,8,10.0,1.95,16.093241837875848,0,0,0,1,0,0,1920,1080,0,0,7.0,4,256.0,0.0,0.0,0,0
15.6,8,10.0,1.7,15.97739404223499,0,0,0,0,1,0,1920,1080,0,0,5.0,3,256.0,0.0,2.0,1,0
15.6,16,10.0,2.5,16.165329271007916,0,1,0,0,0,0,1920,1080,0,0,8.0,4,256.0,1024.0,4.0,1,0
15.6,8,10.0,2.2,15.58364615462916,0,0,0,1,0,0,1920,1080,0,0,7.0,4,0.0,1024.0,2.0,1,0
15.6,2,10.0,2.19,14.386212664937258,0,0,0,1,0,0,1366,768,0,0,5.0,1,16.0,0.0,0.0,0,0
17.3,8,10.0,3.0,16.17209176443734,0,1,0,0,0,0,1920,1080,0,0,8.0,4,0.0,1024.0,4.0,1,0
17.3,8,10.0,2.54,15.285269994539789,0,0,0,1,0,0,1600,900,0,0,2.0,2,0.0,1024.0,0.0,0,0
15.6,8,10.0,2.0,16.604431984962453,0,0,0,1,0,0,1920,1080,0,0,8.0,4,256.0,0.0,4.0,1,0
15.6,8,10.0,2.05,15.69820534821176,0,0,0,1,0,0,1920,1080,0,0,6.0,3,256.0,0.0,0.0,0,0
15.6,8,10.0,3.2,16.262257378329462,0,1,0,0,0,0,1920,1080,0,0,8.0,4,0.0,1024.0,4.0,1,0
15.6,8,10.0,2.5,15.979439032487562,0,0,0,1,0,0,1920,1080,0,0,8.0,4,256.0,0.0,4.0,1,0
17.3,16,10.0,3.42,17.060138964968782,0,0,0,0,0,1,1920,1080,0,0,9.0,4,256.0,0.0,0.0,0,0
15.6,6,10.0,2.4,15.305513596207602,0,0,0,1,0,0,1920,1080,0,0,4.0,0,0.0,1024.0,0.0,0,0
15.6,16,10.0,1.63,16.38456356086661,0,0,0,0,1,0,1920,1080,0,0,7.0,4,512.0,0.0,2.0,1,0
14.0,4,10.0,1.3,15.325355512578868,0,0,0,1,0,0,1366,768,0,0,4.0,2,128.0,0.0,0.0,0,0
17.3,16,10.0,2.9,16.753021647255487,0,1,0,0,0,0,1920,1080,0,0,8.0,4,256.0,1024.0,4.0,1,0
17.3,6,10.0,2.8,15.56834016507112,0,0,0,1,0,0,1600,900,0,0,5.0,3,0.0,1024.0,3.0,1,0
15.6,8,10.0,2.2,15.401005921439934,0,0,0,1,0,0,1366,768,0,0,5.0,3,0.0,2048.0,2.0,1,0
15.6,8,10.0,2.5,16.235734765147395,0,1,0,0,0,0,1920,1080,0,0,8.0,4,128.0,1024.0,4.0,1,0
15.6,4,10.0,2.2,14.978983840769947,0,0,0,1,0,0,1366,768,0,0,1.0,1,0.0,1024.0,0.0,0,0
13.3,16,10.0,1.28,16.681231009361404,1,0,0,0,0,0,1920,1080,0,1,8.0,4,256.0,0.0,0.0,0,0
15.6,8,10.0,2.2,16.042763837909053,0,0,0,1,0,0,1920,1080,0,0,5.0,4,256.0,0.0,0.0,0,0
15.6,8,10.0,2.3,15.800991496251724,0,0,0,1,0,0,1920,1080,0,0,5.0,3,128.0,1024.0,2.0,1,0
15.6,4,10.0,1.86,15.24351028331848,0,0,0,1,0,0,1920,1080,0,0,2.0,2,0.0,1024.0,0.0,0,0
13.3,8,10.0,1.1,15.999662166305846,0,0,0,1,0,0,1920,1080,0,0,5.0,3,256.0,0.0,0.0,0,0
13.3,16,10.0,1.21,16.916553250921297,0,0,0,0,1,0,3840,2160,0,1,8.0,4,1024.0,0.0,0.0,0,0
15.6,16,10.0,2.8,16.742123648482917,0,1,0,0,0,0,1920,1080,0,0,8.0,4,256.0,1024.0,4.0,1,0
15.6,8,10.0,2.23,15.24351028331848,0,0,0,1,0,0,1920,1080,0,0,2.0,0,256.0,0.0,0.0,0,0
11.6,2,10.0,1.1,14.709678781698353,1,0,0,0,0,0,1366,768,0,1,1.0,1,0.0,0.0,0.0,0,0
15.6,8,10.0,2.33,15.83105990292724,0,0,0,1,0,0,1920,1080,0,0,6.0,3,128.0,1024.0,0.0,0,0
13.3,16,10.0,1.29,16.8963423779573,1,0,0,0,0,0,3840,2160,0,1,8.0,4,1024.0,0.0,0.0,0,0
13.3,4,10.0,1.45,15.223916594162745,0,0,0,1,0,0,1366,768,0,0,6.0,1,0.0,0.0,0.0,0,0
14.0,8,10.0,1.95,15.980459961504453,0,0,0,1,0,0,1920,1080,0,0,5.0,3,256.0,0.0,0.0,0,0
11.6,4,10.0,1.4,15.27705639789915,0,0,0,1,0,0,1366,768,0,0,6.0,1,0.0,0.0,0.0,0,0
14.0,8,10.0,1.48,16.25685404647047,0,0,0,1,0,0,1920,1080,0,0,7.0,4,256.0,0.0,0.0,0,0
17.3,4,10.0,2.79,15.471333649670528,0,0,0,1,0,0,1600,900,0,0,5.0,3,0.0,1024.0,2.0,1,0
14.0,8,10.0,2.0,16.090503360863668,0,0,0,1,0,0,1920,1080,0,0,7.0,4,256.0,0.0,0.0,0,0
15.6,8,10.0,2.1,15.897521919825904,0,0,0,1,0,0,1366,768,0,0,8.0,4,0.0,1024.0,0.0,0,0
15.6,8,10.0,2.2,15.583630980240052,0,0,0,1,0,0,1366,768,0,0,7.0,0,256.0,0.0,5.0,1,0
14.0,4,10.0,1.44,14.769661462491468,0,0,0,1,0,0,1366,768,0,0,1.0,1,0.0,0.0,0.0,0,0
15.6,6,10.0,2.23,15.401005921439934,0,0,0,1,0,0,1366,768,0,0,5.0,3,0.0,1024.0,0.0,0,0
15.6,8,10.0,1.7,16.04935758272055,0,0,0,0,1,0,1920,1080,0,0,7.0,4,256.0,0.0,2.0,1,0
12.5,8,10.0,1.26,16.289593930158613,0,0,0,0,1,0,1920,1080,0,0,7.0,4,256.0,0.0,0.0,0,0
15.6,32,10.0,2.06,16.971062654202278,0,0,0,1,0,0,3840,2160,0,1,8.0,4,1024.0,0.0,4.0,1,0
17.3,8,10.0,2.7,16.18215052390696,0,1,0,0,0,0,1920,1080,0,0,8.0,4,256.0,1024.0,4.0,1,0
15.6,8,10.0,2.0,15.941973676975904,0,0,0,1,0,0,1920,1080,0,0,5.0,3,256.0,0.0,0.0,0,0
14.0,8,10.0,2.0,16.28884458586298,0,0,0,1,0,0,1920,1080,0,0,7.0,4,256.0,1024.0,0.0,0,0
15.6,4,10.0,1.85,15.19993041329544,0,0,0,1,0,0,1920,1080,0,0,2.0,2,0.0,1024.0,0.0,0,0
15.6,8,10.0,2.5,15.999662166305846,0,1,0,0,0,0,1920,1080,0,0,8.0,4,256.0,0.0,4.0,1,0
14.0,8,10.0,1.48,16.23810349877261,0,0,0,1,0,0,1920,1080,0,0,6.0,3,256.0,0.0,0.0,0,0
15.6,8,10.0,1.9,16.04849999068785,0,0,0,0,1,0,1920,1080,0,0,6.0,3,128.0,1024.0,2.0,1,0
15.6,8,10.0,1.84,16.13519354532858,0,0,0,1,0,0,1920,1080,0,0,5.0,3,256.0,0.0,0.0,0,0
15.6,4,10.0,2.0,14.709642417415688,0,0,0,1,0,0,1366,768,0,0,1.0,1,0.0,1024.0,0.0,0,0
15.6,8,10.0,2.0,16.134100290708222,0,0,0,1,0,0,1920,1080,0,0,6.0,3,256.0,0.0,2.0,1,0
15.6,4,10.0,2.2,14.709315079351745,0,0,0,1,0,0,1366,768,0,0,6.0,1,0.0,500.0,0.0,0,0
15.6,12,10.0,2.2,15.89419043465096,0,0,0,1,0,0,1920,1080,0,0,6.0,0,0.0,2048.0,0.0,0,0
15.6,8,10.0,2.1,15.666587599112653,0,0,0,1,0,0,1920,1080,0,0,4.0,2,0.0,1024.0,2.0,1,0
13.9,16,10.0,1.4,16.742123648482917,1,0,0,0,0,0,3840,2160,0,1,8.0,4,512.0,0.0,0.0,0,0
13.3,8,10.0,1.2,16.457454360562423,0,0,0,0,1,0,1920,1080,0,0,8.0,4,256.0,0.0,0.0,0,0
15.6,16,10.0,2.4,16.121994938844583,0,1,0,0,0,0,1920,1080,0,0,8.0,4,256.0,2048.0,4.0,1,0
14.0,2,10.0,1.44,14.724119459990098,0,0,0,1,0,0,1366,768,0,0,6.0,1,0.0,0.0,0.0,0,0
15.6,16,10.0,1.88,16.47562891883165,0,0,0,0,1,0,1920,1080,0,0,9.0,4,512.0,0.0,0.0,0,0
11.6,4,10.0,1.5,15.01983360094949,1,0,0,0,0,0,1366,768,0,1,1.0,1,0.0,0.0,0.0,0,0
15.6,8,10.0,1.9,15.589682434893826,0,0,0,0,1,0,1920,1080,0,0,6.0,3,0.0,1024.0,0.0,0,0
15.6,16,10.0,2.06,16.70742665830509,0,0,0,1,0,0,3840,2160,0,1,8.0,4,512.0,0.0,4.0,1,0
15.6,8,10.0,1.84,16.266099103813502,0,0,0,1,0,0,1920,1080,0,0,7.0,4,256.0,0.0,0.0,0,0
17.3,8,10.0,2.7,16.34354286679869,0,1,0,0,0,0,1920,1080,0,0,8.0,4,128.0,1024.0,4.0,1,0
15.6,8,10.0,2.6,16.55355298451872,0,0,0,0,0,1,1920,1080,0,0,8.0,4,256.0,0.0,0.0,0,0
15.6,16,10.0,2.4,16.339275435343808,0,0,0,1,0,0,1920,1080,0,0,5.0,4,512.0,0.0,0.0,0,0
15.6,8,10.0,2.02,15.97113086729151,0,0,0,1,0,0,1920,1080,0,0,8.0,4,128.0,2048.0,0.0,0,0
15.6,4,10.0,2.2,14.867428113513055,0,0,0,1,0,0,1366,768,0,0,1.0,1,0.0,1024.0,0.0,0,0
15.6,8,10.0,2.65,15.999662166305846,0,1,0,0,0,0,1920,1080,0,0,5.0,3,0.0,1024.0,4.0,1,0
15.6,8,10.0,2.36,15.416136769140424,0,0,0,1,0,0,1366,768,0,1,5.0,3,0.0,2048.0,0.0,0,0
14.0,8,10.0,1.36,16.35623697137006,0,0,0,1,0,0,1920,1080,0,0,6.0,3,256.0,0.0,0.0,0,0
15.6,4,10.0,1.86,15.177406944333802,0,0,0,1,0,0,1366,768,0,0,2.0,2,0.0,500.0,0.0,0,0
14.0,8,10.0,2.0,15.94409232158379,0,0,0,1,0,0,1920,1080,0,0,5.0,3,256.0,0.0,0.0,0,0
17.3,6,10.0,2.8,15.670768789217693,0,0,0,1,0,0,1600,900,0,0,5.0,3,128.0,1024.0,3.0,1,0
15.6,8,10.0,1.86,15.552811905456348,0,0,0,1,0,0,1920,1080,0,0,5.0,3,0.0,1024.0,0.0,0,0
15.6,8,10.0,2.2,15.305513596207602,0,0,0,1,0,0,1366,768,0,0,2.0,2,256.0,0.0,2.0,1,0
15.6,8,10.0,2.04,15.056486907804391,0,0,0,1,0,0,1366,768,0,0,6.0,1,0.0,2048.0,0.0,0,0
17.3,8,10.0,2.8,16.082242644709,0,0,0,1,0,0,1920,1080,0,0,6.0,3,128.0,1024.0,0.0,0,0
15.6,8,10.0,2.4,15.788706331154485,0,1,0,0,0,0,1920,1080,0,0,5.0,3,128.0,1024.0,4.0,1,0
15.6,8,10.0,2.33,15.89419043465096,0,0,0,1,0,0,1920,1080,0,0,7.0,4,256.0,0.0,0.0,0,0
14.0,8,10.0,1.36,16.560278406264867,0,0,0,0,1,0,1920,1080,0,0,7.0,4,256.0,0.0,0.0,0,0
15.6,12,10.0,2.26,16.095063331817673,1,0,0,0,0,0,1920,1080,0,1,7.0,4,512.0,2048.0,2.0,1,0
15.6,4,10.0,2.1,15.147346885345533,0,0,0,1,0,0,1366,768,0,0,3.0,0,128.0,0.0,0.0,0,0
17.3,16,10.0,3.25,16.788665316780566,0,1,0,0,0,0,1920,1080,0,0,3.0,0,256.0,1024.0,5.0,1,0
17.3,4,10.0,2.6,15.285269994539789,0,0,0,1,0,0,1600,900,0,0,2.0,0,128.0,0.0,0.0,0,0
13.3,8,10.0,1.62,15.860262037175486,1,0,0,0,0,0,1920,1080,0,1,8.0,4,256.0,0.0,0.0,0,0
15.6,4,10.0,1.91,15.28524954443764,0,0,0,1,0,0,1920,1080,0,0,3.0,0,256.0,0.0,0.0,0,0
11.6,4,10.0,1.59,15.408265479971028,0,0,1,0,0,0,1366,768,0,0,1.0,1,128.0,0.0,0.0,0,0
15.6,4,10.0,1.8,14.826248915932052,0,0,0,1,0,0,1366,768,0,0,60.0,1,0.0,500.0,0.0,0,0
14.0,4,10.0,1.5,14.74889947912288,0,0,0,1,0,0,1366,768,0,0,1.0,1,0.0,0.0,0.0,0,0
15.6,8,10.0,2.4,15.833426767622498,0,0,0,1,0,0,1920,1080,0,0,8.0,4,0.0,1024.0,4.0,1,0
17.3,8,10.0,3.35,16.175455938864772,0,1,0,0,0,0,1920,1080,0,0,8.0,4,128.0,1024.0,4.0,1,0
15.6,4,10.0,1.85,15.093084041506913,0,0,0,1,0,0,1920,1080,0,0,2.0,2,128.0,0.0,0.0,0,0
15.6,8,10.0,2.3,16.504463630847297,0,1,0,0,0,0,1920,1080,0,0,8.0,4,128.0,1024.0,4.0,1,0
14.0,8,10.0,1.5,16.095063331817673,0,0,0,1,0,0,1920,1080,0,0,5.0,3,256.0,0.0,2.0,1,0
13.3,16,10.0,1.1,16.559649637242874,0,0,0,0,1,0,1920,1080,0,1,7.0,4,512.0,0.0,0.0,0,0
14.0,8,10.0,1.13,16.82571485478772,0,0,0,0,1,0,2560,1440,0,0,7.0,4,512.0,0.0,0.0,0,0
13.3,4,10.0,1.5,15.401005921439934,0,0,0,1,0,0,1920,1080,0,0,4.0,2,128.0,0.0,0.0,0,0
15.6,8,10.0,2.23,16.31474318252055,0,0,0,0,0,1,1920,1080,0,0,6.0,3,0.0,500.0,0.0,0,0
15.6,8,10.0,2.0,16.759129253421584,0,0,0,0,0,1,1920,1080,0,0,7.0,4,256.0,0.0,0.0,0,0
14.0,16,10.0,1.42,16.9205468662734,1,0,0,0,0,0,2560,1440,0,1,7.0,4,512.0,0.0,0.0,0,0
17.3,8,10.0,3.0,16.038921374422614,0,1,0,0,0,0,1920,1080,0,0,8.0,4,0.0,1024.0,4.0,1,0
17.3,16,10.0,3.0,16.465025374107377,0,1,0,0,0,0,1920,1080,0,0,8.0,4,256.0,1024.0,4.0,1,0
15.6,12,10.0,2.2,15.635364988314528,0,0,0,1,0,0,1366,768,0,0,6.0,3,0.0,1024.0,2.0,1,0
17.3,8,10.0,2.7,16.30002621465777,0,1,0,0,0,0,1920,1080,0,0,8.0,4,256.0,0.0,4.0,1,0
15.6,8,10.0,2.33,15.750751570802016,0,0,0,1,0,0,1920,1080,0,0,7.0,4,256.0,0.0,0.0,0,0
15.6,4,10.0,1.91,15.305513596207602,0,0,0,0,1,0,1920,1080,0,0,3.0,0,256.0,0.0,0.0,0,0
15.6,8,10.0,2.1,16.2073190273391,0,0,0,1,0,0,1920,1080,0,0,8.0,4,256.0,0.0,5.0,1,0
14.0,8,10.0,1.9,15.936657343984376,0,0,0,1,0,0,1920,1080,0,0,5.0,3,256.0,0.0,0.0,0,0
15.6,8,10.0,1.78,16.99834896561216,0,0,0,0,0,1,3840,2160,0,1,8.0,4,256.0,0.0,0.0,0,0
14.0,16,10.0,1.13,16.965743492951958,0,0,0,0,1,0,2560,1440,0,0,7.0,4,1024.0,0.0,0.0,0,0
15.6,4,10.0,2.2,14.816492744554829,0,0,0,1,0,0,1366,768,0,0,1.0,1,0.0,1024.0,0.0,0,0
17.3,16,10.0,2.9,16.425276554564906,0,1,0,0,0,0,1920,1080,0,0,8.0,4,256.0,1024.0,4.0,1,0
15.6,8,10.0,2.1,16.135630512738512,0,0,0,1,0,0,1920,1080,0,0,6.0,3,256.0,1024.0,5.0,1,0
15.6,8,10.0,2.5,15.871692300710825,0,0,0,1,0,0,1920,1080,0,0,8.0,4,256.0,0.0,4.0,1,0
17.3,16,10.0,2.8,16.811148277048133,0,1,0,0,0,0,1920,1080,0,0,8.0,4,256.0,1024.0,4.0,1,0
14.0,8,10.0,1.1,16.628204037571226,0,0,0,0,1,0,1920,1080,0,0,7.0,4,512.0,0.0,0.0,0,0
13.3,16,10.0,1.2,16.558562649591718,0,0,0,0,1,0,1920,1080,0,0,5.0,4,512.0,0.0,0.0,0,0
14.0,8,10.0,1.36,16.519456414422248,0,0,0,0,1,0,1920,1080,0,0,8.0,4,512.0,0.0,0.0,0,0
15.6,4,10.0,2.2,15.106622706091738,0,0,0,1,0,0,1920,1080,0,0,2.0,2,0.0,500.0,0.0,0,0
11.6,2,10.0,1.15,14.81141451452812,0,0,0,1,0,0,1366,768,0,0,1.0,1,0.0,0.0,0.0,0,0
15.6,8,10.0,2.67,16.655588580227082,0,0,0,0,0,1,1920,1080,0,0,8.0,4,512.0,0.0,0.0,0,0
14.0,8,10.0,1.7,16.66489578234142,0,0,0,0,1,0,2560,1440,0,0,8.0,4,512.0,0.0,2.0,1,0
15.6,4,10.0,2.1,15.24351028331848,0,0,0,1,0,0,1920,1080,0,0,2.0,2,0.0,1024.0,0.0,0,0
13.3,8,10.0,1.6,15.76368641265472,1,0,0,0,0,0,1920,1080,0,1,5.0,4,256.0,0.0,0.0,0,0
13.3,8,10.0,1.27,15.925939129056314,1,0,0,0,0,0,1920,1080,0,1,5.0,3,256.0,0.0,0.0,0,0
15.6,4,10.0,2.3,15.488002102133144,0,0,0,1,0,0,1920,1080,0,0,5.0,3,256.0,0.0,0.0,0,0
13.3,4,10.0,1.65,15.62814870932072,0,0,0,1,0,0,1366,768,0,0,2.0,2,128.0,0.0,0.0,0,0
14.0,8,10.0,1.43,16.406127737148147,0,0,0,0,1,0,1920,1080,0,0,5.0,4,256.0,0.0,0.0,0,0
15.6,8,10.0,2.14,15.38438402604256,0,0,0,1,0,0,1366,768,0,0,5.0,3,0.0,1024.0,0.0,0,0
14.0,8,10.0,1.75,16.195719431693295,0,0,0,0,1,0,1920,1080,0,0,8.0,4,256.0,0.0,5.0,1,0
15.6,16,10.0,2.0,16.64199004511735,1,0,0,0,0,0,3840,2160,0,1,8.0,4,512.0,0.0,4.0,1,0
12.3,6,10.0,1.4,15.19993041329544,0,0,0,1,0,0,2736,1824,0,0,1.0,1,0.0,0.0,0.0,0,0
15.6,8,10.0,2.31,16.35623697137006,0,0,0,1,0,0,1920,1080,0,0,9.0,4,256.0,0.0,0.0,0,0
15.6,8,10.0,2.3,15.48482457685295,0,0,0,1,0,0,1920,1080,0,0,4.0,2,0.0,1024.0,2.0,1,0
17.3,16,10.0,4.42,17.029924804778403,0,1,0,0,0,0,2560,1440,0,0,9.0,4,256.0,1024.0,4.0,1,0
15.6,8,10.0,2.62,16.14822021545631,0,1,0,0,0,0,1920,1080,0,0,8.0,4,128.0,1024.0,4.0,1,0
15.6,8,10.0,2.02,16.13379396511184,0,0,0,1,0,0,1920,1080,0,0,8.0,4,256.0,2048.0,0.0,0,0
14.0,8,10.0,1.6,16.095063331817673,0,0,0,0,1,0,1920,1080,0,0,8.0,4,256.0,0.0,0.0,0,0
17.3,12,10.0,3.35,16.693309665842936,0,1,0,0,0,0,1920,1080,0,0,8.0,4,256.0,1024.0,4.0,1,0
11.6,4,10.0,1.16,14.79335122459724,1,0,0,0,0,0,1920,1080,0,1,1.0,1,32.0,0.0,0.0,0,0
11.6,4,10.0,1.15,14.687619072755128,0,0,1,0,0,0,1366,768,0,0,6.0,1,0.0,0.0,0.0,0,0
13.3,8,10.0,1.4,16.010612996266552,0,0,0,1,0,0,1920,1080,0,0,7.0,4,256.0,0.0,0.0,0,0
14.0,4,10.0,1.7,15.488169060946827,0,0,0,1,0,0,1920,1080,0,0,7.0,2,128.0,0.0,0.0,0,0
15.6,16,10.0,2.3,16.89470772298923,0,0,0,0,0,1,3840,2160,0,0,8.0,4,512.0,0.0,2.0,1,0
15.6,16,10.0,2.5,16.8963423779573,0,0,0,1,0,0,1920,1080,0,0,9.0,4,512.0,0.0,0.0,0,0
17.3,8,10.0,3.2,16.528345361247094,0,1,0,0,0,0,1920,1080,0,0,2.0,0,256.0,1024.0,5.0,1,0
15.6,4,10.0,2.1,14.942232379124954,0,0,0,1,0,0,1366,768,0,0,6.0,1,0.0,500.0,0.0,0,0
12.3,16,10.0,1.1,16.788665316780566,0,0,0,0,1,0,2400,1600,0,1,3.0,4,512.0,0.0,0.0,0,0
14.0,24,10.0,1.32,16.868603072212025,0,0,0,0,1,0,2560,1440,0,0,7.0,4,512.0,0.0,0.0,0,0
15.6,4,10.0,2.0,15.41905694942099,0,0,0,1,0,0,1920,1080,0,0,5.0,3,256.0,0.0,0.0,0,0
17.3,8,10.0,2.8,15.344811374937118,0,0,0,1,0,0,1600,900,0,0,5.0,0,0.0,1024.0,0.0,0,0
15.6,4,10.0,2.2,15.711646408749012,0,0,0,1,0,0,1920,1080,0,0,6.0,3,256.0,0.0,0.0,0,0
12.5,8,10.0,1.36,16.35763753171279,0,0,0,0,1,0,1920,1080,0,0,5.0,3,256.0,0.0,0.0,0,0
15.6,4,10.0,2.2,14.94797951952325,0,0,0,1,0,0,1920,1080,0,0,1.0,1,128.0,0.0,0.0,0,0
15.6,8,10.0,2.2,16.095063331817673,0,1,0,0,0,0,1920,1080,0,0,8.0,4,128.0,1024.0,4.0,1,0
14.0,8,10.0,1.64,16.165329271007916,0,0,0,1,0,0,1920,1080,0,0,8.0,3,256.0,0.0,2.0,1,0
15.6,4,10.0,2.4,15.183764820621088,0,0,0,1,0,0,1366,768,0,0,5.0,3,0.0,500.0,0.0,0,0
15.6,8,10.0,2.23,16.690303651724697,0,0,0,0,0,1,1920,1080,0,0,3.0,0,0.0,1024.0,0.0,0,0
15.6,8,10.0,2.2,16.028024880247212,0,1,0,0,0,0,1920,1080,0,0,5.0,3,256.0,0.0,4.0,1,0
13.5,16,10.0,1.25,16.951934298273493,0,0,0,0,1,0,2256,1504,0,1,5.0,4,512.0,0.0,1.0,0,0
15.6,8,10.0,1.91,15.471333649670528,0,0,0,1,0,0,1366,768,0,0,5.0,3,128.0,0.0,0.0,0,0
15.6,16,10.0,2.17,16.681231009361404,0,0,0,0,0,1,1920,1080,0,0,7.0,4,256.0,0.0,0.0,0,0
15.6,8,10.0,2.31,16.428541330323306,0,0,0,0,0,1,1920,1080,0,0,9.0,4,512.0,0.0,0.0,0,0
14.0,8,10.0,1.65,16.297056650733882,0,0,0,1,0,0,1920,1080,0,0,5.0,3,256.0,0.0,0.0,0,0
15.6,8,10.0,2.36,15.979439032487562,0,0,0,1,0,0,1920,1080,0,0,8.0,4,128.0,1024.0,0.0,0,0
11.6,4,10.0,1.47,15.264608107277102,1,0,0,0,0,0,1366,768,0,1,6.0,1,0.0,500.0,0.0,0,0
17.3,8,10.0,4.42,16.716549276561757,0,0,0,1,0,0,1920,1080,0,0,7.0,4,0.0,1024.0,4.0,1,0
13.5,4,10.0,1.252,15.989601720418255,0,0,0,0,1,0,2256,1504,0,1,2.0,0,128.0,0.0,0.0,0,0
13.5,8,10.0,1.25,16.58789357154748,0,0,0,0,1,0,2256,1504,0,1,5.0,4,256.0,0.0,1.0,0,0
17.3,8,10.0,2.5,15.554219364976696,0,0,0,1,0,0,1600,900,0,0,2.0,2,256.0,0.0,0.0,0,0
15.6,4,10.0,2.23,15.391856728669124,0,0,0,1,0,0,1920,1080,0,0,2.0,2,0.0,1024.0,2.0,1,0
11.6,4,10.0,1.4,15.168253564702942,0,0,1,0,0,0,1366,768,0,0,6.0,1,128.0,0.0,0.0,0,0
15.6,8,10.0,2.37,15.711646408749012,0,0,0,1,0,0,1920,1080,0,0,5.0,3,0.0,1024.0,0.0,0,0
14.0,8,10.0,1.5,15.77626836160209,0,0,0,1,0,0,1920,1080,0,0,7.0,4,512.0,0.0,0.0,0,0
15.6,8,10.0,2.67,16.73782667385186,0,0,0,1,0,0,1920,1080,0,0,9.0,4,256.0,0.0,0.0,0,0
15.6,4,10.0,2.0,14.809935346426553,0,0,0,1,0,0,1366,768,0,0,1.0,1,0.0,500.0,0.0,0,0
15.6,4,10.0,2.2,15.24351028331848,0,0,0,1,0,0,1366,768,0,0,2.0,2,0.0,500.0,3.0,1,0
15.6,8,10.0,2.02,15.72490920064919,0,0,0,1,0,0,1920,1080,0,0,6.0,3,0.0,2048.0,0.0,0,0
17.3,12,10.0,3.78,16.53070246294827,0,1,0,0,0,0,1920,1080,0,0,8.0,4,0.0,1024.0,4.0,1,0
14.0,12,10.0,1.4,16.620163254985663,0,0,0,0,1,0,2560,1440,0,0,6.0,4,256.0,0.0,0.0,0,0
13.3,8,10.0,1.29,16.693309665842936,1,0,0,0,0,0,3840,2160,0,1,8.0,4,512.0,0.0,0.0,0,0
15.6,8,10.0,1.9,16.143896819605022,0,0,0,1,0,0,1920,1080,0,0,5.0,3,0.0,500.0,0.0,0,0
12.3,8,10.0,1.1,16.243608820881033,0,0,0,0,1,0,2400,1600,0,1,2.0,3,128.0,0.0,0.0,0,0
13.3,8,10.0,1.42,16.61143311641724,0,0,0,0,1,0,1920,1080,0,1,6.0,3,256.0,0.0,0.0,0,0
15.6,12,10.0,2.06,16.262257378329462,0,0,0,1,0,0,3840,2160,0,0,6.0,4,128.0,1024.0,0.0,0,0
14.0,8,10.0,1.79,15.699557613256127,0,0,0,1,0,0,1366,768,0,0,3.0,2,128.0,0.0,0.0,0,0
15.6,8,10.0,1.78,16.87945912821572,0,0,0,0,0,1,1920,1080,0,0,8.0,4,256.0,0.0,0.0,0,0
14.0,8,10.0,1.7,16.31108419593664,0,0,0,1,0,0,1920,1080,0,0,5.0,3,1.0,0.0,0.0,0,0
15.6,8,10.0,2.2,15.607620132564955,0,0,0,1,0,0,1920,1080,0,0,6.0,3,0.0,1024.0,0.0,0,0
13.3,8,10.0,1.05,16.51468313598988,0,0,0,1,0,0,1920,1080,0,0,5.0,3,256.0,0.0,0.0,0,0
15.6,8,10.0,2.16,16.233360407298267,0,0,0,1,0,0,1920,1080,0,0,8.0,4,512.0,0.0,2.0,1,0
15.6,4,10.0,2.18,15.467250623343476,0,0,0,1,0,0,1366,768,0,0,4.0,2,0.0,1024.0,0.0,0,0
13.3,4,10.0,1.49,15.680457444813332,0,0,0,1,0,0,1920,1080,0,0,6.0,3,128.0,0.0,0.0,0,0
15.6,4,10.0,1.89,14.60995893628814,0,0,0,1,0,0,1920,1080,0,0,44.0,0,0.0,0.0,0.0,0,0
15.6,4,10.0,2.3,15.429733205275888,0,0,0,1,0,0,1366,768,0,0,0.0,2,128.0,0.0,0.0,0,0
14.0,8,10.0,1.75,16.04849999068785,0,0,0,1,0,0,1920,1080,0,0,6.0,3,256.0,0.0,0.0,0,0
15.6,16,10.0,2.17,16.849958465217313,0,0,0,0,0,1,1920,1080,0,0,7.0,4,512.0,0.0,0.0,0,0
15.6,16,10.0,2.06,16.64199004511735,0,0,0,1,0,0,1920,1080,0,0,8.0,4,512.0,0.0,4.0,1,0
12.5,16,10.0,1.36,16.587337552663282,0,0,0,0,1,0,1920,1080,0,0,7.0,4,512.0,0.0,0.0,0,0
12.5,16,10.0,0.91,16.668491984314,0,0,0,0,1,0,1920,1080,0,0,7.0,4,512.0,0.0,0.0,0,0
15.6,8,10.0,2.3,16.012581354587958,0,0,0,1,0,0,1920,1080,0,0,5.0,3,256.0,0.0,2.0,1,0
13.3,32,10.0,1.05,17.029924804778403,0,0,0,0,1,0,1920,1080,0,1,7.0,4,512.0,0.0,0.0,0,0
15.6,8,10.0,1.99,16.300767229820735,0,1,0,0,0,0,1920,1080,0,0,8.0,4,128.0,1024.0,4.0,1,0
15.6,8,10.0,2.2,15.4542099468896,0,0,0,1,0,0,1366,768,0,0,5.0,0,0.0,1024.0,5.0,1,0
17.3,24,10.0,4.33,16.238891831419934,0,1,0,0,0,0,1920,1080,0,1,6.0,4,256.0,1024.0,3.0,1,0
12.5,8,10.0,1.3,16.095063331817673,0,0,0,0,1,0,1366,768,0,0,3.0,3,1.0,0.0,0.0,0,0
15.6,8,10.0,2.17,15.89407919377261,0,0,0,1,0,0,1920,1080,0,0,8.0,4,256.0,0.0,0.0,0,0
14.0,8,10.0,1.48,16.559706814402652,0,0,0,1,0,0,1920,1080,0,0,8.0,4,1024.0,0.0,0.0,0,0
13.3,8,10.0,1.4,15.94831619219837,0,0,0,1,0,0,1920,1080,0,0,4.0,2,256.0,0.0,0.0,0,0
15.6,8,10.0,2.3,15.9074502957915,0,0,0,1,0,0,1920,1080,0,0,5.0,3,256.0,0.0,0.0,0,0
11.6,4,10.0,1.2,14.921853223460824,0,0,1,0,0,0,1366,768,0,0,1.0,1,0.0,0.0,0.0,0,0
15.6,8,10.0,1.91,15.520996574233417,0,0,0,1,0,0,1366,768,0,0,5.0,3,256.0,0.0,0.0,0,0
13.9,8,10.0,1.4,16.470041058249894,1,0,0,0,0,0,1920,1080,0,1,6.0,3,256.0,0.0,0.0,0,0
14.0,4,10.0,2.1,14.79335122459724,0,0,0,1,0,0,1366,768,0,0,1.0,1,0.0,500.0,0.0,0,0
11.6,4,10.0,1.25,14.672637525449987,0,0,1,0,0,0,1366,768,0,0,6.0,1,16.0,0.0,0.0,0,0
13.3,8,10.0,1.44,15.94831619219837,0,0,0,1,0,0,1920,1080,0,0,5.0,3,256.0,0.0,0.0,0,0
15.6,8,10.0,2.0,16.20278683003596,0,0,0,1,0,0,1920,1080,0,0,7.0,4,256.0,1024.0,0.0,0,0
15.6,4,10.0,2.2,15.511272394479724,0,0,0,1,0,0,1920,1080,0,0,6.0,3,0.0,1024.0,2.0,1,0
13.3,8,10.0,1.34,16.280564524203303,0,0,0,0,1,0,1920,1080,0,0,7.0,4,512.0,0.0,0.0,0,0
15.6,8,10.0,2.4,16.13955465080981,0,1,0,0,0,0,1920,1080,0,0,8.0,4,256.0,1024.0,4.0,1,0
13.3,8,10.0,1.29,15.89419043465096,0,0,0,0,1,0,1920,1080,0,1,5.0,3,128.0,0.0,0.0,0,0
15.6,4,10.0,2.2,15.552811905456348,0,0,0,1,0,0,1920,1080,0,0,7.0,4,0.0,500.0,2.0,1,0
15.6,8,10.0,2.18,15.821536022691076,0,0,0,1,0,0,1920,1080,0,0,5.0,3,0.0,1024.0,0.0,0,0
15.6,16,10.0,2.2,16.19889036011554,0,0,0,1,0,0,1920,1080,0,0,8.0,4,256.0,2048.0,0.0,0,0
15.6,16,10.0,1.95,16.337099156095846,0,0,0,1,0,0,1920,1080,0,0,8.0,4,256.0,0.0,2.0,1,0
11.6,2,10.0,1.1,14.594165944651724,0,0,1,0,0,0,1366,768,0,0,1.0,1,0.0,0.0,0.0,0,0
15.6,4,10.0,2.04,15.349559237164735,0,0,0,1,0,0,1366,768,0,1,6.0,3,0.0,1024.0,0.0,0,0
15.6,24,10.0,2.24,17.08855091726241,0,1,0,0,0,0,1920,1080,0,0,8.0,4,512.0,0.0,4.0,1,0
15.6,8,10.0,2.04,15.88300463710039,0,0,0,1,0,0,1920,1080,0,0,5.0,3,256.0,0.0,2.0,1,0
17.3,16,10.0,3.0,16.40879085436823,0,1,0,0,0,0,1920,1080,0,0,8.0,4,256.0,1024.0,4.0,1,0
15.6,8,10.0,3.2,16.33642033013601,0,1,0,0,0,0,1920,1080,0,0,8.0,4,256.0,1024.0,4.0,1,0
13.3,8,10.0,1.32,16.33642033013601,0,0,0,0,1,0,1920,1080,0,0,7.0,4,256.0,0.0,0.0,0,0
14.0,8,10.0,1.64,16.247311760125715,0,0,0,1,0,0,1920,1080,0,0,6.0,3,256.0,0.0,0.0,0,0
15.6,4,10.0,1.63,15.62814870932072,0,0,0,1,0,0,1366,768,0,0,2.0,2,128.0,0.0,0.0,0,0
17.3,8,10.0,2.8,15.88300463710039,0,0,0,1,0,0,1920,1080,0,0,6.0,3,128.0,1024.0,0.0,0,0
14.0,8,7.0,2.02,16.29333225195489,0,0,0,1,0,0,1920,1080,0,0,3.0,3,256.0,0.0,0.0,0,0
15.6,4,10.0,2.2,15.77626836160209,0,0,0,1,0,0,1920,1080,0,0,7.0,4,0.0,1024.0,2.0,1,0
15.6,8,10.0,2.2,15.221957730156888,0,0,0,1,0,0,1366,768,0,0,2.0,2,0.0,2048.0,2.0,1,0
15.6,4,10.0,2.3,15.464519314556334,0,0,0,1,0,0,1920,1080,0,0,5.0,3,0.0,500.0,0.0,0,0
15.6,8,10.0,1.9,16.3205698554835,0,0,0,1,0,0,1920,1080,0,0,8.0,3,256.0,0.0,0.0,0,0
17.3,16,10.0,4.42,17.103522512750782,0,1,0,0,0,0,1920,1080,0,0,8.0,4,128.0,1024.0,4.0,1,0
15.6,8,10.0,2.0,15.849839795099816,0,0,0,1,0,0,1920,1080,0,0,5.0,3,0.0,500.0,0.0,0,0
15.6,8,10.0,2.0,16.262257378329462,0,0,0,1,0,0,3840,2160,0,0,7.0,4,256.0,1024.0,3.0,1,0
13.3,4,10.0,1.2,15.003704223895946,0,0,0,1,0,0,1920,1080,0,0,1.0,1,32.0,0.0,0.0,0,0
15.6,8,10.0,2.3,16.50083166584298,0,1,0,0,0,0,1920,1080,0,0,5.0,3,128.0,1024.0,4.0,1,0
15.6,8,10.0,1.93,16.31474318252055,0,0,0,1,0,0,1920,1080,0,0,8.0,4,256.0,0.0,2.0,1,0
15.6,8,10.0,2.2,15.77427639174255,0,0,0,1,0,0,1920,1080,0,0,6.0,3,256.0,0.0,0.0,0,0
15.6,4,10.0,1.86,15.081843910866498,0,0,0,1,0,0,1920,1080,0,0,6.0,1,256.0,0.0,0.0,0,0
17.3,12,10.0,2.62,16.58789357154748,0,1,0,0,0,0,1920,1080,0,0,8.0,4,0.0,1024.0,4.0,1,0
14.0,8,10.0,1.87,15.848676327988752,0,0,0,1,0,0,1920,1080,0,0,7.0,4,256.0,0.0,2.0,1,0
13.3,8,10.0,1.2,16.33642033013601,0,0,0,0,1,0,3200,1800,0,1,8.0,4,256.0,0.0,0.0,0,0
14.0,4,10.0,1.6,15.693960900603953,0,0,0,1,0,0,1920,1080,0,0,2.0,2,128.0,0.0,0.0,0,0
13.3,8,10.0,1.34,16.136067289291322,0,0,0,0,1,0,3200,1800,0,0,7.0,4,256.0,0.0,0.0,0,0
15.6,8,10.0,2.4,15.775016013462006,0,1,0,0,0,0,1920,1080,0,0,5.0,3,0.0,1024.0,4.0,1,0
15.6,4,10.0,2.0,14.94797951952325,0,0,0,1,0,0,1366,768,0,0,8.0,0,0.0,500.0,0.0,0,0
15.6,4,10.0,2.1,15.651814205782529,0,0,0,1,0,0,1920,1080,0,0,4.0,2,128.0,0.0,0.0,0,0
14.0,4,10.0,1.87,15.758591136128446,0,0,0,1,0,0,1920,1080,0,0,5.0,3,0.0,500.0,0.0,0,0
15.6,4,10.0,2.15,15.229229698344732,0,0,0,1,0,0,1920,1080,0,0,3.0,3,0.0,1024.0,0.0,0,0
15.6,4,10.0,1.86,15.076843839047406,0,0,0,1,0,0,1920,1080,0,0,2.0,2,0.0,500.0,0.0,0,0
15.6,8,10.0,1.99,16.548205825811124,0,0,0,1,0,0,1920,1080,0,0,7.0,4,512.0,0.0,0.0,0,0
15.6,4,10.0,2.2,15.305513596207602,0,0,0,1,0,0,1920,1080,0,0,2.0,2,128.0,0.0,0.0,0,0
15.6,8,10.0,1.9,16.1113002222436,0,0,0,1,0,0,1920,1080,0,0,5.0,3,256.0,0.0,0.0,0,0
17.3,16,10.0,4.42,16.99354392976961,0,1,0,0,0,0,1920,1080,0,0,8.0,4,256.0,1024.0,4.0,1,0
17.3,8,10.0,2.65,15.392132425898264,0,0,0,1,0,0,1600,900,0,0,2.0,2,0.0,1024.0,0.0,0,0
17.3,8,10.0,2.63,16.24752271985762,0,0,0,1,0,0,1920,1080,0,0,7.0,4,0.0,1024.0,2.0,1,0
15.6,4,10.0,2.0,14.504553828995425,0,0,0,1,0,0,1366,768,0,0,1.0,1,0.0,500.0,0.0,0,0
13.3,4,10.0,1.35,14.634171261264528,0,0,0,1,0,0,1920,1080,0,0,44.0,0,0.0,0.0,0.0,0,0
17.3,6,10.0,2.8,15.94831619219837,0,0,0,1,0,0,1600,900,0,0,7.0,4,128.0,1024.0,2.0,1,0
15.6,6,10.0,1.91,15.436612144521526,0,0,0,1,0,0,1920,1080,0,0,5.0,0,128.0,0.0,0.0,0,0
15.6,4,10.0,2.18,15.5192340891556,0,0,0,1,0,0,1366,768,0,0,2.0,2,0.0,1024.0,0.0,0,0
11.6,4,10.0,1.25,14.94797951952325,1,0,0,0,0,0,1920,1080,0,1,0.0,1,0.0,0.0,0.0,0,0
15.6,4,10.0,2.05,15.5386272729786,0,0,0,1,0,0,1920,1080,0,0,7.0,2,128.0,0.0,0.0,0,0
13.3,16,10.0,1.16,16.676154856619323,0,0,0,0,1,0,3200,1800,0,1,2.0,0,512.0,0.0,0.0,0,0
17.3,8,10.0,3.4,17.098941491332475,0,0,0,1,0,0,1920,1080,0,0,8.0,4,256.0,0.0,0.0,0,0
15.6,8,10.0,2.5,15.82511811559257,0,0,0,1,0,0,1920,1080,0,0,5.0,3,128.0,1024.0,4.0,1,0
13.3,8,10.0,1.21,16.470041058249894,0,0,0,0,1,0,3840,2160,0,1,6.0,3,128.0,0.0,0.0,0,0
15.6,4,10.0,1.93,15.958798467236171,0,0,0,1,0,0,1366,768,0,0,6.0,3,0.0,500.0,0.0,0,0
15.6,8,10.0,2.2,15.69820534821176,0,0,0,1,0,0,1366,768,0,0,5.0,3,0.0,1024.0,0.0,0,0
15.6,4,10.0,2.2,14.933549259377894,0,0,0,1,0,0,1920,1080,0,0,1.0,1,0.0,500.0,0.0,0,0
14.0,4,10.0,2.02,15.990612331809322,0,0,0,1,0,0,1366,768,0,0,5.0,3,0.0,500.0,0.0,0,0
17.3,8,10.0,3.14,16.62177121868731,0,0,0,0,0,1,1600,900,0,0,8.0,3,0.0,500.0,0.0,0,0
14.0,8,10.0,1.94,15.056486907804391,0,0,0,1,0,0,1366,768,0,0,6.0,1,0.0,2048.0,0.0,0,0
15.6,6,10.0,1.95,15.56834016507112,0,0,0,1,0,0,1920,1080,0,0,3.0,0,256.0,0.0,0.0,0,0
15.6,8,10.0,2.3,15.814333111369468,0,0,0,1,0,0,1920,1080,0,0,5.0,3,256.0,0.0,0.0,0,0
15.6,4,10.0,2.05,15.622326277522411,0,0,0,1,0,0,1920,1080,0,0,6.0,3,0.0,500.0,0.0,0,0
14.0,4,10.0,1.4,14.610360623197844,0,0,0,1,0,0,1920,1080,0,0,44.0,0,32.0,0.0,0.0,0,0
14.0,16,10.0,1.24,16.623923667462613,0,0,0,0,1,0,1920,1080,0,1,7.0,4,512.0,0.0,0.0,0,0
17.3,32,10.0,4.6,16.980115903128826,0,1,0,0,0,0,1920,1080,0,0,7.0,4,256.0,1024.0,4.0,1,0
17.3,16,10.0,4.14,17.004597837001892,0,1,0,0,0,0,1920,1080,0,0,9.0,4,512.0,1024.0,4.0,1,0
15.6,8,10.0,2.2,15.711659759792727,0,0,0,1,0,0,1920,1080,0,0,7.0,4,256.0,0.0,0.0,0,0
14.0,4,10.0,1.45,15.056486907804391,0,0,0,1,0,0,1920,1080,0,0,1.0,1,32.0,0.0,0.0,0,0
15.6,8,10.0,1.9,16.009146575225095,0,0,0,1,0,0,1366,768,0,0,6.0,3,0.0,500.0,0.0,0,0
13.3,4,10.0,1.49,15.670768789217693,0,0,0,1,0,0,1920,1080,0,0,4.0,2,128.0,0.0,0.0,0,0
15.6,16,10.0,1.93,16.43074880064023,0,0,0,1,0,0,1920,1080,0,0,8.0,4,256.0,0.0,2.0,1,0
11.6,4,10.0,1.26,14.77988301264634,0,0,1,0,0,0,1366,768,0,0,6.0,1,0.0,0.0,0.0,0,0
17.3,16,10.0,4.5,16.854652307618963,0,1,0,0,0,0,1920,1080,0,0,7.0,4,128.0,1024.0,3.0,1,0
17.3,16,10.0,3.78,16.404793514235106,0,1,0,0,0,0,1920,1080,0,0,8.0,4,256.0,1024.0,4.0,1,0
14.0,12,10.0,1.4,16.515281043291854,0,0,0,0,1,0,1920,1080,0,0,6.0,4,256.0,0.0,0.0,0,0
15.6,12,10.0,2.2,15.504725727458398,0,0,0,1,0,0,1366,768,0,1,8.0,4,0.0,1024.0,0.0,0,0
17.3,8,10.0,2.73,16.571642164189043,0,1,0,0,0,0,1920,1080,0,0,5.0,3,128.0,1024.0,4.0,1,0
15.6,8,10.0,2.2,15.69820534821176,1,0,0,0,0,0,1366,768,0,1,5.0,3,0.0,1024.0,0.0,0,0
15.6,12,10.0,2.2,15.94831619219837,0,0,0,1,0,0,1920,1080,0,0,6.0,0,512.0,0.0,0.0,0,0
11.6,4,10.0,1.39,15.494824658313144,1,0,0,0,0,0,1366,768,0,1,0.0,0,128.0,0.0,0.0,0,0
15.6,16,10.0,2.5,16.53070246294827,0,0,0,1,0,0,1920,1080,0,0,8.0,4,128.0,1024.0,4.0,1,0
17.3,4,10.0,2.8,15.363895919533364,0,0,0,1,0,0,1920,1080,0,0,2.0,2,0.0,500.0,0.0,0,0
15.6,8,10.0,2.29,15.221957730156888,0,0,0,1,0,0,1366,768,0,0,3.0,2,0.0,1024.0,0.0,0,0
13.3,8,10.0,1.37,16.706232310160843,1,0,0,0,0,0,1920,1080,0,1,7.0,4,512.0,0.0,0.0,0,0
14.0,8,10.0,1.7,16.388642424129593,0,0,0,1,0,0,1920,1080,0,0,5.0,3,256.0,0.0,0.0,0,0
12.5,8,10.0,1.34,16.513486247836585,1,0,0,0,0,0,1920,1080,0,1,5.0,3,256.0,0.0,0.0,0,0
15.6,8,10.0,2.06,16.567679521271312,0,0,0,0,0,1,1920,1080,0,1,8.0,4,256.0,0.0,0.0,0,0
15.6,8,10.0,1.84,16.198693496821825,0,0,0,1,0,0,1920,1080,0,0,7.0,4,256.0,0.0,0.0,0,0
15.6,4,10.0,2.1,15.597913921685638,0,0,0,1,0,0,1366,768,0,0,4.0,2,0.0,500.0,0.0,0,0
14.0,4,10.0,1.6,14.88896536767505,0,0,0,1,0,0,1920,1080,0,0,1.0,1,0.0,0.0,0.0,0,0
17.3,16,10.0,4.14,16.788665316780566,0,1,0,0,0,0,1920,1080,0,0,7.0,4,128.0,1024.0,3.0,1,0
15.6,4,10.0,2.18,15.234944922522253,0,0,0,1,0,0,1366,768,0,0,2.0,2,0.0,1024.0,0.0,0,0
15.6,16,10.0,1.8,16.833136848764465,0,1,0,0,0,0,3840,2160,0,0,8.0,4,256.0,2048.0,4.0,1,0
15.6,8,10.0,2.2,16.33642033013601,0,0,0,1,0,0,1920,1080,0,0,5.0,4,256.0,0.0,0.0,0,0
15.6,6,10.0,2.4,15.427961725980422,0,0,0,1,0,0,1920,1080,0,0,5.0,3,0.0,1024.0,0.0,0,0
15.6,8,10.0,2.0,16.262257378329462,1,0,0,0,0,0,1920,1080,0,1,8.0,4,256.0,0.0,0.0,0,0
14.0,4,10.0,1.6,14.94797951952325,0,0,0,1,0,0,1366,768,0,0,6.0,1,0.0,0.0,0.0,0,0
15.6,32,10.0,2.5,17.589693679678497,0,0,0,1,0,0,3840,2160,0,0,1.0,0,1024.0,0.0,0.0,0,0
15.6,16,10.0,2.59,15.871703677208934,0,1,0,0,0,0,1920,1080,0,0,6.0,4,0.0,1024.0,3.0,1,0
15.6,4,10.0,2.18,15.188506840270833,0,0,0,1,0,0,1366,768,0,0,0.0,2,0.0,1024.0,0.0,0,0
15.6,4,10.0,2.25,14.97622997683315,0,0,0,1,0,0,1366,768,0,0,0.0,2,0.0,1024.0,0.0,0,0
15.6,4,10.0,1.93,15.860250529763324,0,0,0,1,0,0,1366,768,0,0,6.0,3,0.0,500.0,0.0,0,0
17.3,8,10.0,3.0,16.155955534757048,0,1,0,0,0,0,1920,1080,0,0,8.0,4,128.0,1024.0,4.0,1,0
15.6,4,10.0,2.18,15.436787906856512,0,0,0,1,0,0,1920,1080,0,0,5.0,3,128.0,0.0,0.0,0,0
15.6,8,10.0,1.84,16.329246698803612,0,0,0,0,1,0,1920,1080,0,0,7.0,4,512.0,0.0,0.0,0,0
15.6,16,10.0,2.94,16.819499259220272,0,1,0,0,0,0,1920,1080,0,0,8.0,4,256.0,1024.0,4.0,1,0
11.6,4,10.0,1.25,15.030443776896387,1,0,0,0,0,0,1366,768,0,1,6.0,1,0.0,0.0,0.0,0,0
14.0,8,10.0,2.31,16.117556405591667,0,0,0,1,0,0,1366,768,0,0,6.0,3,256.0,0.0,0.0,0,0
14.0,8,7.0,1.65,16.382517873300195,0,0,0,1,0,0,1920,1080,0,0,3.0,3,256.0,0.0,0.0,0,0
15.6,4,10.0,2.2,15.747059940190798,0,0,0,1,0,0,1920,1080,0,0,6.0,3,0.0,1024.0,0.0,0,0
15.6,8,10.0,2.2,15.77626836160209,0,0,0,1,0,0,1366,768,0,0,5.0,3,256.0,0.0,0.0,0,0
15.6,4,7.0,1.88,15.930240210435592,0,0,0,1,0,0,1366,768,0,0,3.0,3,0.0,500.0,0.0,0,0
15.6,8,10.0,2.2,15.89419043465096,0,0,0,1,0,0,1920,1080,0,0,7.0,4,0.0,1024.0,2.0,1,0
14.0,2,10.0,1.4,14.569371297562093,0,0,0,1,0,0,1920,1080,0,0,44.0,0,0.0,0.0,0.0,0,0
15.6,4,10.0,2.2,15.241375811302214,0,0,0,1,0,0,1920,1080,0,0,5.0,3,128.0,0.0,0.0,0,0
13.3,6,10.0,1.5,15.55282755478341,1,0,0,0,0,0,1920,1080,0,1,5.0,3,0.0,1024.0,0.0,0,0
15.6,8,10.0,2.0,16.599499116946486,0,0,0,1,0,0,1920,1080,0,0,8.0,4,256.0,0.0,4.0,1,0
14.0,16,10.0,1.1,16.642516499428428,0,0,0,0,1,0,1920,1080,0,0,7.0,4,512.0,0.0,0.0,0,0
15.6,16,10.0,2.62,16.39202881383318,0,1,0,0,0,0,1920,1080,0,0,8.0,4,256.0,1024.0,4.0,1,0
15.6,4,10.0,1.8,15.81312756587756,0,0,0,1,0,0,1920,1080,0,0,6.0,3,256.0,0.0,0.0,0,0
15.6,4,10.0,2.2,15.4542099468896,0,0,0,1,0,0,1920,1080,0,0,2.0,2,0.0,1024.0,2.0,1,0
15.6,8,10.0,2.0,15.081868973830147,0,0,0,1,0,0,1366,768,0,0,1.0,1,0.0,1024.0,0.0,0,0
15.6,8,10.0,1.99,15.902630797836975,0,0,0,1,0,0,1920,1080,0,0,5.0,3,0.0,1024.0,4.0,1,0
13.3,8,10.0,1.23,16.626066142711206,0,0,0,0,1,0,3200,1800,0,1,6.0,3,256.0,0.0,0.0,0,0
14.0,2,10.0,1.42,14.610360623197844,0,0,0,1,0,0,1366,768,0,0,6.0,1,0.0,0.0,0.0,0,0
13.3,8,10.0,1.37,16.564509442521356,1,0,0,0,0,0,1920,1080,0,1,7.0,4,256.0,0.0,0.0,0,0
15.6,16,10.0,2.06,16.875714584801912,0,0,0,1,0,0,3840,2160,0,1,8.0,4,1024.0,0.0,4.0,1,0
15.6,8,10.0,2.5,16.1041213638417,0,1,0,0,0,0,1920,1080,0,0,8.0,4,128.0,1024.0,4.0,1,0
17.0,8,10.0,2.6,15.348465575732002,0,0,0,1,0,0,1600,900,0,0,3.0,0,0.0,1024.0,0.0,0,0
14.0,16,10.0,1.14,16.89675062452516,0,0,0,0,1,0,1920,1080,0,0,7.0,4,512.0,0.0,0.0,0,0
15.6,8,10.0,2.5,16.15681133275858,0,1,0,0,0,0,1920,1080,0,0,8.0,4,0.0,1024.0,4.0,1,0
15.6,4,10.0,2.4,15.202155107760952,0,0,0,1,0,0,1366,768,0,0,2.0,2,0.0,500.0,0.0,0,0
14.0,4,10.0,1.43,14.70603579191236,0,0,0,1,0,0,1366,768,0,0,6.0,1,0.0,0.0,0.0,0,0
14.0,8,10.0,1.8,15.916193519812603,0,0,0,0,1,0,1920,1080,0,0,5.0,3,256.0,0.0,0.0,0,0
14.0,16,10.0,1.95,16.955789352996312,0,1,0,0,0,0,1920,1080,0,0,8.0,4,256.0,0.0,4.0,1,0
13.3,8,10.0,1.2,16.193759276740945,0,0,0,1,0,0,1920,1080,0,0,3.0,3,256.0,0.0,0.0,0,0
12.5,8,10.0,1.36,16.460615918456334,0,0,0,0,1,0,1920,1080,0,0,7.0,4,256.0,0.0,0.0,0,0
17.3,32,10.0,3.8,17.029924804778403,0,1,0,0,0,0,1920,1080,0,0,7.0,4,512.0,0.0,4.0,1,0
15.6,8,10.0,2.4,15.656762960234875,0,1,0,0,0,0,1920,1080,0,0,5.0,3,0.0,1024.0,4.0,1,0
13.3,8,10.0,1.2,16.372157220167644,0,0,0,0,1,0,1920,1080,0,0,6.0,3,256.0,0.0,0.0,0,0
15.6,8,10.0,2.2,16.176127417758966,0,1,0,0,0,0,1920,1080,0,0,8.0,4,128.0,1024.0,4.0,1,0
15.6,4,10.0,1.86,14.992530926722218,0,0,0,1,0,0,1366,768,0,0,2.0,2,0.0,500.0,0.0,0,0
15.6,8,10.0,2.0,16.06269805068176,0,0,0,1,0,0,1920,1080,0,0,5.0,3,0.0,500.0,0.0,0,0
15.6,8,10.0,2.2,15.916193519812603,0,0,0,1,0,0,1920,1080,0,0,8.0,4,256.0,0.0,0.0,0,0
15.6,16,10.0,2.2,16.127295304083848,0,0,0,1,0,0,1920,1080,0,0,8.0,4,256.0,2048.0,0.0,0,0
15.6,8,10.0,3.31,16.179645303625293,0,1,0,0,0,0,1920,1080,0,0,6.0,4,128.0,1024.0,3.0,1,0
17.3,32,10.0,4.42,17.147229773260108,0,1,0,0,0,0,3840,2160,0,0,8.0,4,512.0,1024.0,4.0,1,0
14.0,8,10.0,1.56,16.206863476155927,0,0,0,1,0,0,1920,1080,0,0,4.0,3,256.0,0.0,0.0,0,0
15.6,4,10.0,2.2,15.130778463408667,0,0,0,1,0,0,1366,768,0,0,1.0,1,0.0,500.0,0.0,0,0
15.6,4,10.0,2.2,15.375174232186874,0,0,0,1,0,0,1920,1080,0,0,3.0,3,0.0,500.0,0.0,0,0
15.6,6,10.0,2.04,15.382623054639888,0,0,0,1,0,0,1920,1080,0,0,2.0,2,0.0,1024.0,0.0,0,0
17.3,8,10.0,2.7,16.397268611381975,0,1,0,0,0,0,1920,1080,0,0,8.0,4,128.0,1024.0,4.0,1,0
15.6,4,10.0,2.1,15.30350757793329,0,0,0,1,0,0,1366,768,0,0,1.0,2,128.0,0.0,0.0,0,0
15.6,8,10.0,2.06,15.954618733324642,0,0,0,1,0,0,1920,1080,0,0,5.0,3,0.0,1024.0,0.0,0,0
15.6,8,10.0,2.1,15.706291644417512,0,0,0,1,0,0,1920,1080,0,0,7.0,4,0.0,1024.0,0.0,0,0
15.6,8,10.0,2.0,16.230185801740845,0,0,0,1,0,0,1920,1080,0,0,5.0,3,256.0,0.0,0.0,0,0
15.6,4,10.0,2.1,15.113930897396292,0,0,0,1,0,0,1366,768,0,0,2.0,2,128.0,0.0,0.0,0,0
13.5,8,10.0,1.252,16.625450651071407,0,0,0,0,1,0,2256,1504,0,1,8.0,4,256.0,0.0,1.0,0,0
15.6,8,10.0,1.9,15.799708622615103,0,0,0,1,0,0,1920,1080,0,0,5.0,3,128.0,1024.0,0.0,0,0
13.3,8,10.0,1.3,16.03409743891516,1,0,0,0,0,0,1920,1080,0,1,5.0,3,256.0,0.0,0.0,0,0
15.6,4,10.0,2.2,14.94797951952325,0,0,0,1,0,0,1366,768,0,0,2.0,0,128.0,0.0,0.0,0,0
14.0,4,10.0,1.63,15.64255817820578,1,0,0,0,0,0,1920,1080,0,1,4.0,2,128.0,0.0,2.0,1,0
15.6,16,10.0,2.4,16.258400837054232,0,1,0,0,0,0,1920,1080,0,0,8.0,4,256.0,1024.0,4.0,1,0
14.0,8,10.0,1.1,16.127295304083848,0,0,0,0,1,0,1920,1080,0,0,5.0,3,256.0,0.0,0.0,0,0
11.6,8,10.0,1.4,15.29746526484596,1,0,0,0,0,0,1366,768,0,1,1.0,1,0.0,0.0,0.0,0,0
15.6,8,10.0,1.09,16.833136848764465,0,0,0,0,1,0,1920,1080,0,0,8.0,4,512.0,0.0,0.0,0,0
15.6,16,10.0,2.5,16.262257378329462,0,1,0,0,0,0,1920,1080,0,0,5.0,3,256.0,0.0,4.0,1,0
15.6,8,10.0,2.2,15.998560458671651,0,1,0,0,0,0,1920,1080,0,0,5.0,3,256.0,0.0,4.0,1,0
15.6,4,10.0,1.86,15.130778463408667,0,0,0,1,0,0,1366,768,0,0,1.0,1,128.0,0.0,0.0,0,0
15.6,16,10.0,3.21,16.718990087988566,0,1,0,0,0,0,1920,1080,0,0,5.0,3,128.0,1024.0,4.0,1,0
17.3,4,10.0,2.5,15.64255817820578,0,0,0,1,0,0,1920,1080,0,0,2.0,2,256.0,0.0,0.0,0,0
13.3,8,10.0,1.19,16.405460848210456,1,0,0,0,0,0,1920,1080,0,1,8.0,4,512.0,0.0,0.0,0,0
15.6,16,10.0,3.49,17.03518070727327,0,1,0,0,0,0,1920,1080,0,0,9.0,4,256.0,1024.0,4.0,1,0
15.6,4,10.0,1.86,15.51063597679124,0,0,0,1,0,0,1366,768,0,0,5.0,3,0.0,500.0,0.0,0,0
15.6,4,10.0,2.2,15.394921878600352,0,0,0,1,0,0,1366,768,0,0,2.0,2,0.0,1024.0,0.0,0,0
17.3,6,10.0,2.65,15.436787906856512,0,0,0,1,0,0,1920,1080,0,0,4.0,0,0.0,2048.0,0.0,0,0
15.6,4,10.0,2.1,14.854959011514008,0,0,0,1,0,0,1366,768,0,0,6.0,1,0.0,500.0,0.0,0,0
14.0,4,10.0,1.45,15.01983360094949,0,0,0,1,0,0,1366,768,0,0,6.0,1,0.0,0.0,0.0,0,0
14.0,4,10.0,1.7,15.64255817820578,0,0,0,1,0,0,1920,1080,0,0,5.0,3,256.0,0.0,0.0,0,0
17.3,8,10.0,3.14,16.64671294493038,0,0,0,0,0,1,1920,1080,0,0,8.0,4,0.0,500.0,0.0,0,0
14.0,8,10.0,1.42,16.952320473198764,1,0,0,0,0,0,2560,1440,0,1,7.0,4,256.0,0.0,0.0,0,0
13.3,8,10.0,1.5,15.97329147285142,0,0,0,1,0,0,1920,1080,0,0,5.0,3,256.0,0.0,0.0,0,0
11.6,4,10.0,1.4,14.687619072755128,0,0,1,0,0,0,1366,768,0,0,6.0,1,0.0,0.0,0.0,0,0
14.0,16,10.0,1.38,16.559706814402652,1,0,0,0,0,0,1920,1080,0,1,7.0,4,512.0,0.0,0.0,0,0
12.5,4,10.0,1.2,15.5986915033149,1,0,0,0,0,0,1920,1080,0,1,9.0,0,0.0,0.0,0.0,0,0
13.3,16,10.0,1.36,16.630337371585693,0,0,0,0,1,0,1920,1080,0,1,5.0,4,512.0,0.0,0.0,0,0
15.6,4,10.0,2.1,15.62814870932072,0,0,0,1,0,0,1920,1080,0,0,7.0,4,0.0,500.0,0.0,0,0
15.6,8,10.0,2.56,15.800991496251724,0,1,0,0,0,0,1920,1080,0,0,5.0,3,0.0,1024.0,4.0,1,0
15.6,4,10.0,2.2,15.081868973830147,0,0,0,1,0,0,1920,1080,0,0,9.0,0,256.0,0.0,0.0,0,0
15.6,8,10.0,2.2,15.15436445615808,0,0,0,1,0,0,1366,768,0,0,6.0,0,0.0,1024.0,0.0,0,0
15.6,4,10.0,2.1,15.524962913240492,0,0,0,1,0,0,1920,1080,0,0,5.0,3,0.0,1024.0,0.0,0,0
15.6,4,10.0,1.9,15.202155107760952,0,0,0,1,0,0,1366,768,0,0,2.0,2,0.0,500.0,0.0,0,0
15.6,8,10.0,2.18,15.771249531198333,0,0,0,1,0,0,1920,1080,0,0,5.0,3,256.0,0.0,0.0,0,0
13.3,8,10.0,1.6,15.999662166305846,1,0,0,0,0,0,1920,1080,0,1,6.0,3,256.0,0.0,0.0,0,0
15.6,16,7.0,2.18,16.618547310751303,0,0,0,0,0,1,1920,1080,0,0,5.0,4,512.0,0.0,0.0,0,0
14.0,8,10.0,1.8,16.175455938864772,0,0,0,1,0,0,1920,1080,0,0,3.0,3,256.0,0.0,0.0,0,0
17.3,6,10.0,2.71,15.577557949471366,0,0,0,1,0,0,1920,1080,0,0,5.0,0,0.0,2048.0,0.0,0,0
15.6,8,10.0,2.5,16.223005875250205,0,1,0,0,0,0,1920,1080,0,0,8.0,4,128.0,1024.0,4.0,1,0
14.0,8,10.0,1.64,16.08592250128668,0,0,0,1,0,0,1920,1080,0,0,8.0,3,256.0,0.0,2.0,1,0
15.6,8,10.0,1.98,15.680457444813332,0,0,0,1,0,0,1920,1080,0,0,5.0,3,0.0,1024.0,0.0,0,0
14.0,4,10.0,1.5,14.790001138974114,0,0,0,1,0,0,1920,1080,0,0,1.0,1,0.0,0.0,0.0,0,0
15.6,16,10.0,1.93,16.355998680911622,0,0,0,1,0,0,1920,1080,0,0,6.0,3,512.0,0.0,0.0,0,0
14.0,8,10.0,1.87,15.846427001841484,0,0,0,1,0,0,1920,1080,0,0,5.0,3,256.0,0.0,2.0,1,0
15.6,8,10.0,1.9,16.165329271007916,0,0,0,1,0,0,1920,1080,0,0,6.0,3,256.0,0.0,0.0,0,0
15.6,4,10.0,2.19,14.790001138974114,0,0,0,1,0,0,1366,768,0,0,2.0,0,0.0,500.0,0.0,0,0
14.0,4,10.0,1.4,14.672637525449987,0,0,0,1,0,0,1920,1200,0,0,92.0,0,0.0,32.0,0.0,0,0
17.3,8,10.0,2.63,16.182984204577373,0,0,0,1,0,0,1920,1080,0,0,7.0,4,256.0,0.0,2.0,1,0
14.0,8,10.0,1.17,16.523401004973145,0,0,0,0,1,0,2560,1440,0,0,5.0,4,512.0,0.0,0.0,0,0
13.3,8,10.0,1.58,15.822253468517994,1,0,0,0,0,0,1366,768,0,1,5.0,3,256.0,0.0,0.0,0,0
14.0,8,10.0,1.32,16.405460848210456,0,0,0,0,1,0,1920,1080,0,0,5.0,3,256.0,0.0,0.0,0,0
17.3,32,10.0,4.36,17.29796178434654,0,1,0,0,0,0,3840,2160,0,0,8.0,4,1024.0,1024.0,4.0,1,0
17.3,8,10.0,2.7,16.29964066965793,0,1,0,0,0,0,1920,1080,0,0,8.0,4,128.0,1024.0,4.0,1,0
15.6,4,10.0,1.9,15.287108793286947,0,0,0,1,0,0,1366,768,0,0,5.0,3,0.0,1024.0,0.0,0,0
15.6,8,10.0,2.2,15.670768789217693,0,0,0,1,0,0,1920,1080,0,0,6.0,3,128.0,1024.0,0.0,0,0
13.3,4,10.0,1.71,15.56834016507112,1,0,0,0,0,0,1920,1080,0,1,4.0,2,0.0,1024.0,0.0,0,0
15.6,8,10.0,2.32,15.472216112309264,0,0,0,1,0,0,1366,768,0,0,5.0,3,0.0,1024.0,0.0,0,0
15.6,4,10.0,2.1,15.285269994539789,0,0,0,1,0,0,1920,1080,0,0,3.0,0,0.0,1024.0,0.0,0,0
17.3,16,10.0,4.2,16.660769938667162,0,1,0,0,0,0,1920,1080,0,0,6.0,4,128.0,1024.0,4.0,1,0
15.6,12,10.0,2.25,15.56834016507112,0,0,0,1,0,0,1366,768,0,0,5.0,3,0.0,1024.0,0.0,0,0
15.6,6,10.0,2.1,15.569879810990122,0,0,0,1,0,0,1920,1080,0,0,3.0,0,128.0,1024.0,0.0,0,0
15.6,4,10.0,2.4,15.41905694942099,0,0,0,1,0,0,1366,768,0,0,5.0,3,0.0,500.0,0.0,0,0
13.3,8,10.0,1.44,15.959840676692462,0,0,0,1,0,0,1920,1080,0,0,5.0,3,256.0,0.0,0.0,0,0
15.6,4,10.0,1.85,15.750918465320217,0,0,0,1,0,0,1920,1080,0,0,7.0,4,0.0,1024.0,0.0,0,0
15.6,16,10.0,2.6,16.884016832184663,0,0,0,0,0,1,1920,1080,0,0,8.0,4,256.0,0.0,0.0,0,0
13.3,8,10.0,1.55,15.583630980240052,1,0,0,0,0,0,1920,1080,0,1,6.0,3,0.0,1024.0,0.0,0,0
15.6,16,10.0,1.8,16.739967920301076,0,1,0,0,0,0,1920,1080,0,0,8.0,4,256.0,1024.0,4.0,1,0
15.6,4,10.0,2.4,15.111014026898529,0,0,0,1,0,0,1366,768,0,0,2.0,2,0.0,500.0,0.0,0,0
15.6,8,10.0,2.0,16.1888005893553,0,0,0,1,0,0,1920,1080,0,0,7.0,4,128.0,1024.0,2.0,1,0
15.6,8,10.0,2.0,15.59269448485367,0,0,0,1,0,0,1366,768,0,0,2.0,2,256.0,0.0,0.0,0,0
14.0,8,10.0,1.25,16.42919300836964,0,0,0,1,0,0,1920,1080,0,1,5.0,3,256.0,0.0,0.0,0,0
14.0,8,10.0,1.7,15.999662166305846,1,0,0,0,0,0,1920,1080,0,1,5.0,3,256.0,0.0,0.0,0,0
15.6,16,10.0,2.5,17.19428198040198,0,0,0,0,0,1,3840,2160,0,0,8.0,4,1024.0,0.0,0.0,0,0
14.0,2,10.0,1.68,14.89200027033437,0,0,0,1,0,0,1366,768,0,0,6.0,1,0.0,0.0,0.0,0,0
13.3,16,10.0,0.81,16.50083166584298,0,0,0,0,1,0,1920,1080,0,0,7.0,4,256.0,0.0,0.0,0,0
15.6,8,10.0,1.86,15.382623054639888,0,0,0,1,0,0,1920,1080,0,0,2.0,2,256.0,0.0,0.0,0,0
14.0,8,10.0,1.6,16.11996453550517,0,0,0,1,0,0,1366,768,0,0,5.0,3,256.0,0.0,0.0,0,0
17.3,16,7.0,3.0,17.479763990395615,0,0,0,0,0,1,1920,1080,0,0,9.0,0,256.0,0.0,0.0,0,0
11.6,4,10.0,1.4,15.25622231587794,0,0,1,0,0,0,1366,768,0,1,6.0,1,128.0,0.0,0.0,0,0
15.6,8,10.0,1.84,16.642516499428428,0,0,0,1,0,0,1920,1080,0,0,4.0,3,256.0,0.0,0.0,0,0
15.6,4,10.0,2.45,15.4542099468896,0,0,0,1,0,0,1366,768,0,0,3.0,3,0.0,1024.0,3.0,1,0
14.0,4,10.0,1.7,16.092329845202116,0,0,0,0,1,0,1920,1080,0,0,3.0,3,1.0,0.0,0.0,0,0
15.6,4,10.0,2.37,15.83802610291086,0,0,0,1,0,0,1366,768,0,0,7.0,4,256.0,0.0,0.0,0,0
13.3,8,10.0,1.3,16.18215052390696,1,0,0,0,0,0,3200,1800,0,1,8.0,3,256.0,0.0,0.0,0,0
15.6,8,10.0,2.2,16.095063331817673,0,0,0,1,0,0,1920,1080,0,0,5.0,3,128.0,1024.0,4.0,1,0
15.6,8,7.0,2.59,16.445989267643487,0,0,0,0,0,1,1920,1080,0,0,6.0,4,256.0,0.0,0.0,0,0
15.6,16,10.0,4.42,17.054622644723032,0,1,0,0,0,0,3840,2160,0,0,8.0,4,256.0,1024.0,4.0,1,0
15.6,4,10.0,2.1,15.488169060946827,0,0,0,1,0,0,1366,768,0,0,5.0,3,256.0,0.0,0.0,0,0
15.6,8,10.0,2.5,16.047546247274838,0,1,0,0,0,0,1920,1080,0,0,8.0,4,128.0,1024.0,4.0,1,0
12.5,16,10.0,1.18,16.620701323300764,0,0,0,0,1,0,1920,1080,0,0,8.0,4,256.0,0.0,0.0,0,0
12.3,8,10.0,1.1,16.444707216278257,0,0,0,0,1,0,2400,1600,0,1,2.0,3,256.0,0.0,0.0,0,0
13.3,8,10.0,1.2,16.121994938844583,0,0,0,0,1,0,3200,1800,0,0,5.0,3,256.0,0.0,0.0,0,0
13.3,4,10.0,1.65,15.836966593857898,0,0,0,1,0,0,1366,768,0,0,2.0,2,0.0,500.0,0.0,0,0
13.3,4,10.0,1.6,15.577542682414956,0,0,0,1,0,0,1366,768,0,0,3.0,3,128.0,0.0,0.0,0,0
17.3,4,10.0,2.8,15.24636335161773,0,0,0,1,0,0,1366,768,0,0,1.0,1,0.0,1024.0,2.0,1,0
15.6,16,10.0,2.72,16.095063331817673,0,1,0,0,0,0,3840,2160,0,1,6.0,4,128.0,1024.0,3.0,1,0
13.3,8,10.0,1.31,16.470041058249894,0,0,0,0,1,0,1920,1080,0,1,7.0,4,256.0,0.0,0.0,0,0
15.6,4,10.0,2.1,14.790001138974114,0,0,0,1,0,0,1366,768,0,0,1.0,1,0.0,1024.0,0.0,0,0
15.6,16,10.0,2.3,16.167252780168795,0,0,0,1,0,0,1920,1080,0,0,7.0,4,256.0,0.0,0.0,0,0
15.0,16,10.0,1.71,16.58789357154748,1,0,0,0,0,0,1920,1080,0,1,7.0,4,256.0,0.0,0.0,0,0
14.0,4,10.0,1.75,16.020465291617928,0,0,0,1,0,0,1366,768,0,0,3.0,3,128.0,0.0,0.0,0,0
15.6,8,10.0,2.62,16.095063331817673,0,1,0,0,0,0,1920,1080,0,0,8.0,4,0.0,1024.0,4.0,1,0
12.5,4,10.0,1.26,16.218994638785652,0,0,0,0,1,0,1366,768,0,0,3.0,3,256.0,0.0,0.0,0,0
15.6,12,10.0,2.3,15.82511811559257,1,0,0,0,0,0,1920,1080,0,1,7.0,4,0.0,2048.0,2.0,1,0
15.6,16,7.0,2.5,16.86355255666501,0,0,0,1,0,0,3840,2160,0,0,7.0,4,512.0,0.0,0.0,0,0
14.0,4,10.0,1.8,15.548106015249097,0,0,0,1,0,0,1920,1080,0,0,4.0,2,128.0,0.0,0.0,0,0
14.0,16,10.0,1.95,17.06502844279865,0,1,0,0,0,0,1920,1080,0,0,8.0,4,512.0,0.0,4.0,1,0
15.6,8,10.0,2.0,15.45920608001124,0,0,0,1,0,0,1920,1080,0,0,1.0,1,128.0,0.0,0.0,0,0
17.3,32,10.0,4.42,17.27848047018659,0,1,0,0,0,0,1920,1080,0,0,8.0,4,1024.0,1024.0,4.0,1,0
17.3,16,10.0,4.3,16.855077930077883,0,1,0,0,0,0,1920,1080,0,0,6.0,4,256.0,1024.0,4.0,1,0
14.0,16,10.0,1.47,16.568246575404018,0,0,0,0,1,0,1920,1080,0,0,6.0,4,512.0,0.0,0.0,0,0
15.6,8,10.0,2.2,14.88896536767505,0,0,0,1,0,0,1366,768,0,0,6.0,1,0.0,1024.0,0.0,0,0
14.0,16,10.0,1.7,16.833136848764465,0,0,0,0,1,0,1920,1080,0,0,7.0,4,512.0,0.0,0.0,0,0
14.0,16,10.0,1.6,16.63776840321406,0,1,0,0,0,0,1920,1080,0,0,8.0,4,256.0,1024.0,4.0,1,0
15.6,8,10.0,2.2,16.08592250128668,0,1,0,0,0,0,1920,1080,0,0,5.0,3,128.0,1024.0,4.0,1,0
15.6,4,10.0,2.4,15.999662166305846,0,1,0,0,0,0,1920,1080,0,0,8.0,4,0.0,1024.0,4.0,1,0
17.3,16,10.0,4.2,16.833136848764465,0,1,0,0,0,0,1920,1080,0,0,8.0,4,256.0,1024.0,4.0,1,0
15.6,8,10.0,2.62,15.985549030429407,0,1,0,0,0,0,1920,1080,0,0,5.0,3,256.0,0.0,4.0,1,0
15.6,8,10.0,2.24,16.292585704763784,0,1,0,0,0,0,1920,1080,0,0,8.0,4,128.0,1024.0,4.0,1,0
14.0,4,10.0,1.22,14.405621076182037,0,0,0,1,0,0,1920,1080,0,0,1.0,1,0.0,0.0,0.0,0,0
13.3,8,10.0,1.37,16.678696153902738,1,0,0,0,0,0,1920,1080,0,1,7.0,4,512.0,0.0,0.0,0,0
15.6,8,10.0,2.08,15.958798467236171,1,0,0,0,0,0,1920,1080,0,1,5.0,3,256.0,0.0,0.0,0,0
12.0,8,10.0,0.92,16.153383737616622,0,0,0,0,1,0,2304,1440,1,0,2.0,0,0.0,0.0,0.0,0,0
14.0,8,10.0,1.42,16.8465308699102,1,0,0,0,0,0,2560,1440,0,1,5.0,3,256.0,0.0,0.0,0,0
14.0,4,10.0,1.63,14.79335122459724,0,0,0,1,0,0,1366,768,0,0,1.0,1,0.0,0.0,0.0,0,0
15.6,8,10.0,1.95,15.789941661590856,0,0,0,1,0,0,1366,768,0,0,5.0,3,128.0,0.0,0.0,0,0
13.9,8,10.0,1.38,16.30002621465777,1,0,0,0,0,0,1920,1080,0,1,7.0,4,256.0,0.0,0.0,0,0
15.6,8,10.0,2.0,15.69820534821176,0,0,0,1,0,0,1920,1080,0,0,2.0,2,256.0,0.0,0.0,0,0
15.6,8,10.0,3.14,16.72574440761951,0,0,0,0,0,1,1920,1080,0,0,8.0,4,256.0,0.0,0.0,0,0
15.6,8,10.0,2.37,16.095063331817673,0,0,0,1,0,0,1920,1080,0,0,5.0,3,256.0,0.0,0.0,0,0
13.3,8,10.0,1.29,16.405460848210456,0,0,0,0,1,0,1920,1080,0,0,5.0,3,256.0,0.0,0.0,0,0
15.6,8,10.0,2.06,16.559706814402652,0,0,0,1,0,0,3840,2160,0,1,5.0,3,256.0,0.0,4.0,1,0
11.6,4,10.0,1.63,15.70494846107394,0,0,1,0,0,0,1366,768,0,0,1.0,1,128.0,0.0,0.0,0,0
12.5,8,10.0,1.26,16.329246698803612,0,0,1,0,0,0,1366,768,0,0,6.0,3,256.0,0.0,0.0,0,0
15.6,4,10.0,2.1,15.75220133894802,0,0,0,1,0,0,1366,768,0,0,3.0,3,0.0,500.0,0.0,0,0
15.6,8,10.0,2.04,15.53703871057726,0,0,0,1,0,0,1366,768,0,0,5.0,0,0.0,2048.0,0.0,0,0
15.6,16,10.0,2.62,16.51886099914235,0,1,0,0,0,0,3840,2160,0,0,8.0,4,512.0,0.0,4.0,1,0
15.6,4,10.0,2.4,15.504725727458398,0,0,0,1,0,0,1920,1080,0,0,5.0,3,0.0,1024.0,0.0,0,0
17.3,12,10.0,3.74,16.559706814402652,0,1,0,0,0,0,1920,1080,0,0,8.0,4,0.0,1024.0,5.0,1,0
17.3,16,10.0,2.9,16.882361887738313,0,1,0,0,0,0,1920,1080,0,0,8.0,4,512.0,1024.0,4.0,1,0
13.3,8,10.0,0.81,16.405460848210456,0,0,0,0,1,0,1920,1080,0,0,5.0,3,256.0,0.0,0.0,0,0
15.6,8,10.0,1.98,15.96088180107897,0,0,0,1,0,0,1920,1080,0,0,7.0,4,0.0,1024.0,2.0,1,0
15.6,8,10.0,2.18,15.76469982767923,0,0,0,1,0,0,1920,1080,0,0,5.0,3,256.0,0.0,0.0,0,0
14.0,8,10.0,1.32,16.620701323300764,0,0,0,0,1,0,1920,1080,0,0,7.0,4,256.0,0.0,0.0,0,0
12.5,16,10.0,1.29,16.58789357154748,0,0,0,0,1,0,3840,2160,0,1,5.0,4,512.0,0.0,0.0,0,0
11.6,4,10.0,1.23,15.046150901477384,0,0,1,0,0,0,1366,768,0,0,6.0,1,0.0,0.0,0.0,0,0
17.3,16,10.0,4.36,16.918959317497222,0,1,0,0,0,0,1920,1080,0,0,8.0,4,128.0,1024.0,4.0,1,0
14.0,4,10.0,1.76,15.71962517328759,0,0,0,1,0,0,1366,768,0,0,3.0,3,0.0,500.0,0.0,0,0
15.6,4,10.0,2.1,15.287108793286947,0,0,0,1,0,0,1366,768,0,0,2.0,2,0.0,500.0,0.0,0,0
14.0,4,10.0,1.25,16.08684035348217,0,0,0,0,1,0,1366,768,0,0,5.0,3,128.0,0.0,0.0,0,0
14.0,8,10.0,1.13,16.916553250921297,0,0,0,0,1,0,1920,1080,0,0,7.0,4,512.0,0.0,0.0,0,0
15.6,8,10.0,2.4,16.18215052390696,0,1,0,0,0,0,1920,1080,0,0,5.0,3,256.0,0.0,4.0,1,0
14.0,8,10.0,1.13,16.629271273467605,0,0,0,0,1,0,1920,1080,0,0,5.0,3,0.0,0.0,0.0,0,0
14.0,4,10.0,1.75,15.305513596207602,0,0,0,1,0,0,1366,768,0,0,1.0,1,128.0,0.0,0.0,0,0
13.3,8,10.0,1.1,16.306675666016154,1,0,0,0,0,0,1920,1080,0,1,5.0,3,256.0,0.0,0.0,0,0
14.0,4,10.0,1.76,15.464519314556334,0,0,0,1,0,0,1366,768,0,0,2.0,2,0.0,500.0,0.0,0,0
11.6,4,10.0,1.35,14.965025381349983,0,0,1,0,0,0,1366,768,0,0,6.0,1,0.0,0.0,0.0,0,0
14.0,8,10.0,1.5,15.521012729449827,0,0,0,1,0,0,1920,1080,0,0,4.0,2,128.0,0.0,0.0,0,0
17.3,32,10.0,3.49,17.70522883204301,0,1,0,0,0,0,3840,2160,0,1,9.0,4,512.0,0.0,4.0,1,0
14.0,16,10.0,1.1,16.742123648482917,0,0,0,0,1,0,2560,1440,0,0,6.0,4,512.0,0.0,0.0,0,0
15.6,4,10.0,2.1,15.344811374937118,0,0,0,1,0,0,1920,1080,0,0,5.0,3,0.0,1024.0,0.0,0,0
14.0,8,10.0,1.7,16.171248949465227,0,0,0,1,0,0,1920,1080,0,0,3.0,3,256.0,0.0,0.0,0,0
14.0,8,10.0,1.32,16.501437910136673,0,0,0,1,0,0,1920,1080,0,0,6.0,3,256.0,0.0,0.0,0,0
15.6,16,10.0,3.21,17.02117999957337,0,1,0,0,0,0,1920,1080,0,0,8.0,4,256.0,1024.0,4.0,1,0
17.3,16,10.0,2.9,16.884016832184663,0,1,0,0,0,0,1920,1080,0,0,8.0,4,256.0,1024.0,4.0,1,0
15.6,4,10.0,2.0,15.5986915033149,0,0,0,1,0,0,1366,768,0,0,4.0,2,0.0,500.0,0.0,0,0
14.0,4,10.0,1.5,14.8767328034465,0,0,0,1,0,0,1366,768,0,0,6.0,1,0.0,0.0,0.0,0,0
15.6,8,10.0,2.3,15.473030002595086,0,0,0,1,0,0,1920,1080,0,0,5.0,3,0.0,128.0,0.0,0,0
17.3,16,10.0,2.73,16.58789357154748,0,1,0,0,0,0,1920,1080,0,0,6.0,4,512.0,1024.0,4.0,1,0
17.3,32,10.0,4.42,17.12328107753213,0,1,0,0,0,0,1920,1080,0,0,8.0,4,512.0,1024.0,4.0,1,0
17.3,8,10.0,2.63,15.906351998178096,0,0,0,1,0,0,1600,900,0,0,5.0,3,0.0,1024.0,2.0,1,0
15.6,8,10.0,2.18,15.663776389233442,0,0,0,1,0,0,1366,768,0,0,5.0,3,128.0,0.0,0.0,0,0
14.0,8,7.0,1.54,16.626601045072096,0,0,0,0,1,0,1920,1080,0,0,5.0,4,512.0,0.0,0.0,0,0
15.6,4,10.0,2.18,15.69820534821176,0,0,0,1,0,0,1920,1080,0,0,7.0,4,256.0,0.0,0.0,0,0
11.6,4,10.0,1.4,15.514529725753416,1,0,0,0,0,0,1366,768,0,1,1.0,1,0.0,0.0,0.0,0,0
13.3,8,10.0,1.45,16.026330410425555,0,0,0,0,1,0,1920,1080,0,0,3.0,3,512.0,0.0,0.0,0,0
13.3,8,10.0,1.28,16.823521390537653,1,0,0,0,0,0,1920,1080,0,1,5.0,3,256.0,0.0,0.0,0,0
14.0,8,10.0,1.54,16.38456356086661,0,0,0,0,1,0,1920,1080,0,0,5.0,4,512.0,0.0,0.0,0,0
15.6,4,10.0,1.86,14.79335122459724,0,0,0,1,0,0,1366,768,0,0,6.0,1,128.0,0.0,0.0,0,0
15.6,16,10.0,2.1,16.64199004511735,0,1,0,0,0,0,1920,1080,0,0,8.0,4,128.0,1024.0,4.0,1,0
17.3,8,10.0,2.83,15.855636912028258,0,0,0,1,0,0,1920,1080,0,0,7.0,4,0.0,1024.0,0.0,0,0
14.0,8,10.0,1.96,16.644094201476733,0,0,0,0,1,0,1920,1080,0,0,8.0,4,256.0,0.0,2.0,1,0
15.6,8,10.0,2.3,15.761135666399367,0,0,0,1,0,0,1920,1080,0,0,7.0,4,256.0,0.0,3.0,1,0
15.6,8,10.0,1.9,15.94409232158379,0,0,0,1,0,0,1920,1080,0,0,5.0,3,128.0,0.0,0.0,0,0
15.6,4,10.0,2.0,15.19993041329544,0,0,0,1,0,0,1366,768,0,0,1.0,1,0.0,1024.0,0.0,0,0
13.3,8,10.0,1.28,16.94027915519098,1,0,0,0,0,0,1920,1080,0,1,8.0,4,256.0,0.0,0.0,0,0
13.3,8,10.0,1.62,15.56834016507112,0,0,0,1,0,0,1920,1080,0,1,3.0,3,0.0,1024.0,0.0,0,0
15.6,4,10.0,2.2,15.24351028331848,0,0,0,1,0,0,1920,1080,0,0,0.0,2,0.0,1024.0,0.0,0,0
15.6,8,10.0,2.3,15.838919926063326,0,0,0,1,0,0,1920,1080,0,0,5.0,3,0.0,1024.0,0.0,0,0
15.6,8,10.0,1.84,16.30002621465777,0,0,0,1,0,0,1920,1080,0,0,6.0,3,256.0,0.0,0.0,0,0
13.3,4,10.0,1.05,16.25142135993141,0,0,0,1,0,0,1920,1080,0,0,5.0,3,128.0,0.0,0.0,0,0
15.6,8,10.0,2.5,16.017519781713407,0,1,0,0,0,0,1920,1080,0,0,5.0,3,0.0,1024.0,4.0,1,0
13.3,16,10.0,1.29,16.807138470138813,0,0,0,0,1,0,3200,1800,0,1,5.0,4,512.0,0.0,1.0,0,0
15.6,4,10.0,2.07,15.906351998178096,0,0,0,1,0,0,1920,1080,0,0,3.0,3,0.0,500.0,0.0,0,0
13.3,8,10.0,1.2,16.091417020038463,0,0,0,0,1,0,1366,768,0,0,3.0,3,256.0,0.0,0.0,0,0
13.3,8,10.0,1.37,16.668491984314,1,0,0,0,0,0,1920,1080,0,1,7.0,4,256.0,0.0,0.0,0,0
14.0,8,10.0,1.56,15.897521919825904,0,0,0,1,0,0,1920,1080,0,0,5.0,3,256.0,0.0,0.0,0,0
15.6,8,10.0,2.23,16.57615175440914,0,0,0,0,0,1,1920,1080,0,0,8.0,4,0.0,1024.0,0.0,0,0
15.6,4,10.0,2.38,16.05420342759201,0,0,0,1,0,0,1366,768,0,0,5.0,3,0.0,500.0,0.0,0,0
15.6,4,10.0,2.2,15.264608107277102,0,0,0,1,0,0,1920,1080,0,0,2.0,2,0.0,1024.0,0.0,0,0
15.6,8,10.0,2.0,16.328526497174348,0,0,0,1,0,0,1920,1080,0,0,7.0,4,256.0,0.0,0.0,0,0
13.3,4,10.0,1.44,15.692777927304585,0,0,0,1,0,0,1920,1080,0,0,4.0,2,1.0,0.0,0.0,0,0
15.0,16,10.0,1.23,16.615307567293623,0,0,0,0,1,0,1920,1080,0,0,7.0,4,256.0,0.0,2.0,1,0
12.5,8,10.0,1.6,16.52539114954596,0,0,0,0,1,0,1920,1080,0,0,8.0,4,256.0,0.0,0.0,0,0
15.6,4,10.0,2.0,15.081843910866498,0,0,0,1,0,0,1366,768,0,0,1.0,1,0.0,1024.0,0.0,0,0
13.3,8,10.0,1.28,15.933453924651523,0,0,0,0,1,0,1920,1080,0,0,3.0,3,256.0,0.0,2.0,1,0
15.6,4,10.0,2.18,15.90909548378526,0,0,0,1,0,0,1920,1080,0,0,5.0,3,128.0,1024.0,2.0,1,0
15.6,4,10.0,2.04,15.82511811559257,0,0,0,1,0,0,1920,1080,0,0,5.0,3,256.0,0.0,0.0,0,0
13.3,4,10.0,1.28,16.53129087128171,1,0,0,0,0,0,1920,1080,0,1,5.0,3,256.0,0.0,0.0,0,0
15.6,4,10.0,2.3,15.622034264135667,1,0,0,0,0,0,1366,768,0,1,5.0,3,0.0,500.0,0.0,0,0
14.1,4,10.0,1.65,14.945110078021264,0,0,0,1,0,0,1366,768,0,0,1.0,1,0.0,0.0,0.0,0,0
15.6,8,10.0,2.2,15.5986915033149,0,0,0,1,0,0,1920,1080,0,0,5.0,4,0.0,1024.0,2.0,1,0
15.6,4,10.0,2.2,15.003704223895946,0,0,0,1,0,0,1366,768,0,0,6.0,1,0.0,500.0,0.0,0,0
13.3,4,10.0,1.28,16.58789357154748,1,0,0,0,0,0,1920,1080,0,1,5.0,3,256.0,0.0,0.0,0,0
15.6,4,10.0,2.18,15.214742220140462,0,0,0,1,0,0,1366,768,0,0,0.0,2,0.0,1024.0,0.0,0,0
17.3,12,10.0,2.2,16.315400380635477,0,1,0,0,0,0,1920,1080,0,0,5.0,3,128.0,1024.0,4.0,1,0
11.6,4,10.0,1.25,14.786639792542063,0,0,1,0,0,0,1366,768,0,0,6.0,1,0.0,0.0,0.0,0,0
17.3,4,10.0,2.8,15.030443776896387,0,0,0,1,0,0,1600,900,0,0,2.0,0,0.0,500.0,0.0,0,0
14.0,4,10.0,1.95,16.235734765147395,0,0,0,1,0,0,1920,1080,0,0,5.0,3,128.0,0.0,0.0,0,0
13.3,16,10.0,1.42,16.33642033013601,1,0,0,0,0,0,3200,1800,0,1,7.0,4,256.0,0.0,0.0,0,0
15.0,8,10.0,1.17,16.53070246294827,0,0,0,0,1,0,1920,1080,0,0,7.0,4,256.0,0.0,0.0,0,0
14.0,8,10.0,1.32,16.58789357154748,0,0,0,0,1,0,1920,1080,0,0,5.0,3,256.0,0.0,0.0,0,0
17.3,16,10.0,2.43,16.974844806810154,0,1,0,0,0,0,3840,2160,0,0,6.0,4,512.0,2048.0,4.0,1,0
13.3,8,10.0,1.05,16.389320620102506,0,0,0,1,0,0,1920,1080,0,0,5.0,3,256.0,0.0,0.0,0,0
15.6,8,10.0,2.62,15.927016134953504,0,1,0,0,0,0,1920,1080,0,0,8.0,4,0.0,1024.0,4.0,1,0
15.6,8,10.0,2.04,15.895302163364656,0,0,0,1,0,0,1920,1080,0,0,7.0,4,0.0,1024.0,2.0,1,0
15.6,4,10.0,2.18,15.512902386391865,0,0,0,1,0,0,1366,768,0,0,0.0,2,0.0,1024.0,0.0,0,0
15.6,8,10.0,1.9,15.933453924651523,0,0,0,1,0,0,1920,1080,0,0,6.0,3,0.0,500.0,0.0,0,0
13.3,8,10.0,1.24,16.700338432453275,1,0,0,0,0,0,3200,1800,0,1,3.0,4,512.0,0.0,0.0,0,0
17.3,32,10.0,3.58,16.246741164591494,0,1,0,0,0,0,1920,1080,0,0,7.0,4,256.0,0.0,3.0,1,0
13.3,16,10.0,1.22,16.50083166584298,1,0,0,0,0,0,1920,1080,0,1,3.0,4,256.0,0.0,0.0,0,0
14.0,8,10.0,1.13,16.71801447820861,0,0,0,0,1,0,1920,1080,0,0,7.0,4,0.0,0.0,0.0,0,0
15.6,8,10.0,1.95,16.675131432394547,0,0,0,1,0,0,1920,1080,0,0,5.0,3,512.0,0.0,0.0,0,0
15.6,16,10.0,1.08,16.742123648482917,0,0,0,0,1,0,1920,1080,0,1,7.0,4,512.0,0.0,0.0,0,0
12.5,8,10.0,1.26,16.39472969305522,0,0,1,0,0,0,1920,1080,0,0,7.0,4,512.0,0.0,0.0,0,0
15.6,4,10.0,2.2,14.97622997683315,0,0,0,1,0,0,1920,1080,0,0,5.0,1,0.0,0.0,0.0,0,0
15.6,8,10.0,2.6,15.763673738465616,0,0,0,1,0,0,1920,1080,0,0,3.0,3,128.0,1024.0,3.0,1,0
14.0,8,10.0,0.98,16.64199004511735,0,0,0,0,1,0,1920,1080,0,1,7.0,4,512.0,0.0,0.0,0,0
14.0,8,10.0,1.6,16.187142214337168,0,0,0,1,0,0,1920,1080,0,0,8.0,3,256.0,0.0,0.0,0,0
12.5,8,10.0,1.09,17.13206470183495,0,0,0,0,1,0,3840,2160,0,1,2.0,0,240.0,0.0,0.0,0,0
15.6,6,10.0,2.2,15.763673738465616,0,0,0,1,0,0,1920,1080,0,0,7.0,4,256.0,0.0,2.0,1,0
15.6,8,10.0,2.04,16.019474605080774,0,0,0,1,0,0,1920,1080,0,0,7.0,4,256.0,0.0,2.0,1,0
15.6,4,10.0,2.4,15.305513596207602,0,0,0,1,0,0,1920,1080,0,0,4.0,2,0.0,1024.0,0.0,0,0
13.3,4,10.0,1.44,15.87396502867138,0,0,0,1,0,0,1920,1080,0,0,5.0,3,128.0,0.0,0.0,0,0
13.3,8,10.0,1.49,15.959840676692462,0,0,0,1,0,0,1920,1080,0,0,5.0,3,256.0,0.0,0.0,0,0
17.3,16,10.0,2.7,16.470041058249894,0,1,0,0,0,0,1920,1080,0,0,8.0,4,256.0,1024.0,4.0,1,0
15.6,16,10.0,2.6,16.30002621465777,0,1,0,0,0,0,1920,1080,0,0,8.0,4,128.0,1024.0,4.0,1,0
15.6,8,10.0,2.2,16.11391097942091,0,1,0,0,0,0,1920,1080,0,0,5.0,3,128.0,1024.0,4.0,1,0
15.6,4,10.0,2.18,15.622311678878106,0,0,0,1,0,0,1366,768,0,0,5.0,3,0.0,1024.0,0.0,0,0
15.6,8,10.0,1.84,16.26070883597952,0,0,0,0,1,0,1920,1080,0,0,5.0,4,256.0,0.0,0.0,0,0
13.3,8,10.0,1.39,16.13955465080981,0,0,0,0,1,0,3200,1800,0,1,7.0,4,256.0,0.0,0.0,0,0
15.6,16,10.0,2.4,16.681231009361404,0,0,0,1,0,0,1920,1080,0,0,6.0,4,256.0,0.0,0.0,0,0
13.3,8,10.0,1.37,16.602242602722946,1,0,0,0,0,0,1920,1080,0,1,5.0,3,512.0,0.0,0.0,0,0
15.6,4,10.0,1.95,15.685814967618438,0,0,0,1,0,0,1366,768,0,0,3.0,3,0.0,500.0,0.0,0,0
12.5,8,10.0,1.36,16.501437910136673,0,0,0,0,1,0,1920,1080,0,0,7.0,4,256.0,0.0,0.0,0,0
15.6,8,10.0,2.31,16.153383737616622,0,0,0,1,0,0,1920,1080,0,0,3.0,3,256.0,0.0,0.0,0,0
15.6,4,10.0,2.18,15.655436269779036,0,0,0,1,0,0,1366,768,0,0,5.0,3,0.0,1024.0,0.0,0,0
14.0,4,10.0,1.95,16.13955465080981,0,0,0,1,0,0,1366,768,0,0,3.0,3,0.0,500.0,0.0,0,0
15.6,4,10.0,2.2,14.826248915932052,0,0,0,1,0,0,1366,768,0,0,1.0,1,0.0,1024.0,0.0,0,0
12.5,4,10.0,1.26,16.457454360562423,0,0,0,0,1,0,1920,1080,0,0,3.0,3,0.0,500.0,0.0,0,0
15.6,4,10.0,1.86,14.758988271828056,0,0,0,1,0,0,1366,768,0,0,6.0,1,0.0,1024.0,0.0,0,0
13.3,16,10.0,1.3,16.58789357154748,1,0,0,0,0,0,3200,1800,0,1,2.0,4,1024.0,0.0,1.0,0,0
14.0,4,10.0,1.47,16.100507990810268,0,0,0,1,0,0,1920,1080,0,0,3.0,3,128.0,0.0,0.0,0,0
12.5,8,10.0,1.26,16.51288726612797,0,0,1,0,0,0,1920,1080,0,0,3.0,3,256.0,0.0,0.0,0,0
15.6,4,10.0,2.18,15.418341129921028,0,0,0,1,0,0,1366,768,0,0,0.0,2,0.0,1024.0,0.0,0,0
15.6,8,10.0,2.2,16.18215052390696,0,1,0,0,0,0,1920,1080,0,0,8.0,4,128.0,1024.0,4.0,1,0
14.0,8,10.0,1.36,16.494748922443314,0,0,0,0,1,0,1920,1080,0,0,5.0,3,256.0,0.0,0.0,0,0
17.3,16,10.0,4.36,17.01516837421349,0,1,0,0,0,0,2560,1440,0,0,7.0,4,512.0,1024.0,4.0,1,0
17.3,8,10.0,2.75,16.33642033013601,0,1,0,0,0,0,1920,1080,0,0,3.0,3,128.0,1024.0,3.0,1,0
17.3,4,10.0,2.8,15.365784493820115,0,0,0,1,0,0,1600,900,0,0,6.0,1,0.0,1024.0,2.0,1,0
15.6,4,10.0,2.23,15.521012729449827,0,0,0,1,0,0,1366,768,0,0,5.0,3,0.0,500.0,0.0,0,0
15.6,8,10.0,2.2,16.113098083897025,0,0,0,1,0,0,1366,768,0,0,3.0,3,256.0,0.0,0.0,0,0
11.3,8,10.0,1.1,16.262257378329462,1,0,0,0,0,0,1920,1080,0,1,2.0,0,256.0,0.0,0.0,0,0
15.6,16,10.0,2.5,15.999662166305846,0,1,0,0,0,0,1920,1080,0,0,1.0,0,512.0,1024.0,0.0,0,0
12.5,8,10.0,1.36,16.387420511098203,0,0,0,0,1,0,1920,1080,0,1,5.0,3,256.0,0.0,0.0,0,0
15.6,8,10.0,2.2,15.622326277522411,0,0,0,1,0,0,1920,1080,0,0,7.0,4,0.0,1024.0,2.0,1,0
17.3,4,10.0,2.36,15.583630980240052,0,0,0,1,0,0,1600,900,0,0,0.0,2,0.0,1024.0,0.0,0,0
14.0,4,10.0,1.68,14.94797951952325,0,0,0,1,0,0,1366,768,0,0,6.0,1,0.0,0.0,0.0,0,0
15.6,8,10.0,2.0,16.811148277048133,0,0,0,0,0,1,1920,1080,0,0,7.0,4,8.0,0.0,0.0,0,0
14.0,8,10.0,1.36,16.57446304035171,0,0,0,0,1,0,1920,1080,0,0,8.0,4,256.0,0.0,0.0,0,0
13.3,8,7.0,1.2,16.3790990668143,0,0,0,1,0,0,1920,1080,0,0,3.0,3,256.0,0.0,0.0,0,0
12.5,8,10.0,1.2,16.14822021545631,1,0,0,0,0,0,1920,1080,0,0,2.0,0,0.0,0.0,0.0,0,0
14.0,8,10.0,1.7,16.398760667356953,0,0,0,0,1,0,1920,1080,0,0,6.0,4,256.0,0.0,0.0,0,0
17.3,16,10.0,4.36,17.149334078263582,0,1,0,0,0,0,3840,2160,0,0,8.0,4,512.0,1024.0,4.0,1,0
13.3,8,10.0,1.24,16.64199004511735,1,0,0,0,0,0,1920,1080,0,1,2.0,3,256.0,0.0,0.0,0,0
11.6,4,10.0,1.45,15.745770449547924,1,0,0,0,0,0,1366,768,0,1,1.0,1,256.0,0.0,0.0,0,0
13.3,8,10.0,1.3,16.23810349877261,0,0,0,0,1,0,3200,1800,0,0,5.0,4,256.0,0.0,0.0,0,0
11.6,4,10.0,1.25,15.056486907804391,1,0,0,0,0,0,1366,768,0,1,6.0,1,0.0,0.0,0.0,0,0
13.3,8,10.0,1.2,16.42919300836964,0,0,0,1,0,0,1920,1080,0,0,4.0,3,256.0,0.0,0.0,0,0
12.5,8,10.0,1.36,16.565976427014373,0,0,0,0,1,0,1920,1080,0,0,6.0,3,256.0,0.0,0.0,0,0
15.6,12,10.0,2.4,16.00962240689521,0,0,0,1,0,0,1920,1080,0,0,5.0,3,128.0,1024.0,3.0,1,0
12.5,8,10.0,1.1,16.58287823674606,0,0,0,0,1,0,1920,1080,0,1,7.0,4,512.0,0.0,0.0,0,0
15.6,8,10.0,2.04,15.834017609510946,0,0,0,1,0,0,1366,768,0,0,50.0,3,0.0,1024.0,2.0,1,0
15.6,4,10.0,2.25,15.23627736743399,0,0,0,1,0,0,1366,768,0,0,0.0,2,0.0,1024.0,0.0,0,0
15.6,4,10.0,1.9,15.808290797734683,0,0,0,1,0,0,1366,768,0,0,5.0,3,0.0,500.0,0.0,0,0
15.6,4,10.0,2.04,15.622326277522411,0,0,0,1,0,0,1920,1080,0,0,4.0,2,0.0,500.0,0.0,0,0
17.3,32,10.0,4.42,17.14774753189824,0,1,0,0,0,0,1920,1080,0,0,8.0,4,256.0,1024.0,4.0,1,0
15.6,6,10.0,2.4,15.636819282462737,0,0,0,1,0,0,1920,1080,0,0,5.0,3,256.0,0.0,2.0,1,0
13.3,16,10.0,1.22,16.64199004511735,1,0,0,0,0,0,3200,1800,0,1,3.0,4,512.0,0.0,0.0,0,0
14.0,8,10.0,1.5,16.675126338112406,0,0,0,0,1,0,2560,1440,0,1,6.0,4,256.0,0.0,0.0,0,0
17.3,32,10.0,4.42,17.030282011411895,0,1,0,0,0,0,1920,1080,0,0,6.0,4,256.0,1024.0,4.0,1,0
14.0,8,10.0,1.95,16.16617708784942,0,0,0,1,0,0,1920,1080,0,0,3.0,3,256.0,0.0,0.0,0,0
17.3,16,10.0,2.73,16.718453620400453,0,1,0,0,0,0,1920,1080,0,0,8.0,4,256.0,1024.0,4.0,1,0
15.6,8,10.0,2.04,15.979439032487562,0,0,0,1,0,0,1920,1080,0,0,70.0,3,128.0,1024.0,2.0,1,0
14.0,4,7.0,1.7,16.002660668965056,0,0,0,1,0,0,1366,768,0,0,3.0,3,0.0,0.0,0.0,0,0
15.6,6,10.0,2.04,15.4542099468896,0,0,0,1,0,0,1366,768,0,0,7.0,4,0.0,1024.0,0.0,0,0
17.3,16,10.0,2.99,16.559706814402652,0,1,0,0,0,0,1920,1080,0,0,8.0,4,256.0,1024.0,4.0,1,0
15.6,12,10.0,2.19,16.262257378329462,1,0,0,0,0,0,1920,1080,0,1,7.0,4,512.0,0.0,0.0,0,0
13.3,4,7.0,1.2,16.178808833559014,0,0,0,1,0,0,1920,1080,0,0,3.0,3,128.0,0.0,0.0,0,0
15.6,6,10.0,2.2,15.401005921439934,0,0,0,1,0,0,1920,1080,0,0,6.0,0,256.0,0.0,0.0,0,0
15.6,4,10.0,2.3,15.56834016507112,0,0,0,1,0,0,1366,768,0,0,3.0,3,256.0,0.0,0.0,0,0
14.0,4,10.0,1.75,15.911831463267402,0,0,0,1,0,0,1366,768,0,0,3.0,3,0.0,500.0,0.0,0,0
15.6,4,10.0,2.25,15.488169060946827,0,0,0,1,0,0,1366,768,0,0,5.0,3,0.0,500.0,0.0,0,0
15.6,8,10.0,2.04,15.784991157120034,0,0,0,1,0,0,1920,1080,0,0,5.0,3,0.0,1024.0,0.0,0,0
15.6,8,10.0,2.5,16.173775266359087,0,1,0,0,0,0,1920,1080,0,0,8.0,4,128.0,1024.0,4.0,1,0
15.6,8,10.0,2.36,15.711646408749012,0,0,0,1,0,0,1366,768,0,0,7.0,4,0.0,1024.0,0.0,0,0
14.0,8,10.0,1.6,16.113098083897025,0,0,0,1,0,0,1920,1080,0,0,5.0,3,128.0,0.0,0.0,0,0
12.5,8,10.0,0.97,16.64671818603395,0,0,1,0,0,0,1920,1080,0,0,2.0,0,512.0,0.0,0.0,0,0
15.6,4,10.0,2.1,15.305513596207602,0,0,0,1,0,0,1920,1080,0,0,2.0,2,128.0,1024.0,0.0,0,0
15.6,4,10.0,1.9,14.69362331348612,0,0,0,1,0,0,1366,768,0,0,1.0,1,128.0,0.0,0.0,0,0
15.6,8,10.0,2.3,16.30002621465777,0,0,0,1,0,0,1920,1080,0,0,3.0,3,256.0,0.0,0.0,0,0
13.3,8,10.0,1.68,15.88300463710039,1,0,0,0,0,0,1920,1080,0,1,5.0,3,256.0,0.0,0.0,0,0
13.3,8,10.0,1.4,16.140424594233238,0,0,0,1,0,0,3200,1800,0,0,5.0,3,256.0,0.0,0.0,0,0
13.3,8,10.0,1.11,16.30002621465777,0,0,0,0,1,0,1920,1080,0,1,7.0,4,256.0,0.0,0.0,0,0
15.6,4,10.0,2.4,15.033078823753524,0,0,0,1,0,0,1366,768,0,0,1.0,1,0.0,500.0,0.0,0,0
15.6,16,10.0,2.5,16.58789357154748,0,1,0,0,0,0,1920,1080,0,0,8.0,4,256.0,1024.0,4.0,1,0
14.0,8,10.0,1.48,16.73734809047533,0,0,0,0,1,0,1920,1080,0,0,7.0,4,512.0,0.0,0.0,0,0
15.6,8,10.0,2.7,16.23177436428408,0,1,0,0,0,0,1920,1080,0,0,8.0,4,128.0,1024.0,4.0,1,0
13.3,8,10.0,1.34,16.173775266359087,0,0,0,1,0,0,1920,1080,0,0,5.0,3,256.0,0.0,0.0,0,0
15.6,4,10.0,2.18,15.397356283101365,0,0,0,1,0,0,1366,768,0,0,4.0,2,128.0,0.0,0.0,0,0
14.0,4,10.0,1.64,15.750918465320217,0,0,0,1,0,0,1366,768,0,0,5.0,3,0.0,500.0,0.0,0,0
13.3,4,10.0,1.2,16.178808833559014,0,0,0,1,0,0,1920,1080,0,0,3.0,3,128.0,0.0,0.0,0,0
14.0,4,10.0,1.48,16.095963745158006,0,0,0,1,0,0,1366,768,0,0,4.0,3,256.0,0.0,0.0,0,0
14.0,4,10.0,1.95,16.187142214337168,0,0,0,1,0,0,1920,1080,0,0,5.0,3,256.0,0.0,0.0,0,0
14.0,8,7.0,1.43,16.371536295017354,0,0,0,0,1,0,1920,1080,0,0,6.0,4,256.0,0.0,0.0,0,0
14.0,8,10.0,1.64,16.04874781505038,0,0,0,1,0,0,1920,1080,0,0,5.0,3,256.0,0.0,2.0,1,0
14.0,4,10.0,1.64,15.620865357122764,0,0,0,1,0,0,1366,768,0,0,4.0,2,0.0,500.0,0.0,0,0
15.6,8,10.0,2.65,15.94831619219837,0,1,0,0,0,0,1920,1080,0,0,5.0,3,0.0,0.0,4.0,1,0
12.5,4,10.0,1.26,16.431795481996804,0,0,0,0,1,0,1920,1080,0,0,5.0,3,0.0,500.0,0.0,0,0
14.0,4,10.0,1.48,16.464396641028323,0,0,0,1,0,0,1920,1080,0,0,5.0,3,256.0,0.0,0.0,0,0
14.0,8,10.0,1.54,16.63576216160991,0,0,0,0,1,0,1920,1080,0,0,5.0,4,256.0,0.0,0.0,0,0
13.3,4,10.0,1.49,15.777519143327805,0,0,0,1,0,0,1366,768,0,0,4.0,2,0.0,500.0,0.0,0,0
13.3,8,10.0,1.5,16.191283006617546,0,0,0,1,0,0,1366,768,0,0,3.0,3,256.0,0.0,0.0,0,0
15.6,4,10.0,2.04,15.73928494888916,0,0,0,1,0,0,1366,768,0,0,4.0,2,256.0,0.0,0.0,0,0
17.3,16,7.0,2.4,17.08855091726241,0,0,0,1,0,0,3840,2160,0,0,7.0,4,512.0,0.0,0.0,0,0
14.0,8,10.0,1.47,16.39943874950053,0,0,0,1,0,0,1920,1080,0,0,3.0,3,256.0,0.0,0.0,0,0
14.0,8,10.0,1.43,16.80221565892336,0,0,0,1,0,0,1920,1080,0,0,5.0,4,256.0,0.0,0.0,0,0
15.6,4,10.0,2.08,15.77249403931946,1,0,0,0,0,0,1920,1080,0,1,3.0,2,0.0,1024.0,0.0,0,0
13.3,8,10.0,1.2,16.464396641028323,0,0,0,0,1,0,1920,1080,0,0,3.0,3,256.0,0.0,0.0,0,0
13.3,8,10.0,1.11,16.13955465080981,0,0,0,1,0,0,1920,1080,0,0,5.0,3,256.0,0.0,0.0,0,0
14.0,8,10.0,1.64,16.17076822689959,0,0,0,1,0,0,1920,1080,0,0,7.0,4,256.0,0.0,2.0,1,0
15.6,8,10.0,2.09,16.04605658882585,0,0,0,1,0,0,1920,1080,0,0,4.0,3,0.0,500.0,0.0,0,0
12.5,4,10.0,1.26,16.444707216278257,0,0,0,0,1,0,1366,768,0,0,5.0,3,256.0,0.0,0.0,0,0
14.0,4,10.0,2.31,16.173775266359087,0,0,0,1,0,0,1366,768,0,0,5.0,3,0.0,500.0,0.0,0,0
14.0,4,10.0,1.95,16.058931568285136,0,0,0,1,0,0,1366,768,0,0,5.0,3,0.0,500.0,0.0,0,0
13.3,8,10.0,1.29,16.48555486505487,0,0,0,0,1,0,3200,1800,0,1,5.0,3,256.0,0.0,0.0,0,0
17.3,8,10.0,2.63,16.07762369933257,0,0,0,1,0,0,1920,1080,0,0,5.0,3,256.0,0.0,2.0,1,0
14.0,4,10.0,1.64,15.97329147285142,0,0,0,1,0,0,1366,768,0,0,5.0,3,256.0,0.0,0.0,0,0
15.6,6,10.0,2.1,15.106622706091738,0,0,0,1,0,0,1366,768,0,0,3.0,0,0.0,1024.0,0.0,0,0
17.3,8,10.0,2.7,16.176127417758966,0,1,0,0,0,0,1920,1080,0,0,8.0,4,128.0,1024.0,4.0,1,0
14.0,8,7.0,1.95,16.178808833559014,0,0,0,1,0,0,1920,1080,0,0,3.0,3,256.0,0.0,0.0,0,0
15.6,8,10.0,1.84,16.206855339427065,0,0,0,1,0,0,1920,1080,0,0,5.0,4,256.0,0.0,0.0,0,0
12.5,8,10.0,1.26,16.30002621465777,0,0,0,0,1,0,1920,1080,0,0,5.0,4,256.0,0.0,0.0,0,0
15.6,4,10.0,2.04,15.70225666981566,0,0,0,1,0,0,1366,768,0,0,5.0,3,0.0,500.0,0.0,0,0
14.0,8,10.0,1.47,16.545889669744117,0,0,0,0,1,0,1920,1080,0,0,6.0,4,256.0,0.0,0.0,0,0
15.6,8,7.0,2.09,16.061710721431652,0,0,0,1,0,0,1920,1080,0,0,4.0,3,256.0,0.0,0.0,0,0
14.0,8,10.0,1.64,16.011117819260804,0,0,0,1,0,0,1920,1080,0,0,5.0,3,256.0,0.0,0.0,0,0
15.6,4,10.0,1.8,15.834608102511384,1,0,0,0,0,0,1920,1080,0,1,5.0,4,256.0,0.0,0.0,0,0
14.0,2,10.0,1.45,14.443817625245645,0,0,0,1,0,0,1366,768,0,0,44.0,0,0.0,0.0,0.0,0,0
15.6,16,10.0,2.4,16.354834446706583,0,0,0,1,0,0,1920,1080,0,0,5.0,4,256.0,0.0,0.0,0,0
15.6,8,10.0,2.3,16.049071800420094,0,0,0,1,0,0,1920,1080,0,0,3.0,3,256.0,0.0,0.0,0,0
14.0,4,10.0,1.54,16.000662666526857,0,0,0,1,0,0,1920,1080,0,0,3.0,3,0.0,500.0,0.0,0,0
15.6,8,10.0,1.84,16.744189164985965,0,0,0,1,0,0,1920,1080,0,0,4.0,3,256.0,500.0,0.0,0,0
14.0,8,7.0,1.43,16.385244527813875,0,0,0,1,0,0,1920,1080,0,0,3.0,3,256.0,0.0,0.0,0,0
17.3,16,10.0,3.78,16.43610069088456,0,1,0,0,0,0,1920,1080,0,0,7.0,4,256.0,1024.0,3.0,1,0
17.3,16,10.0,4.6,16.829210053920274,0,1,0,0,0,0,1920,1080,0,0,6.0,4,128.0,1024.0,3.0,1,0
11.6,4,10.0,1.2,14.755520863326105,0,0,1,0,0,0,1366,768,0,0,6.0,1,0.0,0.0,0.0,0,0
14.0,16,7.0,1.1,16.963836914763135,0,0,0,1,0,0,2560,1440,0,0,6.0,4,256.0,0.0,0.0,0,0
15.6,8,10.0,1.91,15.979439032487562,0,0,0,1,0,0,1920,1080,0,0,7.0,4,0.0,1024.0,2.0,1,0
15.6,8,10.0,2.3,16.090503360863668,1,0,0,0,0,0,1920,1080,0,1,7.0,3,256.0,0.0,0.0,0,0
15.6,4,10.0,2.04,15.979439032487562,0,0,0,1,0,0,1366,768,0,0,5.0,3,256.0,0.0,0.0,0,0
13.3,16,10.0,1.2,16.813369019577614,0,0,0,0,1,0,3200,1800,0,1,7.0,4,1024.0,0.0,0.0,0,0
15.6,4,10.0,2.31,15.651317980707027,0,0,0,1,0,0,1366,768,0,0,3.0,2,0.0,500.0,0.0,0,0
15.6,4,10.0,1.96,15.305513596207602,0,0,0,1,0,0,1366,768,0,0,5.0,3,0.0,500.0,0.0,0,0
15.6,8,10.0,2.4,15.19993041329544,0,0,0,1,0,0,1366,768,0,0,2.0,0,0.0,1024.0,0.0,0,0
13.3,12,10.0,1.6,16.262257378329462,1,0,0,0,0,0,1920,1080,0,1,7.0,4,256.0,0.0,0.0,0,0
15.6,16,10.0,2.94,16.598949515427737,0,1,0,0,0,0,1920,1080,0,0,6.0,4,256.0,1024.0,4.0,1,0
15.6,8,10.0,2.04,16.068321307643433,0,0,0,1,0,0,1920,1080,0,0,7.0,4,256.0,0.0,0.0,0,0
17.3,16,10.0,4.0,15.998660664081555,0,1,0,0,0,0,1920,1080,0,0,6.0,4,0.0,1024.0,3.0,1,0
15.6,4,10.0,2.25,15.41905694942099,0,0,0,1,0,0,1920,1080,0,0,5.0,3,0.0,1024.0,0.0,0,0
15.6,16,10.0,2.32,15.990602230749351,0,0,0,1,0,0,1920,1080,0,0,7.0,4,0.0,2048.0,0.0,0,0
15.6,16,10.0,1.8,16.65766434628978,0,1,0,0,0,0,1920,1080,0,0,6.0,4,256.0,1024.0,4.0,1,0
13.3,8,10.0,1.29,16.377728264786185,0,0,0,0,1,0,1920,1080,0,0,7.0,4,256.0,0.0,0.0,0,0
17.3,64,10.0,3.58,17.380687330464504,0,1,0,0,0,0,1920,1080,0,0,7.0,4,1024.0,0.0,3.0,1,0
13.3,8,10.0,1.62,15.775028544710043,1,0,0,0,0,0,1920,1080,0,1,5.0,4,256.0,0.0,0.0,0,0
15.6,16,10.0,3.21,16.285089418417826,0,1,0,0,0,0,3840,2160,0,0,6.0,4,256.0,1024.0,3.0,1,0
12.0,8,10.0,0.92,16.263026905041894,0,0,0,0,1,0,2304,1440,1,0,1.0,0,0.0,0.0,0.0,0,0
15.6,4,10.0,2.06,15.270810127828346,0,0,0,1,0,0,1366,768,0,0,3.0,2,0.0,500.0,0.0,0,0
15.6,4,10.0,2.31,16.18215052390696,0,0,0,1,0,0,1366,768,0,0,3.0,3,0.0,500.0,0.0,0,0
12.5,8,7.0,1.26,16.18215052390696,0,0,0,0,1,0,1920,1080,0,0,3.0,3,256.0,0.0,0.0,0,0
13.3,8,10.0,1.49,16.08684035348217,0,0,0,1,0,0,1920,1080,0,0,7.0,4,256.0,0.0,0.0,0,0
12.5,8,10.0,1.3,16.53919484600605,0,0,0,0,1,0,1920,1080,0,1,5.0,4,256.0,0.0,0.0,0,0
17.3,8,10.0,3.0,15.583630980240052,0,0,0,1,0,0,1600,900,0,0,3.0,3,0.0,1024.0,0.0,0,0
15.6,4,10.0,2.3,15.97739404223499,0,0,0,1,0,0,1920,1080,0,0,3.0,3,0.0,1024.0,3.0,1,0
17.3,16,10.0,3.78,16.916553250921297,0,1,0,0,0,0,1920,1080,0,0,8.0,4,256.0,1024.0,4.0,1,0
15.6,4,10.0,2.1,15.384476622902827,0,0,0,1,0,0,1366,768,0,0,3.0,3,0.0,500.0,0.0,0,0
15.6,4,7.0,2.31,15.938787269987108,0,0,0,1,0,0,1920,1080,0,0,3.0,3,0.0,500.0,0.0,0,0
12.5,8,10.0,0.99,16.33642033013601,0,0,0,0,1,0,2560,1440,0,1,2.0,0,512.0,0.0,0.0,0,0
17.3,32,10.0,4.6,17.176235918580534,0,1,0,0,0,0,1920,1080,0,0,7.0,4,512.0,0.0,3.0,1,0
10.1,4,10.0,0.69,15.564124822218412,1,0,0,0,0,0,1920,1200,0,1,44.0,0,0.0,0.0,0.0,0,0
13.3,16,10.0,1.3,16.71801447820861,0,0,0,0,1,0,3840,2160,0,0,7.0,4,512.0,0.0,0.0,0,0
15.6,8,10.0,2.18,15.712980631561951,0,0,0,1,0,0,1920,1080,0,0,5.0,3,256.0,0.0,0.0,0,0
14.0,4,7.0,1.54,16.031182168813196,0,0,0,1,0,0,1920,1080,0,0,3.0,3,0.0,500.0,0.0,0,0
15.6,8,7.0,1.9,16.40278883613338,0,0,0,0,0,1,1920,1080,0,0,5.0,4,256.0,0.0,0.0,0,0
14.0,8,7.0,1.7,16.18215052390696,0,0,0,1,0,0,1920,1080,0,0,3.0,3,1.0,0.0,0.0,0,0
13.3,4,10.0,1.29,15.514529725753416,0,0,0,1,0,0,3200,1800,0,0,5.0,1,0.0,0.0,0.0,0,0
15.6,4,10.0,2.4,15.051332258709792,0,0,0,1,0,0,1366,768,0,0,2.0,0,0.0,500.0,0.0,0,0
15.6,4,10.0,2.2,15.06796321546102,0,0,0,1,0,0,1366,768,0,0,6.0,1,0.0,500.0,0.0,0,0
15.6,4,10.0,1.86,14.939317473030131,0,0,0,1,0,0,1366,768,0,0,2.0,2,0.0,1024.0,0.0,0,0
17.3,8,10.0,2.7,16.470041058249894,0,1,0,0,0,0,1920,1080,0,0,8.0,4,256.0,1024.0,4.0,1,0
13.3,4,10.0,1.4,15.800197530459617,0,0,0,0,1,0,1920,1080,0,0,6.0,3,256.0,0.0,0.0,0,0
12.5,4,7.0,2.4,16.470041058249894,0,0,1,0,0,0,1366,768,0,0,3.0,3,128.0,0.0,0.0,0,0
15.6,8,10.0,2.4,15.77626836160209,0,0,0,1,0,0,1920,1080,0,0,5.0,3,256.0,1024.0,3.0,1,0
15.6,8,10.0,2.36,15.552498867474773,0,0,0,1,0,0,1920,1080,0,0,5.0,3,0.0,1024.0,0.0,0,0
17.3,8,10.0,2.6,16.470041058249894,0,1,0,0,0,0,1920,1080,0,0,6.0,4,256.0,0.0,3.0,1,0
15.6,4,10.0,1.96,15.307515598427532,0,0,0,1,0,0,1366,768,0,0,6.0,1,0.0,1024.0,0.0,0,0
17.3,16,10.0,4.3,16.833136848764465,0,1,0,0,0,0,1920,1080,0,0,6.0,4,128.0,1024.0,3.0,1,0
12.5,4,7.0,1.5,16.127427453928888,0,0,0,0,1,0,1366,768,0,0,3.0,2,0.0,500.0,0.0,0,0
12.5,4,7.0,1.5,16.155073296469112,0,0,0,0,1,0,1366,768,0,0,3.0,2,128.0,0.0,0.0,0,0
15.6,4,10.0,2.2,14.435242065137937,0,0,0,1,0,0,1366,768,0,0,5.0,1,16.0,0.0,0.0,0,0
17.3,8,7.0,3.0,17.06502844279865,0,0,0,0,0,1,1920,1080,0,0,6.0,4,0.0,1024.0,0.0,0,0
15.6,16,10.0,2.4,16.18215052390696,0,1,0,0,0,0,1920,1080,0,0,8.0,4,512.0,0.0,4.0,1,0
12.5,8,7.0,1.5,16.34644850625713,0,0,0,0,1,0,1366,768,0,0,3.0,3,256.0,0.0,0.0,0,0
17.3,8,10.0,2.9,16.41356004841028,0,1,0,0,0,0,1920,1080,0,0,6.0,4,128.0,1024.0,3.0,1,0
15.6,4,10.0,2.1,15.857946381577008,1,0,0,0,0,0,1920,1080,0,1,3.0,3,256.0,0.0,0.0,0,0
15.6,4,10.0,2.1,15.079359562932904,0,0,0,1,0,0,1920,1080,0,0,5.0,0,0.0,1024.0,0.0,0,0
15.6,16,10.0,2.59,16.292585704763784,0,1,0,0,0,0,1920,1080,0,0,6.0,4,128.0,1024.0,3.0,1,0
13.3,8,10.0,1.16,16.53070246294827,0,0,0,1,0,0,3200,1800,0,1,1.0,0,256.0,0.0,0.0,0,0
15.6,4,7.0,2.24,15.73819343030002,0,0,0,1,0,0,1366,768,0,0,3.0,3,0.0,500.0,0.0,0,0
15.6,4,10.0,2.1,15.15436445615808,0,0,0,1,0,0,1366,768,0,0,0.0,2,128.0,0.0,0.0,0,0
13.3,8,10.0,1.16,16.67818841083882,0,0,0,0,1,0,1920,1080,0,0,5.0,4,512.0,0.0,0.0,0,0
10.1,4,10.0,0.69,15.401005921439934,1,0,0,0,0,0,1920,1200,0,1,44.0,0,0.0,0.0,0.0,0,0
13.3,8,10.0,1.23,16.322021234429698,0,0,0,0,1,0,1920,1080,0,0,4.0,4,256.0,0.0,1.0,0,0
17.3,16,10.0,4.6,17.012259870269382,0,1,0,0,0,0,1920,1080,0,0,7.0,4,256.0,0.0,3.0,1,0
12.5,8,10.0,1.25,16.029250120209326,0,0,0,0,1,0,3840,2160,0,1,5.0,4,256.0,0.0,0.0,0,0
13.3,16,10.0,1.05,16.800868857440978,0,0,0,0,1,0,1920,1080,0,0,7.0,4,512.0,0.0,0.0,0,0
17.3,8,10.0,3.52,16.272588736158166,0,1,0,0,0,0,1920,1080,0,0,6.0,4,128.0,1024.0,3.0,1,0
13.3,4,10.0,1.35,14.371022508093208,0,0,0,1,0,0,1920,1080,0,0,44.0,0,0.0,0.0,0.0,0,0
13.3,8,10.0,1.16,16.52539114954596,0,0,0,1,0,0,1920,1080,0,0,3.0,3,256.0,0.0,0.0,0,0
14.0,8,7.0,1.43,16.41475706320201,0,0,0,1,0,0,1920,1080,0,0,3.0,3,256.0,0.0,0.0,0,0
15.6,4,10.0,2.09,15.353692817895196,0,0,0,1,0,0,1366,768,0,0,3.0,3,0.0,500.0,0.0,0,0
15.6,4,10.0,2.0,15.168253564702942,0,0,0,1,0,0,1366,768,0,0,4.0,2,0.0,1024.0,0.0,0,0
14.0,8,10.0,1.8,16.51288726612797,1,0,0,0,0,0,1920,1080,0,1,5.0,4,256.0,0.0,0.0,0,0
10.1,4,10.0,0.69,15.264608107277102,1,0,0,0,0,0,1920,1200,0,1,44.0,0,0.0,0.0,0.0,0,0
12.5,8,7.0,1.26,16.639881451946597,0,0,0,0,1,0,1366,768,0,0,4.0,3,256.0,0.0,0.0,0,0
15.6,8,10.0,2.4,15.989601720418255,0,1,0,0,0,0,1920,1080,0,0,5.0,3,128.0,1024.0,4.0,1,0
17.3,8,10.0,3.35,16.121994938844583,0,1,0,0,0,0,1920,1080,0,0,3.0,3,128.0,1024.0,4.0,1,0
15.6,8,10.0,2.04,15.53703871057726,0,0,0,1,0,0,1366,768,0,0,7.0,4,0.0,2048.0,0.0,0,0
14.0,8,7.0,1.8,16.718687750740752,1,0,0,0,0,0,1920,1080,0,1,6.0,4,512.0,0.0,0.0,0,0
14.0,4,10.0,1.5,14.720528793309317,0,0,0,1,0,0,1366,768,0,0,1.0,1,0.0,0.0,0.0,0,0
15.6,8,10.0,1.84,15.715643748582638,0,0,0,0,1,0,1920,1080,0,0,7.0,4,256.0,0.0,0.0,0,0
15.6,4,10.0,2.23,15.516154421183565,0,0,0,1,0,0,1920,1080,0,0,5.0,3,0.0,1024.0,2.0,1,0
15.6,16,10.0,2.5,16.095063331817673,0,0,0,1,0,0,1920,1080,0,0,5.0,4,0.0,0.0,0.0,0,0
17.3,8,7.0,3.0,17.37422625118267,0,0,0,0,0,1,1920,1080,0,0,6.0,4,256.0,0.0,0.0,0,0
15.6,8,10.0,2.5,15.757316438879178,0,0,0,1,0,0,1366,768,0,0,5.0,3,0.0,1024.0,0.0,0,0
17.3,16,10.0,3.78,16.875714584801912,0,1,0,0,0,0,1920,1080,0,0,7.0,4,256.0,1024.0,3.0,1,0
15.6,8,7.0,1.88,16.776182086168163,0,0,0,0,1,0,1920,1080,0,0,5.0,4,256.0,0.0,0.0,0,0
14.0,16,10.0,2.8,16.89266063946176,1,0,0,0,0,0,2560,1440,0,1,6.0,4,512.0,0.0,0.0,0,0
15.6,8,10.0,2.4,16.13414404384868,0,1,0,0,0,0,1920,1080,0,0,8.0,4,128.0,1024.0,4.0,1,0
13.3,8,10.0,1.48,16.488628952722742,1,0,0,0,0,0,1920,1080,0,1,4.0,3,256.0,0.0,0.0,0,0
15.6,8,7.0,2.59,16.80221565892336,0,0,0,0,0,1,1920,1080,0,0,6.0,4,256.0,0.0,0.0,0,0
13.3,8,10.0,1.48,16.58789357154748,1,0,0,0,0,0,2560,1440,0,1,6.0,4,256.0,0.0,0.0,0,0
15.6,8,7.0,2.0,16.64199004511735,0,0,0,0,0,1,1920,1080,0,0,6.0,4,256.0,0.0,0.0,0,0
12.5,8,7.0,1.26,16.83224475897427,0,0,0,0,1,0,1920,1080,0,0,50.0,4,256.0,0.0,0.0,0,0
15.6,8,10.0,2.18,16.010513981474784,0,0,0,1,0,0,1920,1080,0,0,7.0,4,256.0,0.0,2.0,1,0
15.6,8,7.0,1.88,16.457454360562423,0,0,0,1,0,0,1920,1080,0,0,3.0,3,256.0,0.0,0.0,0,0
14.0,8,10.0,1.27,16.850386089748916,1,0,0,0,0,0,2560,1440,0,1,5.0,4,256.0,0.0,0.0,0,0
15.6,4,10.0,1.9,14.91890771420678,0,0,0,1,0,0,1366,768,0,0,0.0,2,0.0,1024.0,0.0,0,0
15.6,4,10.0,1.86,14.786639792542063,0,0,0,1,0,0,1366,768,0,0,8.0,0,0.0,500.0,0.0,0,0
15.6,8,10.0,2.32,15.488169060946827,0,0,0,1,0,0,1920,1080,0,0,3.0,3,0.0,1024.0,0.0,0,0
15.6,8,10.0,2.62,16.18215052390696,0,1,0,0,0,0,1920,1080,0,0,8.0,4,0.0,1024.0,4.0,1,0
15.6,8,10.0,2.04,16.811894996812242,0,0,0,1,0,0,3840,2160,0,1,3.0,3,256.0,0.0,0.0,0,0
15.6,4,10.0,1.91,15.264378435864613,0,0,0,1,0,0,1920,1080,0,0,5.0,0,256.0,0.0,0.0,0,0
17.3,16,10.0,2.7,16.401316180512534,0,1,0,0,0,0,1920,1080,0,0,8.0,4,256.0,1024.0,4.0,1,0
14.0,12,7.0,1.4,16.833136848764465,0,0,0,0,1,0,1920,1080,0,0,6.0,4,512.0,0.0,0.0,0,0
15.6,8,10.0,2.5,15.763027141726424,0,0,0,1,0,0,1920,1080,0,0,3.0,3,0.0,0.0,0.0,0,0
13.3,8,10.0,1.48,16.714102492994684,1,0,0,0,0,0,2560,1440,0,1,6.0,4,512.0,0.0,0.0,0,0
14.0,8,7.0,1.7,16.405460848210456,0,0,0,0,1,0,1920,1080,0,0,6.0,4,256.0,0.0,0.0,0,0
14.0,16,10.0,1.7,16.57107703281687,0,1,0,0,0,0,1920,1080,0,0,6.0,4,256.0,1024.0,3.0,1,0
15.6,8,10.0,2.62,15.89419043465096,0,1,0,0,0,0,1920,1080,0,0,8.0,4,0.0,1024.0,4.0,1,0
15.6,8,10.0,2.2,15.221957730156888,0,0,0,1,0,0,1366,768,0,0,0.0,2,0.0,1024.0,0.0,0,0
15.6,4,10.0,2.1,15.26040303716354,0,0,0,1,0,0,1366,768,0,0,3.0,3,0.0,500.0,0.0,0,0
15.6,8,10.0,2.62,16.404793514235106,0,1,0,0,0,0,3840,2160,0,0,8.0,4,128.0,1024.0,4.0,1,0
15.6,8,10.0,1.95,16.329966382115757,0,0,0,1,0,0,1920,1080,0,0,5.0,3,256.0,0.0,0.0,0,0
15.6,4,10.0,2.2,15.241375811302214,0,0,0,1,0,0,1920,1080,0,0,2.0,2,0.0,1024.0,2.0,1,0
14.0,2,10.0,1.44,14.610360623197844,0,0,0,1,0,0,1366,768,0,0,6.0,1,0.0,0.0,0.0,0,0
15.6,8,10.0,2.2,15.82511811559257,0,1,0,0,0,0,1920,1080,0,0,7.0,4,0.0,1024.0,4.0,1,0
15.6,8,10.0,1.96,15.613528568269633,0,0,0,1,0,0,1920,1080,0,0,5.0,4,256.0,0.0,0.0,0,0
15.6,16,10.0,2.1,16.14822021545631,0,0,0,1,0,0,1920,1080,0,0,8.0,4,512.0,0.0,0.0,0,0
15.6,4,10.0,2.2,15.003704223895946,0,0,0,1,0,0,1366,768,0,0,6.0,1,0.0,500.0,0.0,0,0
15.6,4,10.0,2.1,15.079359562932904,0,0,0,1,0,0,1366,768,0,0,3.0,3,0.0,500.0,0.0,0,0
15.6,8,10.0,2.2,15.656762960234875,0,0,0,1,0,0,1920,1080,0,0,7.0,4,0.0,1024.0,2.0,1,0
14.0,4,10.0,2.0,15.737998390832423,0,0,0,1,0,0,1920,1080,0,0,4.0,2,256.0,0.0,0.0,0,0
15.6,4,7.0,2.32,15.808290797734683,0,0,0,1,0,0,1920,1080,0,0,5.0,4,0.0,0.0,0.0,0,0
15.6,16,10.0,3.31,16.266865681017613,0,1,0,0,0,0,1920,1080,0,0,6.0,4,512.0,0.0,3.0,1,0
15.6,16,10.0,1.91,16.767696663136842,0,1,0,0,0,0,1920,1080,0,0,6.0,4,128.0,1024.0,3.0,1,0
15.6,4,10.0,2.07,15.569879810990122,0,0,0,1,0,0,1366,768,0,0,3.0,2,0.0,500.0,0.0,0,0
14.0,8,10.0,1.36,16.49352792115445,1,0,0,0,0,0,2560,1440,0,1,3.0,3,256.0,0.0,0.0,0,0
15.6,6,10.0,1.54,15.81553720527122,0,0,0,0,1,0,1920,1080,0,0,7.0,4,256.0,0.0,0.0,0,0
15.6,8,10.0,1.98,15.889742292133814,0,0,0,1,0,0,1920,1080,0,0,7.0,4,256.0,0.0,2.0,1,0
15.6,4,10.0,2.1,14.90105010278411,0,0,0,1,0,0,1366,768,0,0,2.0,1,0.0,500.0,0.0,0,0
15.6,6,10.0,2.18,15.77626836160209,0,0,0,1,0,0,1920,1080,0,0,6.0,4,0.0,1024.0,3.0,1,0
15.6,8,10.0,2.591,15.905252492980631,0,1,0,0,0,0,1920,1080,0,0,6.0,4,256.0,1024.0,3.0,1,0
15.6,16,10.0,2.09,16.165329271007916,1,0,0,0,0,0,1920,1080,0,1,7.0,4,512.0,0.0,0.0,0,0
15.6,4,10.0,2.23,15.631047261602308,0,0,0,1,0,0,1920,1080,0,0,5.0,3,256.0,0.0,2.0,1,0
13.3,8,10.0,1.23,16.095063331817673,0,0,0,0,1,0,3200,1800,0,1,4.0,3,256.0,0.0,0.0,0,0
17.3,16,10.0,4.2,16.955789352996312,0,1,0,0,0,0,1920,1080,0,0,8.0,4,256.0,1024.0,4.0,1,0
15.6,8,10.0,2.4,15.800991496251724,0,1,0,0,0,0,1920,1080,0,0,5.0,3,0.0,1024.0,4.0,1,0
12.3,4,10.0,1.15,15.583630980240052,1,0,0,0,0,0,2400,1600,0,1,0.0,0,0.0,0.0,0.0,0,0
15.6,4,10.0,1.86,15.27705639789915,0,0,0,1,0,0,1366,768,0,0,5.0,3,0.0,500.0,0.0,0,0
12.0,8,10.0,0.92,16.15166552430149,0,0,0,0,1,0,2304,1440,1,0,1.0,0,0.0,0.0,0.0,0,0
13.3,8,10.0,1.6,16.18215052390696,1,0,0,0,0,0,1920,1080,0,1,5.0,3,256.0,0.0,0.0,0,0
15.6,12,10.0,2.21,16.283583394164324,0,0,0,1,0,0,1920,1080,0,0,8.0,4,128.0,1024.0,4.0,1,0
15.6,4,10.0,1.9,15.000990518852534,0,0,0,1,0,0,1366,768,0,0,2.0,2,0.0,1024.0,0.0,0,0
17.3,16,10.0,4.3,16.766130448513067,0,1,0,0,0,0,1920,1080,0,0,6.0,4,512.0,1024.0,3.0,1,0
15.6,4,10.0,2.1,14.69870975483823,0,0,0,1,0,0,1366,768,0,0,2.0,1,0.0,1024.0,0.0,0,0
17.3,16,10.0,2.43,16.71796567272554,0,1,0,0,0,0,1920,1080,0,0,8.0,4,256.0,1024.0,4.0,1,0
15.6,4,10.0,2.3,15.305513596207602,0,0,0,1,0,0,1366,768,0,0,0.0,2,128.0,0.0,0.0,0,0
15.6,8,10.0,2.2,15.53703871057726,0,0,0,1,0,0,1366,768,0,0,5.0,4,0.0,500.0,2.0,1,0
15.6,16,10.0,2.0,16.25142135993141,1,0,0,0,0,0,1920,1080,0,1,8.0,4,512.0,0.0,0.0,0,0
13.3,16,10.0,1.2,16.986479390551914,0,0,0,0,1,0,3200,1800,0,1,7.0,4,512.0,0.0,0.0,0,0
15.6,8,10.0,2.2,16.15681133275858,0,1,0,0,0,0,1920,1080,0,0,6.0,4,0.0,1024.0,4.0,1,0
15.6,8,10.0,2.36,15.88300463710039,0,0,0,1,0,0,1920,1080,0,0,5.0,3,256.0,0.0,0.0,0,0
15.6,8,10.0,1.91,15.4542099468896,0,0,0,1,0,0,1366,768,0,0,5.0,3,256.0,0.0,0.0,0,0
15.6,4,10.0,2.2,14.79335122459724,0,0,0,1,0,0,1366,768,0,0,2.0,0,0.0,500.0,0.0,0,0
17.3,8,10.0,3.3,15.53703871057726,0,0,0,1,0,0,1600,900,0,0,0.0,2,0.0,1024.0,2.0,1,0
15.6,16,10.0,2.2,16.8963423779573,0,1,0,0,0,0,1920,1080,0,0,8.0,4,256.0,1024.0,4.0,1,0
12.0,8,10.0,0.92,16.246741164591494,0,0,0,0,1,0,2304,1440,1,0,2.0,0,0.0,0.0,0.0,0,0
15.6,16,10.0,2.2,16.559706814402652,0,0,0,1,0,0,1920,1080,0,0,8.0,4,128.0,1024.0,4.0,1,0
17.3,16,10.0,2.43,16.667973901444167,0,1,0,0,0,0,1920,1080,0,0,6.0,4,256.0,1024.0,4.0,1,0
15.6,8,10.0,2.191,15.999662166305846,1,0,0,0,0,0,1920,1080,0,1,5.0,3,256.0,0.0,0.0,0,0
17.3,16,10.0,2.9,16.66797903229336,0,1,0,0,0,0,1920,1080,0,0,8.0,4,256.0,1024.0,4.0,1,0
11.6,2,10.0,1.3,14.251963220623916,0,0,1,0,0,0,1366,768,0,0,5.0,1,32.0,0.0,0.0,0,0
17.3,4,10.0,3.3,15.48649821709597,0,0,0,1,0,0,1600,900,0,0,2.0,2,0.0,1024.0,2.0,1,0
17.3,8,10.0,2.8,15.382623054639888,0,0,0,1,0,0,1600,900,0,0,5.0,3,0.0,1024.0,0.0,0,0
15.6,8,10.0,2.6,16.241253107396602,0,1,0,0,0,0,1920,1080,0,0,6.0,4,128.0,1024.0,3.0,1,0
14.0,8,10.0,1.2,16.13955465080981,1,0,0,0,0,0,1920,1080,0,1,3.0,4,256.0,0.0,0.0,0,0
15.6,8,10.0,2.3,16.425276554564906,0,0,0,1,0,0,1920,1080,0,0,6.0,4,256.0,0.0,0.0,0,0
15.6,8,10.0,2.2,16.39007287940002,0,1,0,0,0,0,1920,1080,0,0,6.0,4,128.0,1024.0,4.0,1,0
15.6,6,10.0,2.1,15.363895919533364,0,0,0,1,0,0,1920,1080,0,0,7.0,0,0.0,1024.0,0.0,0,0
12.5,8,7.0,1.26,16.539124811051504,0,0,0,0,1,0,1920,1080,0,1,4.0,3,256.0,0.0,0.0,0,0
15.0,4,10.0,2.08,15.325355512578868,1,0,0,0,0,0,1920,1080,0,1,4.0,2,0.0,500.0,0.0,0,0
15.6,4,10.0,2.65,14.826248915932052,0,0,0,1,0,0,1366,768,0,0,6.0,1,0.0,1024.0,0.0,0,0
13.3,8,10.0,1.29,16.39067563375672,0,0,0,0,1,0,3200,1800,0,1,7.0,4,256.0,0.0,0.0,0,0
15.6,4,10.0,2.18,15.350306843260771,0,0,0,1,0,0,1366,768,0,0,5.0,3,0.0,1024.0,0.0,0,0
15.6,16,10.0,2.6,16.029250120209326,0,1,0,0,0,0,1920,1080,0,1,6.0,4,128.0,1024.0,3.0,1,0
15.6,8,10.0,2.2,16.13955465080981,0,1,0,0,0,0,1920,1080,0,0,8.0,4,128.0,1024.0,4.0,1,0
12.5,16,10.0,1.3,16.501437910136673,0,0,1,0,0,0,1920,1080,0,1,50.0,4,512.0,0.0,0.0,0,0
14.0,16,10.0,1.95,17.253139799592567,0,1,0,0,0,0,1920,1080,0,0,8.0,4,1024.0,0.0,4.0,1,0
15.6,8,10.0,2.3,15.24353160504768,0,0,0,1,0,0,1366,768,0,1,4.0,2,0.0,1024.0,0.0,0,0
17.3,16,10.0,2.7,16.469415471786174,0,1,0,0,0,0,1920,1080,0,0,8.0,4,256.0,1024.0,4.0,1,0
11.6,4,10.0,1.08,15.958798467236171,0,0,0,0,1,0,1366,768,1,0,6.0,3,0.0,0.0,0.0,0,0
15.6,4,10.0,2.1,15.262518242848818,0,0,0,1,0,0,1920,1080,0,0,2.0,2,0.0,1024.0,0.0,0,0
14.0,8,7.0,1.54,16.788296899692504,0,0,0,0,1,0,2560,1440,0,0,5.0,4,256.0,0.0,0.0,0,0
15.6,4,7.0,2.24,15.695495319865866,0,0,0,1,0,0,1366,768,0,0,3.0,3,0.0,500.0,0.0,0,0
15.6,8,10.0,2.3,16.15681133275858,0,1,0,0,0,0,1920,1080,0,0,6.0,4,128.0,1024.0,3.0,1,0
13.3,16,10.0,1.4,16.405460848210456,0,0,0,1,0,0,1920,1080,0,0,7.0,4,512.0,0.0,0.0,0,0
15.6,6,10.0,2.2,15.485778895035956,0,0,0,1,0,0,1920,1080,0,0,6.0,0,256.0,0.0,0.0,0,0
13.3,8,10.0,1.45,16.24752271985762,0,0,0,0,1,0,1920,1080,0,0,5.0,4,256.0,0.0,0.0,0,0
15.6,4,10.0,2.4,14.983999158881714,0,0,0,1,0,0,1366,768,0,0,0.0,2,0.0,500.0,0.0,0,0
17.3,16,10.0,2.77,16.58789357154748,1,0,0,0,0,0,1920,1080,0,1,7.0,4,512.0,0.0,2.0,1,0
14.0,4,7.0,1.54,16.095963745158006,0,0,0,1,0,0,1920,1080,0,0,3.0,3,256.0,0.0,0.0,0,0
15.6,16,10.0,2.5,16.470666253599855,0,1,0,0,0,0,1920,1080,0,0,8.0,4,256.0,1024.0,4.0,1,0
14.0,4,10.0,1.6,15.867131289968135,0,0,0,1,0,0,1366,768,0,0,5.0,3,0.0,500.0,0.0,0,0
15.6,16,10.0,2.34,16.84438264147571,0,1,0,0,0,0,1920,1080,0,0,6.0,4,256.0,1024.0,4.0,1,0
15.6,8,10.0,2.3,15.443793188065191,0,0,0,1,0,0,1920,1080,0,0,5.0,3,256.0,0.0,0.0,0,0
13.3,8,10.0,1.24,16.595645547869072,1,0,0,0,0,0,3200,1800,0,1,2.0,3,256.0,0.0,0.0,0,0
15.6,4,10.0,2.2,14.873651137977092,0,0,0,1,0,0,1366,768,0,0,6.0,1,0.0,500.0,0.0,0,0
15.6,4,10.0,1.86,15.081868973830147,0,0,0,1,0,0,1366,768,0,0,5.0,0,0.0,500.0,0.0,0,0
15.6,6,10.0,2.4,15.436787906856512,0,0,0,1,0,0,1920,1080,0,0,3.0,2,128.0,0.0,2.0,1,0
14.0,8,10.0,1.9,16.07018872162214,0,0,0,1,0,0,1920,1080,0,0,3.0,3,256.0,0.0,0.0,0,0
15.6,4,10.0,2.2,15.188709568035554,0,0,0,1,0,0,1366,768,0,0,6.0,1,0.0,500.0,0.0,0,0
15.6,4,10.0,2.0,14.91890771420678,0,0,0,1,0,0,1366,768,0,0,1.0,1,0.0,1024.0,0.0,0,0
17.3,16,10.0,4.0,16.642516499428428,0,1,0,0,0,0,1920,1080,0,0,6.0,4,128.0,1024.0,3.0,1,0
15.6,4,10.0,2.29,15.28731289570024,0,0,0,1,0,0,1366,768,0,0,2.0,2,0.0,500.0,0.0,0,0
15.6,8,7.0,2.32,15.88973111901328,0,0,0,1,0,0,1920,1080,0,0,5.0,4,0.0,0.0,0.0,0,0
15.6,8,10.0,2.4,16.206863476155927,0,1,0,0,0,0,1920,1080,0,0,6.0,4,128.0,1024.0,3.0,1,0
14.0,4,10.0,1.8,15.817953056985932,1,0,0,0,0,0,1920,1080,0,1,3.0,3,128.0,0.0,0.0,0,0
13.3,8,10.0,1.2,15.684581161359729,0,0,0,0,1,0,1920,1080,0,0,9.0,0,512.0,0.0,0.0,0,0
15.6,6,10.0,2.3,15.221957730156888,0,0,0,1,0,0,1366,768,0,0,4.0,2,0.0,1024.0,0.0,0,0
15.6,4,10.0,2.4,14.7593343523336,0,0,0,1,0,0,1366,768,0,0,6.0,1,0.0,500.0,0.0,0,0
15.6,2,10.0,2.2,15.030443776896387,0,0,0,1,0,0,1366,768,0,0,6.0,1,0.0,500.0,0.0,0,0
15.6,8,10.0,2.6,15.89419043465096,0,0,0,1,0,0,1920,1080,0,0,6.0,4,0.0,1024.0,3.0,1,0
15.6,6,10.0,2.04,15.402807575804715,0,0,0,1,0,0,1920,1080,0,0,9.0,0,0.0,0.0,0.0,0,0
15.6,8,10.0,2.3,15.784978750096908,0,0,0,1,0,0,1366,768,0,0,7.0,4,0.0,1024.0,0.0,0,0
11.6,2,10.0,1.17,14.435242065137937,0,0,1,0,0,0,1366,768,0,0,6.0,1,0.0,0.0,0.0,0,0
15.6,4,10.0,2.2,15.672602988928384,0,0,0,1,0,0,1366,768,0,0,5.0,4,0.0,500.0,0.0,0,0
14.0,4,10.0,1.8,15.551245734699457,1,0,0,0,0,0,1920,1080,0,1,5.0,4,128.0,0.0,0.0,0,0
13.3,16,10.0,1.3,16.405460848210456,1,0,0,0,0,0,3200,1800,0,1,5.0,4,512.0,0.0,0.0,0,0
14.0,2,10.0,1.5,14.5266297697327,0,0,0,1,0,0,1366,768,0,0,6.0,1,0.0,0.0,0.0,0,0
15.6,6,10.0,2.19,15.731475211450386,0,0,0,1,0,0,1366,768,0,0,5.0,4,0.0,1024.0,0.0,0,0
15.6,4,10.0,2.2,15.003704223895946,0,0,0,1,0,0,1366,768,0,0,6.0,1,0.0,500.0,0.0,0,0
13.3,8,10.0,1.2,15.684581161359729,0,0,0,0,1,0,1920,1080,0,0,9.0,0,512.0,0.0,0.0,0,0
15.6,6,10.0,2.3,15.221957730156888,0,0,0,1,0,0,1366,768,0,0,4.0,2,0.0,1024.0,0.0,0,0
15.6,4,10.0,2.4,14.7593343523336,0,0,0,1,0,0,1366,768,0,0,6.0,1,0.0,500.0,0.0,0,0
15.6,2,10.0,2.2,15.030443776896387,0,0,0,1,0,0,1366,768,0,0,6.0,1,0.0,500.0,0.0,0,0
15.6,8,10.0,2.6,15.89419043465096,0,0,0,1,0,0,1920,1080,0,0,6.0,4,0.0,1024.0,3.0,1,0
15.6,6,10.0,2.04,15.402807575804715,0,0,0,1,0,0,1920,1080,0,0,9.0,0,0.0,0.0,0.0,0,0
15.6,8,10.0,2.3,15.784978750096908,0,0,0,1,0,0,1366,768,0,0,7.0,4,0.0,1024.0,0.0,0,0
11.6,2,10.0,1.17,14.435242065137937,0,0,1,0,0,0,1366,768,0,0,6.0,1,0.0,0.0,0.0,0,0
15.6,4,10.0,2.2,15.672602988928384,0,0,0,1,0,0,1366,768,0,0,5.0,4,0.0,500.0,0.0,0,0
14.0,4,10.0,1.8,15.551245734699457,1,0,0,0,0,0,1920,1080,0,1,5.0,4,128.0,0.0,0.0,0,0
13.3,16,10.0,1.3,16.405460848210456,1,0,0,0,0,0,3200,1800,0,1,5.0,4,512.0,0.0,0.0,0,0
14.0,2,10.0,1.5,14.5266297697327,0,0,0,1,0,0,1366,768,0,0,6.0,1,0.0,0.0,0.0,0,0
15.6,6,10.0,2.19,15.731475211450386,0,0,0,1,0,0,1366,768,0,0,5.0,4,0.0,1024.0,0.0,0,0
15.6,4,10.0,2.2,15.003704223895946,0,0,0,1,0,0,1366,768,0,0,6.0,1,0.0,500.0,0.0,0,0
13.3,8,10.0,1.2,15.684581161359729,0,0,0,0,1,0,1920,1080,0,0,9.0,0,512.0,0.0,0.0,0,0
15.6,6,10.0,2.3,15.221957730156888,0,0,0,1,0,0,1366,768,0,0,4.0,2,0.0,1024.0,0.0,0,0
15.6,4,10.0,2.4,14.7593343523336,0,0,0,1,0,0,1366,768,0,0,6.0,1,0.0,500.0,0.0,0,0
15.6,2,10.0,2.2,15.030443776896387,0,0,0,1,0,0,1366,768,0,0,6.0,1,0.0,500.0,0.0,0,0
15.6,8,10.0,2.6,15.89419043465096,0,0,0,1,0,0,1920,1080,0,0,6.0,4,0.0,1024.0,3.0,1,0
15.6,6,10.0,2.04,15.402807575804715,0,0,0,1,0,0,1920,1080,0,0,9.0,0,0.0,0.0,0.0,0,0
15.6,8,10.0,2.3,15.784978750096908,0,0,0,1,0,0,1366,768,0,0,7.0,4,0.0,1024.0,0.0,0,0
11.6,2,10.0,1.17,14.435242065137937,0,0,1,0,0,0,1366,768,0,0,6.0,1,0.0,0.0,0.0,0,0
15.6,4,10.0,2.2,15.672602988928384,0,0,0,1,0,0,1366,768,0,0,5.0,4,0.0,500.0,0.0,0,0
14.0,4,10.0,1.8,15.551245734699457,1,0,0,0,0,0,1920,1080,0,1,5.0,4,128.0,0.0,0.0,0,0
13.3,16,10.0,1.3,16.405460848210456,1,0,0,0,0,0,3200,1800,0,1,5.0,4,512.0,0.0,0.0,0,0
14.0,2,10.0,1.5,14.5266297697327,0,0,0,1,0,0,1366,768,0,0,6.0,1,0.0,0.0,0.0,0,0
15.6,6,10.0,2.19,15.731475211450386,0,0,0,1,0,0,1366,768,0,0,5.0,4,0.0,1024.0,0.0,0,0
15.6,4,10.0,2.2,15.003704223895946,0,0,0,1,0,0,1366,768,0,0,6.0,1,0.0,500.0,0.0,0,0
