Brand,Memory,Storage,Rating,selling_price
1.0986122886681098,1.6094379124341003,4.174387269895637,1.7047480922384253,9.391911647379434
1.0986122886681098,1.6094379124341003,4.174387269895637,1.7047480922384253,9.391911647379434
1.0986122886681098,1.9459101490553132,4.859812404361672,1.667706820558076,9.546169544733285
1.0986122886681098,1.9459101490553132,4.859812404361672,1.667706820558076,9.546169544733285
1.0986122886681098,1.6094379124341003,4.174387269895637,1.7047480922384253,9.391911647379434
1.0986122886681098,1.9459101490553132,4.859812404361672,1.667706820558076,9.546169544733285
1.0986122886681098,1.6094379124341003,4.174387269895637,1.6863989535702288,9.258273025731485
1.0986122886681098,1.3862943611198906,3.4965075614664802,1.6863989535702288,9.158099260130491
1.0986122886681098,1.3862943611198906,3.4965075614664802,1.6863989535702288,9.158099260130491
1.0986122886681098,1.3862943611198906,3.4965075614664802,1.6863989535702288,9.158099260130491
1.0986122886681098,1.3862943611198906,3.4965075614664802,1.6863989535702288,9.158099260130491
1.0986122886681098,1.6094379124341003,4.174387269895637,1.6863989535702288,9.258273025731485
1.0986122886681098,1.9459101490553132,4.859812404361672,1.667706820558076,9.679781342959442
1.0986122886681098,1.9459101490553132,4.859812404361672,1.667706820558076,9.679781342959442
1.0986122886681098,1.6094379124341003,4.174387269895637,1.6863989535702288,9.258273025731485
1.0986122886681098,2.1972245773362196,4.859812404361672,1.667706820558076,9.79762691183662
1.0986122886681098,2.1972245773362196,4.859812404361672,1.667706820558076,9.79762691183662
1.0986122886681098,1.3862943611198906,3.4965075614664802,1.667706820558076,9.258273025731485
1.0986122886681098,1.6094379124341003,4.174387269895637,1.667706820558076,9.389406636049465
1.0986122886681098,1.6094379124341003,4.174387269895637,1.667706820558076,9.374158457205578
1.0986122886681098,1.9459101490553132,4.859812404361672,1.667706820558076,9.85114107216392
1.0986122886681098,1.0986122886681098,3.4965075614664802,1.6486586255873816,9.103979355984773
1.0986122886681098,2.1972245773362196,4.859812404361672,1.667706820558076,9.903037451255743
1.0986122886681098,1.6094379124341003,4.859812404361672,1.667706820558076,9.679781342959442
1.0986122886681098,1.6094379124341003,4.174387269895637,1.667706820558076,9.615205300012315
1.0986122886681098,2.1972245773362196,4.859812404361672,1.667706820558076,10.30865261563529
1.0986122886681098,2.1972245773362196,4.859812404361672,1.667706820558076,10.30865261563529
1.0986122886681098,2.1972245773362196,4.859812404361672,1.667706820558076,9.903037451255743
1.0986122886681098,1.6094379124341003,4.174387269895637,1.667706820558076,9.615205300012315
1.0986122886681098,1.6094379124341003,4.859812404361672,1.667706820558076,9.679781342959442
1.0986122886681098,1.9459101490553132,4.859812404361672,1.667706820558076,9.740439071085758
1.0986122886681098,1.9459101490553132,4.859812404361672,1.667706820558076,9.740439071085758
1.0986122886681098,1.6094379124341003,4.174387269895637,1.667706820558076,9.615205300012315
1.0986122886681098,2.1972245773362196,4.859812404361672,1.667706820558076,9.903037451255743
1.0986122886681098,1.6094379124341003,4.174387269895637,1.667706820558076,9.409191230721348
1.0986122886681098,2.1972245773362196,4.859812404361672,1.667706820558076,9.998388557730848
1.0986122886681098,1.9459101490553132,4.859812404361672,1.667706820558076,9.680344001221918
1.0986122886681098,1.6094379124341003,4.174387269895637,1.656912476933601,9.536112711175099
1.0986122886681098,1.0986122886681098,3.4965075614664802,1.6486586255873816,9.103979355984773
1.0986122886681098,1.6094379124341003,4.859812404361672,1.667706820558076,9.679781342959442
1.0986122886681098,2.1972245773362196,4.859812404361672,1.6863989535702288,10.491024186183038
1.0986122886681098,1.6094379124341003,4.174387269895637,1.656912476933601,9.546169544733285
1.0986122886681098,1.3862943611198906,3.4965075614664802,1.667706820558076,9.3048320350689
1.0986122886681098,1.9459101490553132,4.859812404361672,1.6486586255873816,9.740439071085758
1.0986122886681098,1.3862943611198906,3.4965075614664802,1.667706820558076,9.3048320350689
1.0986122886681098,1.6094379124341003,4.174387269895637,1.7047480922384253,9.51044496442652
1.0986122886681098,1.9459101490553132,4.859812404361672,1.667706820558076,9.680344001221918
1.0986122886681098,1.9459101490553132,4.859812404361672,1.667706820558076,9.819072801393764
1.0986122886681098,2.5649493574615367,5.54907608489522,1.6863989535702288,10.596409707779776
1.0986122886681098,1.9459101490553132,4.859812404361672,1.667706820558076,9.740439071085758
1.0986122886681098,1.9459101490553132,5.54907608489522,1.6863989535702288,9.903037451255743
1.0986122886681098,1.9459101490553132,5.54907608489522,1.6863989535702288,9.903037451255743
1.0986122886681098,2.1972245773362196,5.54907608489522,1.6863989535702288,10.196119852369948
1.0986122886681098,1.9459101490553132,4.859812404361672,1.6486586255873816,9.740439071085758
1.0986122886681098,1.6094379124341003,4.174387269895637,1.667706820558076,9.472012088995733
1.0986122886681098,1.6094379124341003,4.174387269895637,1.667706820558076,9.472012088995733
1.0986122886681098,2.1972245773362196,5.54907608489522,1.6863989535702288,10.239638308916676
1.0986122886681098,2.1972245773362196,4.859812404361672,1.667706820558076,9.998388557730848
1.0986122886681098,2.1972245773362196,5.54907608489522,1.667706820558076,10.064372648053766
1.0986122886681098,2.1972245773362196,4.859812404361672,1.667706820558076,10.165505603232393
1.0986122886681098,2.1972245773362196,4.859812404361672,1.667706820558076,10.165505603232393
1.0986122886681098,1.6094379124341003,4.174387269895637,1.667706820558076,9.464207095933233
1.0986122886681098,2.1972245773362196,4.859812404361672,1.667706820558076,9.998388557730848
1.0986122886681098,2.1972245773362196,5.54907608489522,1.667706820558076,10.064372648053766
1.0986122886681098,2.1972245773362196,5.54907608489522,1.667706820558076,10.064372648053766
1.0986122886681098,2.1972245773362196,4.859812404361672,1.667706820558076,9.998388557730848
1.0986122886681098,1.6094379124341003,4.174387269895637,1.7047480922384253,9.51044496442652
1.0986122886681098,1.9459101490553132,4.859812404361672,1.6486586255873816,9.903037451255743
1.0986122886681098,1.0986122886681098,3.4965075614664802,1.6094379124341003,9.2093398716426
1.0986122886681098,2.1972245773362196,4.859812404361672,1.6863989535702288,10.126231023828998
1.0986122886681098,1.6094379124341003,4.174387269895637,1.6863989535702288,9.3048320350689
1.0986122886681098,1.3862943611198906,3.4965075614664802,1.667706820558076,9.328123407632566
1.0986122886681098,2.1972245773362196,4.859812404361672,1.6863989535702288,10.491024186183038
1.0986122886681098,1.9459101490553132,4.174387269895637,1.6863989535702288,10.126271039034782
1.0986122886681098,1.0986122886681098,3.4965075614664802,1.667706820558076,9.103979355984773
1.0986122886681098,2.1972245773362196,4.859812404361672,1.6863989535702288,10.308952660644293
1.0986122886681098,2.1972245773362196,5.54907608489522,1.7047480922384253,10.291806501809322
1.0986122886681098,2.5649493574615367,5.54907608489522,1.6863989535702288,10.596409707779776
1.0986122886681098,1.6094379124341003,4.859812404361672,1.6863989535702288,9.679781342959442
1.0986122886681098,1.9459101490553132,4.859812404361672,1.6486586255873816,9.903037451255743
1.0986122886681098,1.9459101490553132,4.174387269895637,1.667706820558076,9.546169544733285
1.0986122886681098,1.9459101490553132,4.859812404361672,1.6486586255873816,9.95227771670556
1.0986122886681098,1.6094379124341003,4.859812404361672,1.6863989535702288,9.679781342959442
1.0986122886681098,2.1972245773362196,4.859812404361672,1.6863989535702288,10.115367911571628
1.0986122886681098,2.1972245773362196,4.859812404361672,1.6863989535702288,10.117348150251422
1.0986122886681098,1.6094379124341003,4.859812404361672,1.667706820558076,9.615205300012315
1.0986122886681098,2.1972245773362196,5.54907608489522,1.7227665977411035,11.0184815912866
1.0986122886681098,2.1972245773362196,4.859812404361672,1.6863989535702288,10.462846164547514
1.0986122886681098,1.9459101490553132,4.859812404361672,1.6863989535702288,9.79762691183662
1.0986122886681098,1.6094379124341003,4.174387269895637,1.6863989535702288,9.679781342959442
1.0986122886681098,2.1972245773362196,4.859812404361672,1.6863989535702288,10.462846164547514
1.0986122886681098,2.1972245773362196,4.859812404361672,1.6863989535702288,10.462846164547514
1.0986122886681098,1.9459101490553132,4.859812404361672,1.6486586255873816,9.903037451255743
1.0986122886681098,1.6094379124341003,4.174387269895637,1.6863989535702288,9.3048320350689
1.0986122886681098,1.6094379124341003,4.859812404361672,1.667706820558076,9.615205300012315
1.0986122886681098,2.1972245773362196,4.859812404361672,1.6863989535702288,9.998388557730848
1.0986122886681098,1.3862943611198906,4.174387269895637,1.6863989535702288,9.472012088995733
1.0986122886681098,1.6094379124341003,4.174387269895637,1.667706820558076,9.741027444837728
1.0986122886681098,1.6094379124341003,4.174387269895637,1.6094379124341003,10.221977646629885
1.0986122886681098,1.6094379124341003,4.174387269895637,1.6863989535702288,9.61587214452889
1.0986122886681098,1.6094379124341003,4.174387269895637,1.667706820558076,9.61587214452889
1.0986122886681098,1.6094379124341003,4.174387269895637,1.667706820558076,9.798182590890704
1.0986122886681098,1.6094379124341003,4.859812404361672,1.6863989535702288,9.679781342959442
1.0986122886681098,1.6094379124341003,4.174387269895637,1.667706820558076,9.61587214452889
1.0986122886681098,1.0986122886681098,2.833213344056216,1.6486586255873816,9.305741456739435
1.0986122886681098,1.9459101490553132,4.174387269895637,1.667706820558076,10.085434038999999
1.0986122886681098,1.6094379124341003,4.174387269895637,1.7047480922384253,9.852246888342531
1.0986122886681098,2.1972245773362196,5.54907608489522,1.7047480922384253,10.291806501809322
1.0986122886681098,1.3862943611198906,3.4965075614664802,1.6863989535702288,9.158099260130491
1.0986122886681098,1.6094379124341003,4.174387269895637,1.667706820558076,9.546169544733285
1.0986122886681098,1.6094379124341003,3.4965075614664802,1.6863989535702288,9.648659816955295
1.0986122886681098,1.9459101490553132,4.859812404361672,1.667706820558076,9.798127036878302
1.0986122886681098,1.9459101490553132,4.859812404361672,1.667706820558076,9.798127036878302
1.0986122886681098,1.3862943611198906,2.833213344056216,1.6863989535702288,9.204422898212146
1.0986122886681098,1.0986122886681098,3.4965075614664802,1.667706820558076,9.472012088995733
1.0986122886681098,0.6931471805599453,2.833213344056216,1.5686159179138452,9.210440366976517
1.0986122886681098,1.6094379124341003,4.174387269895637,1.6863989535702288,9.663134259490725
1.0986122886681098,1.6094379124341003,4.174387269895637,1.667706820558076,9.798182590890704
1.0986122886681098,1.3862943611198906,2.833213344056216,1.6486586255873816,9.433563920090563
1.0986122886681098,1.3862943611198906,2.833213344056216,1.6486586255873816,9.433563920090563
1.0986122886681098,2.1972245773362196,4.859812404361672,1.6863989535702288,9.851720461714246
1.0986122886681098,2.1972245773362196,4.859812404361672,1.6863989535702288,9.851720461714246
1.0986122886681098,1.3862943611198906,3.4965075614664802,1.6486586255873816,9.798182590890704
1.0986122886681098,1.9459101490553132,4.859812404361672,1.667706820558076,9.532423871145296
1.0986122886681098,1.9459101490553132,4.859812404361672,1.667706820558076,9.539644119118783
1.0986122886681098,2.1972245773362196,4.859812404361672,1.667706820558076,9.679781342959442
1.0986122886681098,1.6094379124341003,4.859812404361672,1.667706820558076,9.615205300012315
1.0986122886681098,2.1972245773362196,4.859812404361672,1.6863989535702288,10.161612072745584
1.0986122886681098,1.6094379124341003,4.174387269895637,1.656912476933601,9.509778075438817
1.0986122886681098,1.0986122886681098,3.4965075614664802,1.667706820558076,9.472012088995733
1.0986122886681098,1.0986122886681098,3.4965075614664802,1.667706820558076,9.046762057999363
1.0986122886681098,1.6094379124341003,4.174387269895637,1.6863989535702288,9.660013734748668
1.0986122886681098,1.0986122886681098,2.833213344056216,1.6486586255873816,9.210440366976517
1.0986122886681098,1.9459101490553132,4.174387269895637,1.7047480922384253,9.903037451255743
1.0986122886681098,1.3862943611198906,3.4965075614664802,1.667706820558076,9.392745258631441
1.0986122886681098,1.9459101490553132,4.174387269895637,1.7047480922384253,9.959442464680574
1.0986122886681098,1.3862943611198906,3.4965075614664802,1.6863989535702288,9.615538777855802
1.0986122886681098,1.0986122886681098,2.833213344056216,1.6863989535702288,9.15915233520675
1.0986122886681098,1.9459101490553132,4.174387269895637,1.7047480922384253,9.959442464680574
1.0986122886681098,1.3862943611198906,3.4965075614664802,1.6863989535702288,9.528866827722945
1.0986122886681098,1.3862943611198906,3.4965075614664802,1.6863989535702288,9.472012088995733
1.0986122886681098,1.3862943611198906,3.4965075614664802,1.667706820558076,9.472012088995733
1.0986122886681098,1.0986122886681098,2.833213344056216,1.6863989535702288,9.15915233520675
1.0986122886681098,1.6094379124341003,3.4965075614664802,1.6863989535702288,9.61587214452889
1.0986122886681098,1.6094379124341003,3.4965075614664802,1.6863989535702288,9.61587214452889
1.0986122886681098,1.9459101490553132,4.859812404361672,1.656912476933601,9.903037451255743
1.0986122886681098,1.9459101490553132,4.859812404361672,1.656912476933601,9.903037451255743
1.0986122886681098,1.6094379124341003,3.4965075614664802,1.6863989535702288,9.510519035757246
1.0986122886681098,1.6094379124341003,4.174387269895637,1.6863989535702288,9.679781342959442
1.0986122886681098,1.9459101490553132,4.859812404361672,1.667706820558076,9.740439071085758
1.0986122886681098,1.3862943611198906,3.4965075614664802,1.667706820558076,9.258273025731485
1.0986122886681098,2.1972245773362196,4.859812404361672,1.667706820558076,10.042858113983936
1.0986122886681098,2.1972245773362196,4.859812404361672,1.667706820558076,10.042858113983936
1.0986122886681098,1.6094379124341003,4.859812404361672,1.667706820558076,9.509703949201802
1.0986122886681098,1.0986122886681098,3.4965075614664802,1.6094379124341003,9.103979355984773
1.0986122886681098,1.6094379124341003,4.859812404361672,1.6863989535702288,9.615205300012315
1.0986122886681098,1.6094379124341003,4.859812404361672,1.656912476933601,9.825039406206987
1.0986122886681098,2.1972245773362196,5.54907608489522,1.6863989535702288,10.239638308916676
1.0986122886681098,1.3862943611198906,4.174387269895637,1.667706820558076,9.3048320350689
1.0986122886681098,1.0986122886681098,3.4965075614664802,1.667706820558076,8.986071187374463
1.0986122886681098,2.1972245773362196,4.859812404361672,1.667706820558076,9.951849053414007
1.0986122886681098,2.1972245773362196,4.859812404361672,1.667706820558076,9.951849053414007
1.0986122886681098,1.6094379124341003,4.859812404361672,1.6863989535702288,9.615205300012315
1.0986122886681098,1.6094379124341003,4.174387269895637,1.6863989535702288,9.3048320350689
1.0986122886681098,1.9459101490553132,4.174387269895637,1.6863989535702288,9.615205300012315
1.0986122886681098,1.6094379124341003,4.174387269895637,1.6863989535702288,9.3048320350689
1.0986122886681098,1.0986122886681098,2.833213344056216,1.6486586255873816,9.209439966733019
1.0986122886681098,1.6094379124341003,4.174387269895637,1.667706820558076,9.546169544733285
1.0986122886681098,1.3862943611198906,4.174387269895637,1.667706820558076,9.3048320350689
1.0986122886681098,1.3862943611198906,4.174387269895637,1.6863989535702288,9.615205300012315
1.0986122886681098,1.6094379124341003,4.174387269895637,1.667706820558076,9.740439071085758
1.0986122886681098,1.6094379124341003,3.4965075614664802,1.6863989535702288,9.903037451255743
1.0986122886681098,1.9459101490553132,4.174387269895637,1.667706820558076,10.126271039034782
1.0986122886681098,1.3862943611198906,2.833213344056216,1.6863989535702288,9.3048320350689
1.0986122886681098,0.6931471805599453,2.833213344056216,1.5686159179138452,9.046762057999363
1.0986122886681098,1.6094379124341003,4.174387269895637,1.6863989535702288,9.615205300012315
1.0986122886681098,1.9459101490553132,4.174387269895637,1.667706820558076,9.546169544733285
1.0986122886681098,2.1972245773362196,4.859812404361672,1.6486586255873816,10.34158118013602
1.0986122886681098,1.6094379124341003,4.174387269895637,1.6863989535702288,9.3048320350689
1.0986122886681098,1.6094379124341003,4.174387269895637,1.7047480922384253,9.792053072089823
1.0986122886681098,1.6094379124341003,4.174387269895637,1.667706820558076,9.951849053414007
1.0986122886681098,1.3862943611198906,3.4965075614664802,1.6486586255873816,9.615205300012315
1.0986122886681098,1.6094379124341003,4.859812404361672,1.6863989535702288,9.472012088995733
1.0986122886681098,1.6094379124341003,4.859812404361672,1.6863989535702288,9.472012088995733
1.0986122886681098,1.9459101490553132,4.174387269895637,1.667706820558076,10.042858113983936
1.0986122886681098,1.9459101490553132,4.174387269895637,1.667706820558076,10.042858113983936
1.0986122886681098,1.6094379124341003,4.174387269895637,1.667706820558076,10.341452118734878
1.0986122886681098,1.6094379124341003,4.174387269895637,1.6863989535702288,10.042858113983936
1.0986122886681098,2.1972245773362196,4.859812404361672,1.667706820558076,9.998797732340453
1.0986122886681098,1.6094379124341003,4.174387269895637,1.6863989535702288,10.042858113983936
1.0986122886681098,2.1972245773362196,4.859812404361672,1.6863989535702288,10.462846164547514
1.0986122886681098,1.6094379124341003,4.174387269895637,1.6863989535702288,10.042858113983936
1.0986122886681098,2.1972245773362196,4.859812404361672,1.6863989535702288,10.462846164547514
1.0986122886681098,1.6094379124341003,4.174387269895637,1.6863989535702288,10.042858113983936
1.0986122886681098,1.6094379124341003,4.174387269895637,1.667706820558076,9.472012088995733
1.0986122886681098,1.9459101490553132,4.859812404361672,1.7047480922384253,9.615205300012315
1.0986122886681098,1.9459101490553132,4.859812404361672,1.7047480922384253,9.79762691183662
1.0986122886681098,0.6931471805599453,2.833213344056216,1.3862943611198906,9.973619774716505
1.0986122886681098,1.9459101490553132,4.859812404361672,1.6863989535702288,9.79762691183662
1.0986122886681098,1.6094379124341003,4.859812404361672,1.6863989535702288,9.546169544733285
1.0986122886681098,2.1972245773362196,4.859812404361672,1.667706820558076,9.679781342959442
1.0986122886681098,0.6931471805599453,2.833213344056216,1.3862943611198906,10.126271039034782
1.0986122886681098,1.9459101490553132,4.174387269895637,1.7047480922384253,9.740439071085758
1.0986122886681098,1.9459101490553132,4.174387269895637,1.7047480922384253,9.734536214680345
1.0986122886681098,2.1972245773362196,4.859812404361672,1.6486586255873816,10.308952660644293
1.0986122886681098,2.1972245773362196,4.859812404361672,1.667706820558076,9.679781342959442
1.0986122886681098,1.6094379124341003,4.859812404361672,1.667706820558076,9.509703949201802
1.0986122886681098,1.6094379124341003,4.859812404361672,1.667706820558076,9.509703949201802
1.0986122886681098,1.3862943611198906,2.833213344056216,1.6863989535702288,9.3048320350689
1.0986122886681098,1.3862943611198906,3.4965075614664802,1.667706820558076,9.79762691183662
1.0986122886681098,1.3862943611198906,3.4965075614664802,1.667706820558076,9.79762691183662
1.0986122886681098,1.9459101490553132,4.859812404361672,1.6863989535702288,9.79762691183662
1.0986122886681098,1.6094379124341003,4.174387269895637,1.6863989535702288,10.042858113983936
1.0986122886681098,1.6094379124341003,4.174387269895637,1.6863989535702288,10.042858113983936
1.0986122886681098,1.6094379124341003,4.174387269895637,1.6863989535702288,10.042858113983936
1.0986122886681098,2.1972245773362196,5.54907608489522,1.7227665977411035,11.0184815912866
1.0986122886681098,0.6931471805599453,2.833213344056216,1.5686159179138452,8.517193191416238
1.0986122886681098,1.9459101490553132,4.859812404361672,1.7047480922384253,10.239638308916676
1.0986122886681098,1.3862943611198906,2.833213344056216,1.62924053973028,9.663960521971394
1.0986122886681098,2.1972245773362196,5.54907608489522,1.6863989535702288,10.571086129249698
1.0986122886681098,1.9459101490553132,4.859812404361672,1.7047480922384253,10.239638308916676
1.0986122886681098,0.6931471805599453,2.833213344056216,1.5686159179138452,8.517193191416238
1.0986122886681098,2.1972245773362196,4.859812404361672,1.547562508716013,10.571316925111784
1.0986122886681098,1.0986122886681098,3.4965075614664802,1.6094379124341003,9.158099260130491
1.0986122886681098,1.9459101490553132,4.859812404361672,1.656912476933601,10.239638308916676
1.0986122886681098,2.1972245773362196,4.859812404361672,1.6863989535702288,9.851720461714246
1.0986122886681098,1.9459101490553132,4.859812404361672,1.7047480922384253,10.571086129249698
1.0986122886681098,1.6094379124341003,4.859812404361672,1.6863989535702288,9.546169544733285
1.0986122886681098,2.5649493574615367,5.54907608489522,1.6863989535702288,10.645210588588755
1.0986122886681098,1.0986122886681098,2.833213344056216,1.6486586255873816,9.209439966733019
1.0986122886681098,1.3862943611198906,3.4965075614664802,1.6486586255873816,9.472012088995733
1.0986122886681098,1.6094379124341003,4.174387269895637,1.6094379124341003,10.122663242288953
1.0986122886681098,1.3862943611198906,3.4965075614664802,1.6863989535702288,9.509778075438817
1.0986122886681098,1.9459101490553132,4.859812404361672,1.7047480922384253,9.79762691183662
1.0986122886681098,1.6094379124341003,4.174387269895637,1.667706820558076,9.851720461714246
1.0986122886681098,1.6094379124341003,4.174387269895637,1.667706820558076,9.851720461714246
1.0986122886681098,1.6094379124341003,4.174387269895637,1.667706820558076,9.851720461714246
1.0986122886681098,1.9459101490553132,4.859812404361672,1.7047480922384253,10.571086129249698
1.0986122886681098,2.1972245773362196,5.54907608489522,1.6863989535702288,10.645210588588755
1.0986122886681098,2.1972245773362196,5.54907608489522,1.6863989535702288,10.645210588588755
1.0986122886681098,1.0986122886681098,2.833213344056216,1.6486586255873816,9.209439966733019
1.0986122886681098,2.1972245773362196,5.54907608489522,1.6863989535702288,10.571086129249698
1.0986122886681098,1.0986122886681098,2.833213344056216,1.410986973710262,9.209439966733019
1.0986122886681098,1.9459101490553132,4.859812404361672,1.7047480922384253,9.998388557730848
1.3862943611198906,1.9459101490553132,4.859812404361672,1.7404661748405046,10.950648639613158
1.3862943611198906,1.3862943611198906,3.4965075614664802,1.589235205116581,9.472704636443673
1.3862943611198906,1.6094379124341003,4.859812404361672,1.589235205116581,9.740968623038354
1.3862943611198906,1.6094379124341003,4.859812404361672,1.589235205116581,9.798127036878302
1.3862943611198906,1.3862943611198906,3.4965075614664802,1.589235205116581,9.546812608597396
1.0986122886681098,2.1972245773362196,4.859812404361672,1.6863989535702288,10.462846164547514
1.0986122886681098,2.1972245773362196,4.859812404361672,1.6863989535702288,10.462846164547514
1.0986122886681098,2.1972245773362196,5.54907608489522,1.6863989535702288,10.54510456855174
1.0986122886681098,2.1972245773362196,5.54907608489522,1.6863989535702288,10.54510456855174
1.0986122886681098,2.5649493574615367,5.54907608489522,1.6863989535702288,10.596409707779776
1.6094379124341003,1.9459101490553132,4.859812404361672,1.7047480922384253,10.373491181781864
1.6094379124341003,1.6094379124341003,4.174387269895637,1.7047480922384253,10.714417768752456
1.6094379124341003,1.6094379124341003,4.174387269895637,1.7047480922384253,11.156250521031495
1.6094379124341003,1.6094379124341003,4.174387269895637,1.7047480922384253,10.714417768752456
1.6094379124341003,1.6094379124341003,4.174387269895637,1.7047480922384253,11.170449240431308
1.6094379124341003,1.6094379124341003,4.174387269895637,1.7047480922384253,11.170449240431308
1.6094379124341003,1.6094379124341003,4.859812404361672,1.7047480922384253,11.289794413577894
1.6094379124341003,1.6094379124341003,4.174387269895637,1.7227665977411035,11.326607934898927
1.6094379124341003,1.6094379124341003,4.174387269895637,1.7227665977411035,11.326607934898927
1.6094379124341003,1.6094379124341003,4.859812404361672,1.7227665977411035,11.429554725537322
1.6094379124341003,1.6094379124341003,4.859812404361672,1.7047480922384253,11.289794413577894
1.6094379124341003,1.6094379124341003,4.859812404361672,1.7047480922384253,11.289794413577894
1.6094379124341003,1.6094379124341003,4.859812404361672,1.7227665977411035,11.429554725537322
1.6094379124341003,1.6094379124341003,4.174387269895637,1.7227665977411035,11.326607934898927
1.6094379124341003,1.6094379124341003,4.174387269895637,1.7047480922384253,10.596634733096073
1.6094379124341003,1.6094379124341003,4.859812404361672,1.7047480922384253,11.23850177707664
1.6094379124341003,1.6094379124341003,4.859812404361672,1.7227665977411035,11.314486721293981
1.6094379124341003,1.6094379124341003,4.174387269895637,1.7227665977411035,11.0186455364637
1.6094379124341003,1.6094379124341003,4.859812404361672,1.7227665977411035,11.429554725537322
1.6094379124341003,1.6094379124341003,4.859812404361672,1.7227665977411035,11.156264806643742
1.6094379124341003,1.6094379124341003,4.859812404361672,1.6863989535702288,11.097425172408931
1.6094379124341003,1.6094379124341003,3.4965075614664802,1.6863989535702288,10.950824090522445
1.6094379124341003,1.6094379124341003,4.859812404361672,1.7227665977411035,11.156264806643742
1.6094379124341003,1.6094379124341003,4.174387269895637,1.7047480922384253,10.596634733096073
1.0986122886681098,1.3862943611198906,3.4965075614664802,1.6094379124341003,8.947806093057054
1.0986122886681098,1.9459101490553132,4.859812404361672,1.6863989535702288,10.714217748749789
1.0986122886681098,1.3862943611198906,4.174387269895637,1.6094379124341003,9.209439966733019
1.0986122886681098,0.6931471805599453,2.1972245773362196,1.6486586255873816,9.650722071987907
1.0986122886681098,1.6094379124341003,4.174387269895637,1.6094379124341003,9.210340371976184
1.0986122886681098,1.6094379124341003,4.859812404361672,1.62924053973028,9.305650551780507
1.0986122886681098,1.3862943611198906,4.174387269895637,1.589235205116581,9.3048320350689
1.0986122886681098,1.9459101490553132,4.859812404361672,1.6863989535702288,10.714217748749789
1.0986122886681098,1.6094379124341003,4.174387269895637,1.6094379124341003,9.210340371976184
1.0986122886681098,1.6094379124341003,4.174387269895637,1.5686159179138452,9.615805480084347
1.0986122886681098,1.6094379124341003,4.174387269895637,1.5686159179138452,9.530683226667511
1.0986122886681098,1.0986122886681098,2.833213344056216,1.62924053973028,8.68270762989381
1.0986122886681098,1.0986122886681098,2.833213344056216,1.6094379124341003,8.987196820661973
1.0986122886681098,1.3862943611198906,3.4965075614664802,1.589235205116581,8.85366542803745
1.0986122886681098,1.6094379124341003,4.174387269895637,1.5686159179138452,9.546741177474825
1.0986122886681098,1.0986122886681098,2.833213344056216,1.6094379124341003,8.961879012677683
1.0986122886681098,1.6094379124341003,4.174387269895637,1.6094379124341003,9.259130536145614
1.0986122886681098,1.6094379124341003,4.174387269895637,1.6094379124341003,10.085850775128717
1.0986122886681098,1.3862943611198906,3.4965075614664802,1.547562508716013,8.895629627136483
1.0986122886681098,1.3862943611198906,3.4965075614664802,1.589235205116581,9.035986984831405
1.0986122886681098,1.6094379124341003,4.174387269895637,1.5686159179138452,9.468928284223587
1.0986122886681098,1.9459101490553132,4.859812404361672,1.6863989535702288,10.915106645867503
1.0986122886681098,1.0986122886681098,2.833213344056216,1.62924053973028,9.472704636443673
1.0986122886681098,1.3862943611198906,4.174387269895637,1.589235205116581,9.3048320350689
1.0986122886681098,0.6931471805599453,2.1972245773362196,1.4816045409242156,8.517393171418904
1.0986122886681098,1.6094379124341003,4.174387269895637,1.5686159179138452,9.456497077599392
1.0986122886681098,1.6094379124341003,4.174387269895637,1.6486586255873816,10.281923988256374
1.0986122886681098,1.9459101490553132,4.859812404361672,1.6863989535702288,10.239638308916676
1.0986122886681098,1.9459101490553132,4.859812404361672,1.6863989535702288,11.002116507732017
1.0986122886681098,1.0986122886681098,2.833213344056216,1.6094379124341003,9.209439966733019
1.0986122886681098,1.0986122886681098,2.833213344056216,1.7047480922384253,10.177324218165856
1.0986122886681098,1.6094379124341003,4.174387269895637,1.6863989535702288,10.819798284210286
1.0986122886681098,1.6094379124341003,4.174387269895637,1.6863989535702288,10.819798284210286
1.6094379124341003,1.0986122886681098,2.833213344056216,1.667706820558076,10.165505603232393
1.0986122886681098,1.6094379124341003,3.4965075614664802,1.6094379124341003,10.87787736679393
1.0986122886681098,1.6094379124341003,4.174387269895637,1.589235205116581,9.903037451255743
1.0986122886681098,0.6931471805599453,2.1972245773362196,1.547562508716013,9.433563920090563
1.0986122886681098,1.9459101490553132,4.859812404361672,1.6486586255873816,10.308952660644293
1.0986122886681098,1.6094379124341003,4.859812404361672,1.5686159179138452,9.159047077588632
1.0986122886681098,1.6094379124341003,4.174387269895637,1.6094379124341003,9.047821442478408
1.0986122886681098,2.1972245773362196,4.859812404361672,1.6486586255873816,10.308952660644293
1.0986122886681098,1.9459101490553132,4.859812404361672,1.547562508716013,9.259130536145614
1.0986122886681098,1.9459101490553132,4.859812404361672,1.6863989535702288,10.915106645867503
1.0986122886681098,0.6931471805599453,1.6094379124341003,1.6094379124341003,9.45657525451379
1.0986122886681098,1.0986122886681098,2.833213344056216,1.5686159179138452,8.648221453822641
1.0986122886681098,1.3862943611198906,2.833213344056216,1.7047480922384253,10.645948569648995
1.0986122886681098,1.3862943611198906,3.4965075614664802,1.589235205116581,9.210340371976184
1.0986122886681098,1.6094379124341003,4.859812404361672,1.667706820558076,10.308952660644293
1.0986122886681098,1.6094379124341003,4.859812404361672,1.667706820558076,10.308952660644293
1.0986122886681098,1.0986122886681098,2.833213344056216,1.7047480922384253,10.37261579874591
1.0986122886681098,1.3862943611198906,3.4965075614664802,1.5686159179138452,9.90353755128617
1.0986122886681098,1.3862943611198906,3.4965075614664802,1.6094379124341003,9.740439071085758
1.0986122886681098,1.6094379124341003,4.174387269895637,1.6486586255873816,10.042858113983936
1.0986122886681098,1.0986122886681098,2.833213344056216,1.62924053973028,8.922658299524402
1.0986122886681098,1.0986122886681098,2.833213344056216,1.62924053973028,9.209439966733019
1.0986122886681098,2.1972245773362196,4.859812404361672,1.6486586255873816,10.308952660644293
1.0986122886681098,1.6094379124341003,4.174387269895637,1.62924053973028,10.341452118734878
1.0986122886681098,1.9459101490553132,4.859812404361672,1.6863989535702288,10.915106645867503
1.0986122886681098,1.0986122886681098,2.833213344056216,1.6094379124341003,8.850947451970402
1.0986122886681098,1.3862943611198906,3.4965075614664802,1.6094379124341003,9.740439071085758
1.0986122886681098,1.3862943611198906,3.4965075614664802,1.6094379124341003,9.740439071085758
1.0986122886681098,1.3862943611198906,3.4965075614664802,1.4586150226995167,9.209439966733019
1.0986122886681098,1.0986122886681098,2.833213344056216,1.6094379124341003,9.047821442478408
1.0986122886681098,1.3862943611198906,2.833213344056216,1.62924053973028,9.564582358673212
1.6094379124341003,1.0986122886681098,3.4965075614664802,1.667706820558076,10.30865261563529
1.6094379124341003,1.0986122886681098,2.833213344056216,1.667706820558076,10.165505603232393
1.0986122886681098,1.6094379124341003,4.174387269895637,1.589235205116581,9.903037451255743
1.0986122886681098,0.9162907318741551,2.1972245773362196,1.62924053973028,8.79346036105272
1.0986122886681098,0.6931471805599453,2.1972245773362196,1.5686159179138452,9.680344001221918
1.0986122886681098,1.9459101490553132,4.859812404361672,1.656912476933601,10.308952660644293
1.0986122886681098,1.6094379124341003,4.174387269895637,1.589235205116581,9.903037451255743
1.0986122886681098,1.3862943611198906,3.4965075614664802,1.6094379124341003,10.491024186183038
1.0986122886681098,1.3862943611198906,3.4965075614664802,1.6094379124341003,10.491024186183038
1.0986122886681098,1.0986122886681098,2.833213344056216,1.62924053973028,9.210340371976184
1.0986122886681098,1.3862943611198906,2.833213344056216,1.5686159179138452,9.209439966733019
1.6094379124341003,1.0986122886681098,2.833213344056216,1.7047480922384253,10.142543822310387
1.0986122886681098,1.0986122886681098,2.833213344056216,1.62924053973028,9.03013657115323
1.0986122886681098,0.6931471805599453,2.1972245773362196,1.589235205116581,8.853808274977197
1.0986122886681098,0.6931471805599453,2.833213344056216,1.5260563034950492,8.853808274977197
1.0986122886681098,1.0986122886681098,2.833213344056216,1.5040773967762742,9.210340371976184
1.0986122886681098,1.6094379124341003,4.174387269895637,1.6486586255873816,10.357457069703907
1.0986122886681098,1.0986122886681098,2.833213344056216,1.62924053973028,9.105090961257085
1.0986122886681098,1.6094379124341003,3.4965075614664802,1.6094379124341003,10.043249494911286
1.0986122886681098,1.3862943611198906,3.4965075614664802,1.589235205116581,9.011889433252344
1.6094379124341003,1.0986122886681098,2.833213344056216,1.7047480922384253,9.392745258631441
1.0986122886681098,1.3862943611198906,3.4965075614664802,1.6094379124341003,10.165851817003619
1.0986122886681098,1.6094379124341003,4.174387269895637,1.6486586255873816,10.126591103050316
1.0986122886681098,1.6094379124341003,4.174387269895637,1.6486586255873816,10.301961613455438
1.0986122886681098,1.6094379124341003,3.4965075614664802,1.6094379124341003,10.165851817003619
1.0986122886681098,0.6931471805599453,1.6094379124341003,1.547562508716013,9.558388209214396
1.0986122886681098,0.6931471805599453,2.1972245773362196,1.62924053973028,9.546169544733285
1.0986122886681098,1.3862943611198906,3.4965075614664802,1.4586150226995167,9.72859830755947
1.0986122886681098,1.3862943611198906,3.4965075614664802,1.4586150226995167,9.740792136877351
1.0986122886681098,1.6094379124341003,4.174387269895637,1.4350845252893227,9.952230096524119
1.0986122886681098,1.6094379124341003,4.174387269895637,1.4350845252893227,9.95237295026594
1.0986122886681098,1.0986122886681098,2.833213344056216,1.6094379124341003,8.986071187374463
1.0986122886681098,1.6094379124341003,4.174387269895637,1.4350845252893227,9.380083146563278
1.0986122886681098,0.6931471805599453,2.1972245773362196,1.5686159179138452,8.987321812850125
1.0986122886681098,0.6931471805599453,2.1972245773362196,1.5686159179138452,8.987321812850125
1.0986122886681098,1.3862943611198906,3.4965075614664802,1.6094379124341003,10.328787967145063
1.3862943611198906,2.1972245773362196,4.859812404361672,1.667706820558076,10.819778284410283
1.3862943611198906,2.5649493574615367,4.859812404361672,1.6863989535702288,10.819778284410283
1.3862943611198906,1.6094379124341003,4.174387269895637,1.667706820558076,9.655026193237628
1.3862943611198906,1.0986122886681098,2.833213344056216,1.62924053973028,8.987196820661973
1.3862943611198906,2.1972245773362196,4.859812404361672,1.6863989535702288,10.757902880692196
1.3862943611198906,1.3862943611198906,3.4965075614664802,1.667706820558076,9.472704636443673
1.3862943611198906,1.9459101490553132,4.859812404361672,1.7047480922384253,10.499573020252942
1.3862943611198906,1.6094379124341003,4.174387269895637,1.667706820558076,9.655026193237628
1.3862943611198906,1.9459101490553132,4.174387269895637,1.667706820558076,10.491274217438248
1.3862943611198906,1.6094379124341003,4.174387269895637,1.667706820558076,9.655026193237628
1.3862943611198906,0.6931471805599453,2.1972245773362196,1.589235205116581,8.575462099540212
1.3862943611198906,1.6094379124341003,4.174387269895637,1.667706820558076,9.615805480084347
1.3862943611198906,1.9459101490553132,4.859812404361672,1.7047480922384253,10.499573020252942
1.3862943611198906,1.0986122886681098,3.4965075614664802,1.547562508716013,8.85366542803745
1.3862943611198906,1.0986122886681098,2.833213344056216,1.5686159179138452,9.104979856318357
1.3862943611198906,0.6931471805599453,2.1972245773362196,1.547562508716013,8.575462099540212
1.3862943611198906,0.6931471805599453,2.1972245773362196,1.5686159179138452,8.575462099540212
1.3862943611198906,1.6094379124341003,4.174387269895637,1.667706820558076,9.615805480084347
1.3862943611198906,1.0986122886681098,2.833213344056216,1.6486586255873816,8.881836305004146
1.3862943611198906,1.3862943611198906,3.4965075614664802,1.667706820558076,9.472704636443673
1.3862943611198906,1.3862943611198906,3.4965075614664802,1.62924053973028,9.305650551780507
1.3862943611198906,1.9459101490553132,4.174387269895637,1.667706820558076,9.798127036878302
1.3862943611198906,1.9459101490553132,4.859812404361672,1.667706820558076,10.571316925111784
1.3862943611198906,0.6931471805599453,2.1972245773362196,1.5686159179138452,8.648221453822641
1.3862943611198906,2.1972245773362196,4.859812404361672,1.7227665977411035,10.621327345686446
1.3862943611198906,1.0986122886681098,2.833213344056216,1.5686159179138452,9.047821442478408
1.3862943611198906,1.0986122886681098,2.833213344056216,1.6094379124341003,8.85366542803745
1.3862943611198906,2.5649493574615367,5.54907608489522,1.7047480922384253,10.968198289528557
1.3862943611198906,1.0986122886681098,2.833213344056216,1.6486586255873816,8.881836305004146
1.3862943611198906,1.3862943611198906,3.4965075614664802,1.667706820558076,9.680344001221918
1.3862943611198906,0.6931471805599453,2.1972245773362196,1.589235205116581,8.575462099540212
1.3862943611198906,0.6931471805599453,2.1972245773362196,1.547562508716013,8.575462099540212
1.3862943611198906,1.0986122886681098,2.833213344056216,1.5260563034950492,8.67265729404031
1.3862943611198906,2.5649493574615367,5.54907608489522,1.6863989535702288,10.968198289528557
1.3862943611198906,0.6931471805599453,2.1972245773362196,1.5686159179138452,8.648221453822641
1.3862943611198906,0.6931471805599453,2.1972245773362196,1.5686159179138452,8.748304912379623
1.3862943611198906,0.6931471805599453,2.1972245773362196,1.5686159179138452,8.648221453822641
1.3862943611198906,1.0986122886681098,2.833213344056216,1.547562508716013,8.515391569469609
1.3862943611198906,1.0986122886681098,2.1972245773362196,1.6094379124341003,8.515391569469609
1.3862943611198906,0.6931471805599453,2.1972245773362196,1.547562508716013,8.575462099540212
1.3862943611198906,0.6931471805599453,2.1972245773362196,1.5686159179138452,8.748304912379623
1.3862943611198906,0.6931471805599453,2.1972245773362196,1.5686159179138452,8.748304912379623
1.3862943611198906,0.6931471805599453,2.1972245773362196,1.5686159179138452,8.444622498581403
1.3862943611198906,2.5649493574615367,5.54907608489522,1.7047480922384253,10.968198289528557
1.3862943611198906,2.1972245773362196,5.54907608489522,1.667706820558076,10.691944912900398
1.3862943611198906,2.1972245773362196,5.54907608489522,1.7047480922384253,10.691944912900398
1.3862943611198906,1.9459101490553132,4.174387269895637,1.667706820558076,10.491274217438248
1.3862943611198906,1.3862943611198906,3.4965075614664802,1.62924053973028,9.581903928408666
1.3862943611198906,1.0986122886681098,2.833213344056216,1.62924053973028,8.852378886511985
1.3862943611198906,1.0986122886681098,2.833213344056216,1.5260563034950492,8.517193191416238
1.3862943611198906,1.9459101490553132,4.174387269895637,1.667706820558076,9.798127036878302
1.3862943611198906,1.3862943611198906,3.4965075614664802,1.667706820558076,9.487972108574462
1.3862943611198906,0.6931471805599453,2.1972245773362196,1.5260563034950492,8.495152060539358
1.3862943611198906,0.6931471805599453,2.1972245773362196,1.5260563034950492,8.495152060539358
1.3862943611198906,1.0986122886681098,2.833213344056216,1.6094379124341003,8.411832675758411
1.3862943611198906,1.0986122886681098,3.4965075614664802,1.5686159179138452,8.895766604056085
1.3862943611198906,1.0986122886681098,3.4965075614664802,1.5686159179138452,8.922658299524402
1.3862943611198906,2.1972245773362196,4.859812404361672,1.667706820558076,10.819778284410283
1.3862943611198906,1.6094379124341003,4.174387269895637,1.6094379124341003,9.169518377455928
1.3862943611198906,0.6931471805599453,2.1972245773362196,1.5260563034950492,8.495152060539358
1.3862943611198906,1.3862943611198906,3.4965075614664802,1.667706820558076,9.472704636443673
1.3862943611198906,2.1972245773362196,4.859812404361672,1.667706820558076,10.184900011974314
1.3862943611198906,1.3862943611198906,3.4965075614664802,1.6486586255873816,9.169518377455928
1.3862943611198906,1.3862943611198906,3.4965075614664802,1.6094379124341003,9.798127036878302
1.3862943611198906,0.6931471805599453,2.1972245773362196,1.5260563034950492,8.493105395887147
1.3862943611198906,2.1972245773362196,5.54907608489522,1.667706820558076,10.691944912900398
1.3862943611198906,1.9459101490553132,4.174387269895637,1.667706820558076,9.798127036878302
1.3862943611198906,1.6094379124341003,4.174387269895637,1.667706820558076,9.655026193237628
1.3862943611198906,1.3862943611198906,2.833213344056216,1.6094379124341003,9.546812608597396
1.3862943611198906,1.3862943611198906,2.833213344056216,1.6094379124341003,9.210340371976184
1.3862943611198906,1.3862943611198906,3.4965075614664802,1.667706820558076,9.487972108574462
1.3862943611198906,1.3862943611198906,2.833213344056216,1.6094379124341003,9.210340371976184
1.3862943611198906,1.3862943611198906,3.4965075614664802,1.6486586255873816,9.169518377455928
1.3862943611198906,1.3862943611198906,3.4965075614664802,1.6094379124341003,9.798127036878302
1.3862943611198906,1.0986122886681098,2.833213344056216,1.589235205116581,9.680344001221918
1.3862943611198906,1.0986122886681098,2.833213344056216,1.589235205116581,9.680344001221918
1.3862943611198906,1.3862943611198906,3.4965075614664802,1.62924053973028,9.305650551780507
1.3862943611198906,1.6094379124341003,4.174387269895637,1.667706820558076,9.615805480084347
1.3862943611198906,1.3862943611198906,3.4965075614664802,1.62924053973028,9.305650551780507
1.3862943611198906,1.9459101490553132,4.174387269895637,1.667706820558076,9.903487552536127
1.3862943611198906,2.1972245773362196,5.54907608489522,1.667706820558076,10.691944912900398
1.3862943611198906,1.0986122886681098,2.833213344056216,1.62924053973028,8.922658299524402
1.3862943611198906,2.1972245773362196,5.54907608489522,1.7047480922384253,10.691944912900398
1.3862943611198906,1.9459101490553132,4.859812404361672,1.667706820558076,10.571316925111784
1.3862943611198906,2.833213344056216,6.240275845170769,1.656912476933601,11.156250521031495
1.3862943611198906,1.0986122886681098,3.4965075614664802,1.62924053973028,9.047821442478408
1.3862943611198906,1.3862943611198906,2.833213344056216,1.6094379124341003,9.546812608597396
1.3862943611198906,1.6094379124341003,4.174387269895637,1.667706820558076,9.798127036878302
1.3862943611198906,1.3862943611198906,3.4965075614664802,1.667706820558076,9.680344001221918
1.3862943611198906,2.5649493574615367,6.240275845170769,1.7227665977411035,11.05089000537367
1.3862943611198906,1.3862943611198906,3.4965075614664802,1.62924053973028,8.986071187374463
1.3862943611198906,1.0986122886681098,3.4965075614664802,1.5686159179138452,8.85366542803745
1.3862943611198906,1.9459101490553132,4.174387269895637,1.7047480922384253,10.404262840448617
1.3862943611198906,1.3862943611198906,3.4965075614664802,1.667706820558076,9.487972108574462
1.3862943611198906,1.9459101490553132,4.174387269895637,1.667706820558076,9.903487552536127
1.3862943611198906,2.9444389791664403,6.240275845170769,1.656912476933601,11.289781913656018
1.3862943611198906,1.0986122886681098,2.833213344056216,1.589235205116581,9.680344001221918
1.3862943611198906,1.6094379124341003,4.174387269895637,1.667706820558076,9.798127036878302
1.3862943611198906,1.0986122886681098,2.833213344056216,1.6094379124341003,8.987196820661973
1.3862943611198906,1.3862943611198906,3.4965075614664802,1.6094379124341003,9.392661928770137
1.3862943611198906,1.6094379124341003,4.174387269895637,1.5260563034950492,10.545341438708522
1.3862943611198906,1.6094379124341003,4.859812404361672,1.5260563034950492,10.545341438708522
1.3862943611198906,1.3862943611198906,3.4965075614664802,1.6094379124341003,8.986071187374463
1.3862943611198906,1.3862943611198906,3.4965075614664802,1.6094379124341003,9.392661928770137
1.3862943611198906,1.0986122886681098,3.4965075614664802,1.62924053973028,8.948975607841776
1.3862943611198906,1.0986122886681098,2.833213344056216,1.589235205116581,9.047821442478408
1.3862943611198906,1.3862943611198906,3.4965075614664802,1.62924053973028,9.07004328643746
1.3862943611198906,1.0986122886681098,2.833213344056216,1.5260563034950492,8.698013622083925
1.3862943611198906,1.3862943611198906,3.4965075614664802,1.6094379124341003,9.581972891547895
1.3862943611198906,1.3862943611198906,2.833213344056216,1.6094379124341003,8.817297783866575
1.3862943611198906,1.0986122886681098,3.4965075614664802,1.62924053973028,8.85366542803745
1.3862943611198906,1.3862943611198906,2.833213344056216,1.6094379124341003,9.43276366396591
1.3862943611198906,1.0986122886681098,2.833213344056216,1.6094379124341003,8.94494150776486
0.0,1.6094379124341003,4.174387269895637,1.6486586255873816,9.082507000466299
0.0,1.0986122886681098,3.4965075614664802,1.667706820558076,8.895629627136483
0.0,1.0986122886681098,3.4965075614664802,1.667706820558076,8.895629627136483
0.0,1.6094379124341003,4.174387269895637,1.6863989535702288,9.615805480084347
0.0,1.6094379124341003,4.174387269895637,1.6863989535702288,9.615805480084347
0.0,1.0986122886681098,3.4965075614664802,1.6863989535702288,8.922658299524402
0.0,1.0986122886681098,3.4965075614664802,1.6863989535702288,8.922658299524402
0.0,1.6094379124341003,4.174387269895637,1.6863989535702288,9.210340371976184
0.0,1.6094379124341003,4.174387269895637,1.6863989535702288,9.210340371976184
0.0,1.6094379124341003,4.174387269895637,1.6486586255873816,9.082507000466299
0.0,1.6094379124341003,4.174387269895637,1.656912476933601,9.546812608597396
0.0,1.9459101490553132,4.859812404361672,1.656912476933601,9.680344001221918
0.0,1.6094379124341003,4.174387269895637,1.656912476933601,9.546812608597396
0.0,1.6094379124341003,4.859812404361672,1.6863989535702288,9.392661928770137
0.0,1.6094379124341003,4.174387269895637,1.6863989535702288,9.305650551780507
0.0,1.6094379124341003,4.859812404361672,1.6863989535702288,9.392661928770137
0.0,1.6094379124341003,4.174387269895637,1.6863989535702288,9.305650551780507
0.0,1.9459101490553132,4.859812404361672,1.7047480922384253,9.798127036878302
0.0,1.9459101490553132,4.859812404361672,1.656912476933601,9.680344001221918
0.0,1.6094379124341003,4.859812404361672,1.656912476933601,9.392661928770137
0.0,1.6094379124341003,4.859812404361672,1.656912476933601,9.392661928770137
0.0,2.1972245773362196,4.859812404361672,1.656912476933601,9.903487552536127
0.0,2.1972245773362196,4.859812404361672,1.656912476933601,9.903487552536127
0.0,1.9459101490553132,4.859812404361672,1.7047480922384253,9.798127036878302
0.0,1.6094379124341003,4.174387269895637,1.6863989535702288,9.210340371976184
0.0,1.6094379124341003,4.174387269895637,1.6863989535702288,9.210340371976184
0.0,1.3862943611198906,3.4965075614664802,1.6863989535702288,9.104979856318357
0.0,1.3862943611198906,3.4965075614664802,1.6863989535702288,9.104979856318357
0.0,1.9459101490553132,4.859812404361672,1.667706820558076,9.740968623038354
0.0,1.9459101490553132,4.859812404361672,1.667706820558076,9.740968623038354
0.0,1.9459101490553132,4.174387269895637,1.667706820558076,9.581903928408666
0.0,1.9459101490553132,4.174387269895637,1.667706820558076,9.581903928408666
0.0,1.6094379124341003,4.174387269895637,1.667706820558076,9.51044496442652
0.0,1.6094379124341003,4.174387269895637,1.667706820558076,9.51044496442652
0.0,1.3862943611198906,3.4965075614664802,1.667706820558076,9.104979856318357
0.0,1.9459101490553132,4.859812404361672,1.667706820558076,9.648595302907339
0.0,1.9459101490553132,4.859812404361672,1.667706820558076,9.648595302907339
0.0,1.6094379124341003,4.859812404361672,1.667706820558076,9.711115659888671
0.0,1.6094379124341003,4.174387269895637,1.667706820558076,9.648595302907339
0.0,1.6094379124341003,4.174387269895637,1.667706820558076,9.648595302907339
0.0,2.1972245773362196,4.859812404361672,1.6863989535702288,9.903487552536127
0.0,2.1972245773362196,4.859812404361672,1.667706820558076,9.825526011066415
0.0,2.1972245773362196,4.859812404361672,1.667706820558076,9.825526011066415
0.0,1.6094379124341003,4.859812404361672,1.667706820558076,9.711115659888671
0.0,1.3862943611198906,3.4965075614664802,1.667706820558076,9.210340371976184
0.0,1.9459101490553132,4.859812404361672,1.667706820558076,9.798127036878302
0.0,2.1972245773362196,4.859812404361672,1.6863989535702288,9.903487552536127
0.0,1.9459101490553132,4.859812404361672,1.667706820558076,9.740968623038354
0.0,1.9459101490553132,4.859812404361672,1.667706820558076,9.740968623038354
0.0,2.1972245773362196,4.859812404361672,1.667706820558076,9.798127036878302
0.0,1.6094379124341003,4.859812404361672,1.667706820558076,9.680344001221918
0.0,2.1972245773362196,4.859812404361672,1.667706820558076,9.798127036878302
0.0,1.3862943611198906,3.4965075614664802,1.6863989535702288,9.104979856318357
0.0,1.3862943611198906,3.4965075614664802,1.6863989535702288,9.104979856318357
0.0,1.0986122886681098,3.4965075614664802,1.6863989535702288,8.922658299524402
0.0,1.0986122886681098,3.4965075614664802,1.6863989535702288,8.922658299524402
0.0,1.9459101490553132,4.174387269895637,1.667706820558076,9.615805480084347
0.0,2.1972245773362196,4.859812404361672,1.667706820558076,9.998797732340453
0.0,1.9459101490553132,4.859812404361672,1.667706820558076,9.903487552536127
0.0,2.1972245773362196,4.859812404361672,1.667706820558076,9.998797732340453
0.0,1.9459101490553132,4.859812404361672,1.667706820558076,9.903487552536127
0.0,1.9459101490553132,4.174387269895637,1.667706820558076,9.740968623038354
0.0,1.9459101490553132,4.174387269895637,1.667706820558076,9.740968623038354
0.0,1.3862943611198906,3.4965075614664802,1.6863989535702288,9.210340371976184
0.0,1.3862943611198906,3.4965075614664802,1.667706820558076,9.392661928770137
0.0,1.6094379124341003,4.174387269895637,1.6863989535702288,9.472704636443673
0.0,1.6094379124341003,4.174387269895637,1.6863989535702288,9.472704636443673
0.0,2.1972245773362196,4.859812404361672,1.667706820558076,9.903487552536127
0.0,2.1972245773362196,4.859812404361672,1.667706820558076,9.903487552536127
0.0,1.6094379124341003,4.174387269895637,1.6863989535702288,9.259130536145614
0.0,2.1972245773362196,4.859812404361672,1.7047480922384253,9.740968623038354
0.0,1.6094379124341003,4.174387269895637,1.667706820558076,9.546812608597396
0.0,1.0986122886681098,4.174387269895637,1.6863989535702288,8.85366542803745
0.0,2.1972245773362196,4.174387269895637,1.667706820558076,10.308952660644293
0.0,2.5649493574615367,4.174387269895637,1.6486586255873816,10.404262840448617
0.0,2.5649493574615367,4.174387269895637,1.6486586255873816,10.404262840448617
0.0,1.9459101490553132,4.174387269895637,1.6863989535702288,9.546812608597396
0.0,1.9459101490553132,4.174387269895637,1.6863989535702288,9.615805480084347
0.0,1.9459101490553132,4.174387269895637,1.667706820558076,9.305650551780507
0.0,1.3862943611198906,4.174387269895637,1.7047480922384253,9.047821442478408
0.0,1.6094379124341003,4.174387269895637,1.6863989535702288,9.472704636443673
0.0,1.6094379124341003,4.174387269895637,1.7047480922384253,9.798127036878302
0.0,1.3862943611198906,4.174387269895637,1.656912476933601,9.305650551780507
0.0,1.6094379124341003,4.174387269895637,1.7047480922384253,9.305650551780507
0.0,1.6094379124341003,4.174387269895637,1.6863989535702288,9.3048320350689
0.0,1.9459101490553132,4.174387269895637,1.667706820558076,9.3048320350689
0.0,1.3862943611198906,4.174387269895637,1.656912476933601,9.391911647379434
0.0,1.3862943611198906,4.174387269895637,1.656912476933601,9.38437770918244
0.0,1.6094379124341003,4.174387269895637,1.7047480922384253,9.798127036878302
0.0,1.0986122886681098,3.4965075614664802,1.6863989535702288,8.922658299524402
0.0,1.0986122886681098,3.4965075614664802,1.6863989535702288,8.922658299524402
0.0,1.6094379124341003,3.4965075614664802,1.6863989535702288,9.433483923290392
0.0,1.6094379124341003,4.174387269895637,1.6863989535702288,9.350102314351341
0.0,1.6094379124341003,4.174387269895637,1.6863989535702288,9.350102314351341
0.0,1.3862943611198906,4.174387269895637,1.7047480922384253,9.209439966733019
0.0,1.3862943611198906,4.174387269895637,1.7047480922384253,9.209439966733019
0.0,2.1972245773362196,4.174387269895637,1.7047480922384253,9.95227771670556
0.0,2.1972245773362196,4.174387269895637,1.7047480922384253,9.95227771670556
0.0,1.6094379124341003,4.859812404361672,1.6863989535702288,9.433483923290392
0.0,1.3862943611198906,4.174387269895637,1.656912476933601,9.104979856318357
0.0,1.3862943611198906,4.174387269895637,1.656912476933601,9.104979856318357
0.0,1.6094379124341003,4.174387269895637,1.667706820558076,9.259130536145614
0.0,1.6094379124341003,4.174387269895637,1.667706820558076,9.259130536145614
0.0,1.3862943611198906,4.174387269895637,1.667706820558076,9.104979856318357
0.0,1.6094379124341003,4.174387269895637,1.6863989535702288,9.305650551780507
0.0,1.6094379124341003,4.174387269895637,1.6863989535702288,9.305650551780507
0.0,1.9459101490553132,4.174387269895637,1.667706820558076,9.798127036878302
0.0,1.6094379124341003,4.174387269895637,1.667706820558076,9.680344001221918
0.0,1.3862943611198906,4.174387269895637,1.667706820558076,9.210340371976184
0.0,2.1972245773362196,4.174387269895637,1.6863989535702288,9.903487552536127
0.0,1.9459101490553132,4.174387269895637,1.667706820558076,9.798127036878302
0.0,1.3862943611198906,3.4965075614664802,1.6863989535702288,9.047821442478408
0.0,1.6094379124341003,4.859812404361672,1.667706820558076,9.615805480084347
0.0,1.9459101490553132,4.174387269895637,1.7047480922384253,9.615805480084347
0.0,1.6094379124341003,4.174387269895637,1.6863989535702288,9.259130536145614
0.0,2.1972245773362196,4.859812404361672,1.667706820558076,10.239959789157341
0.0,2.5649493574615367,5.54907608489522,1.667706820558076,10.778956289890028
0.0,1.9459101490553132,4.859812404361672,1.6863989535702288,10.126631103850338
0.0,2.1972245773362196,4.859812404361672,1.667706820558076,10.545341438708522
0.0,2.1972245773362196,4.859812404361672,1.667706820558076,10.645424897265505
0.0,2.5649493574615367,5.54907608489522,1.667706820558076,10.778956289890028
0.0,2.1972245773362196,4.859812404361672,1.667706820558076,10.645424897265505
0.0,2.1972245773362196,4.859812404361672,1.7047480922384253,9.740968623038354
0.0,1.6094379124341003,4.174387269895637,1.7047480922384253,9.546812608597396
0.0,2.1972245773362196,5.54907608489522,1.667706820558076,10.308952660644293
0.0,1.0986122886681098,2.833213344056216,1.6863989535702288,8.779557455883728
0.0,2.5649493574615367,5.54907608489522,1.667706820558076,10.645424897265505
0.0,1.9459101490553132,4.174387269895637,1.6863989535702288,9.615805480084347
0.0,2.1972245773362196,4.859812404361672,1.6863989535702288,10.165851817003619
0.0,1.3862943611198906,3.4965075614664802,1.667706820558076,9.392661928770137
0.0,2.1972245773362196,4.859812404361672,1.6863989535702288,9.740968623038354
0.0,2.1972245773362196,5.54907608489522,1.667706820558076,10.308952660644293
0.0,2.5649493574615367,5.54907608489522,1.6486586255873816,10.404262840448617
0.0,2.5649493574615367,5.54907608489522,1.6486586255873816,10.404262840448617
0.0,2.1972245773362196,4.859812404361672,1.667706820558076,10.308952660644293
0.0,1.0986122886681098,3.4965075614664802,1.6863989535702288,8.85366542803745
0.0,2.1972245773362196,5.54907608489522,1.667706820558076,10.308952660644293
0.0,2.5649493574615367,5.54907608489522,1.6486586255873816,10.404262840448617
0.0,2.5649493574615367,5.54907608489522,1.6486586255873816,10.404262840448617
0.0,1.9459101490553132,4.859812404361672,1.62924053973028,10.165851817003619
0.0,1.9459101490553132,4.174387269895637,1.6863989535702288,9.546812608597396
0.0,1.9459101490553132,4.174387269895637,1.6863989535702288,9.615805480084347
0.0,1.9459101490553132,4.859812404361672,1.667706820558076,9.305650551780507
0.0,1.3862943611198906,3.4965075614664802,1.7047480922384253,9.047821442478408
0.0,1.6094379124341003,4.174387269895637,1.6863989535702288,9.472704636443673
0.0,1.6094379124341003,4.174387269895637,1.7047480922384253,9.798127036878302
0.0,1.3862943611198906,3.4965075614664802,1.656912476933601,9.305650551780507
0.0,1.6094379124341003,4.174387269895637,1.7047480922384253,9.305650551780507
0.0,1.6094379124341003,4.174387269895637,1.6863989535702288,9.3048320350689
0.0,1.9459101490553132,4.859812404361672,1.667706820558076,9.3048320350689
0.0,1.3862943611198906,3.4965075614664802,1.656912476933601,9.391911647379434
0.0,1.3862943611198906,3.4965075614664802,1.656912476933601,9.38437770918244
0.0,1.6094379124341003,4.859812404361672,1.7047480922384253,9.798127036878302
0.0,1.0986122886681098,3.4965075614664802,1.667706820558076,8.922658299524402
0.0,1.0986122886681098,3.4965075614664802,1.667706820558076,8.922658299524402
0.0,1.6094379124341003,4.859812404361672,1.667706820558076,9.433483923290392
0.0,1.6094379124341003,4.174387269895637,1.667706820558076,9.350102314351341
0.0,1.6094379124341003,4.174387269895637,1.667706820558076,9.350102314351341
0.0,1.3862943611198906,3.4965075614664802,1.7047480922384253,9.209439966733019
0.0,1.3862943611198906,3.4965075614664802,1.7047480922384253,9.209439966733019
0.0,2.1972245773362196,4.859812404361672,1.7047480922384253,9.95227771670556
0.0,2.1972245773362196,4.859812404361672,1.7047480922384253,9.95227771670556
0.0,1.6094379124341003,4.859812404361672,1.667706820558076,9.433483923290392
0.0,1.3862943611198906,3.4965075614664802,1.656912476933601,9.104979856318357
0.0,1.3862943611198906,3.4965075614664802,1.656912476933601,9.104979856318357
0.0,1.6094379124341003,4.174387269895637,1.667706820558076,9.259130536145614
0.0,1.6094379124341003,4.174387269895637,1.667706820558076,9.259130536145614
0.0,1.3862943611198906,3.4965075614664802,1.667706820558076,9.104979856318357
0.0,1.6094379124341003,4.174387269895637,1.6863989535702288,9.305650551780507
0.0,1.6094379124341003,4.174387269895637,1.6863989535702288,9.305650551780507
0.0,1.9459101490553132,4.859812404361672,1.667706820558076,9.798127036878302
0.0,1.6094379124341003,4.859812404361672,1.667706820558076,9.680344001221918
0.0,1.3862943611198906,3.4965075614664802,1.667706820558076,9.210340371976184
0.0,2.1972245773362196,4.859812404361672,1.6863989535702288,9.903487552536127
0.0,1.9459101490553132,4.859812404361672,1.667706820558076,9.798127036878302
0.0,1.6094379124341003,4.174387269895637,1.6863989535702288,9.210340371976184
0.0,1.6094379124341003,4.174387269895637,1.6863989535702288,9.210340371976184
0.0,1.6094379124341003,4.174387269895637,1.6863989535702288,9.210340371976184
0.0,1.3862943611198906,3.4965075614664802,1.6863989535702288,9.104979856318357
0.0,1.6094379124341003,4.174387269895637,1.6863989535702288,9.305650551780507
0.0,1.3862943611198906,3.4965075614664802,1.6863989535702288,9.104979856318357
0.0,1.6094379124341003,4.859812404361672,1.6863989535702288,9.305650551780507
0.0,1.6094379124341003,4.859812404361672,1.6863989535702288,9.305650551780507
0.0,1.9459101490553132,4.174387269895637,1.7047480922384253,9.615805480084347
0.0,1.6094379124341003,4.174387269895637,1.6863989535702288,9.305650551780507
0.0,1.6094379124341003,4.174387269895637,1.667706820558076,9.546812608597396
0.0,2.1972245773362196,4.859812404361672,1.667706820558076,9.798127036878302
0.0,1.9459101490553132,4.174387269895637,1.7047480922384253,9.615805480084347
0.0,1.6094379124341003,4.174387269895637,1.6863989535702288,9.259130536145614
0.0,1.3862943611198906,3.4965075614664802,1.6863989535702288,9.047821442478408
0.0,2.1972245773362196,4.859812404361672,1.7047480922384253,9.740968623038354
0.0,1.6094379124341003,4.174387269895637,1.6863989535702288,9.305650551780507
0.0,1.9459101490553132,4.174387269895637,1.667706820558076,9.615805480084347
0.0,1.9459101490553132,4.859812404361672,1.6863989535702288,9.903487552536127
0.0,2.1972245773362196,4.859812404361672,1.667706820558076,9.740968623038354
0.0,1.9459101490553132,4.174387269895637,1.667706820558076,9.615805480084347
0.0,2.1972245773362196,4.859812404361672,1.667706820558076,9.740968623038354
0.0,1.6094379124341003,4.859812404361672,1.667706820558076,9.615805480084347
0.0,2.1972245773362196,4.859812404361672,1.667706820558076,10.239959789157341
0.0,1.3862943611198906,3.4965075614664802,1.667706820558076,9.047821442478408
0.0,1.6094379124341003,4.174387269895637,1.667706820558076,9.259130536145614
0.0,1.6094379124341003,4.174387269895637,1.667706820558076,9.259130536145614
0.0,1.6094379124341003,4.174387269895637,1.6863989535702288,9.159047077588632
0.0,1.6094379124341003,4.859812404361672,1.667706820558076,9.350102314351341
0.0,1.6094379124341003,4.174387269895637,1.7047480922384253,9.210340371976184
0.0,1.6094379124341003,4.859812404361672,1.7047480922384253,9.392661928770137
0.0,1.6094379124341003,4.859812404361672,1.7047480922384253,9.392661928770137
0.0,1.6094379124341003,4.859812404361672,1.667706820558076,9.350102314351341
0.0,1.6094379124341003,4.174387269895637,1.6863989535702288,9.159047077588632
0.0,1.0986122886681098,2.833213344056216,1.6863989535702288,8.779557455883728
0.0,1.3862943611198906,3.4965075614664802,1.667706820558076,9.047821442478408
0.0,2.1972245773362196,4.859812404361672,1.6863989535702288,9.903487552536127
0.0,1.3862943611198906,3.4965075614664802,1.7047480922384253,9.104979856318357
0.0,1.9459101490553132,4.859812404361672,1.6863989535702288,9.680344001221918
0.0,1.3862943611198906,3.4965075614664802,1.7047480922384253,9.104979856318357
0.0,1.6094379124341003,4.859812404361672,1.7047480922384253,9.392661928770137
0.0,1.6094379124341003,4.174387269895637,1.6863989535702288,9.546812608597396
0.0,1.3862943611198906,3.4965075614664802,1.6863989535702288,9.022322622637347
0.0,1.3862943611198906,3.4965075614664802,1.6863989535702288,9.046762057999363
0.0,2.1972245773362196,4.859812404361672,1.6863989535702288,9.740968623038354
0.0,2.1972245773362196,4.859812404361672,1.7047480922384253,10.373491181781864
0.0,1.6094379124341003,4.174387269895637,1.6863989535702288,9.546812608597396
0.0,1.6094379124341003,4.174387269895637,1.6863989535702288,9.210340371976184
0.0,1.9459101490553132,4.174387269895637,1.6863989535702288,9.798127036878302
0.0,1.9459101490553132,4.859812404361672,1.667706820558076,9.457200449907708
0.0,1.6094379124341003,4.174387269895637,1.6863989535702288,9.391911647379434
0.0,1.6094379124341003,4.859812404361672,1.7047480922384253,9.392661928770137
0.0,1.6094379124341003,4.174387269895637,1.6863989535702288,9.305650551780507
0.0,2.1972245773362196,4.859812404361672,1.6863989535702288,10.165851817003619
0.0,1.3862943611198906,4.174387269895637,1.6863989535702288,9.392661928770137
0.0,1.6094379124341003,4.174387269895637,1.6863989535702288,9.391911647379434
0.0,1.6094379124341003,4.174387269895637,1.6863989535702288,9.158099260130491
0.0,1.9459101490553132,4.174387269895637,1.6863989535702288,9.798127036878302
0.0,1.6094379124341003,4.174387269895637,1.7047480922384253,9.798127036878302
0.0,1.6094379124341003,4.174387269895637,1.7047480922384253,9.798127036878302
0.0,2.1972245773362196,4.859812404361672,1.6863989535702288,9.903487552536127
0.0,1.3862943611198906,3.4965075614664802,1.6863989535702288,8.922658299524402
0.0,1.3862943611198906,3.4965075614664802,1.6863989535702288,8.922658299524402
0.0,1.3862943611198906,3.4965075614664802,1.6863989535702288,8.922658299524402
0.0,1.6094379124341003,4.174387269895637,1.7047480922384253,9.305650551780507
0.0,1.9459101490553132,4.859812404361672,1.7047480922384253,9.903487552536127
0.0,1.9459101490553132,4.859812404361672,1.6863989535702288,9.852194258148577
0.0,1.9459101490553132,4.859812404361672,1.6863989535702288,9.852194258148577
0.0,2.1972245773362196,4.859812404361672,1.7047480922384253,9.95227771670556
0.0,2.1972245773362196,4.859812404361672,1.6863989535702288,9.878169744551839
0.0,1.6094379124341003,4.174387269895637,1.6863989535702288,9.472704636443673
0.0,1.9459101490553132,4.859812404361672,1.6863989535702288,9.852194258148577
0.0,1.3862943611198906,4.174387269895637,1.7047480922384253,9.159047077588632
0.0,1.9459101490553132,4.859812404361672,1.6863989535702288,10.126631103850338
0.0,2.1972245773362196,5.54907608489522,1.7047480922384253,10.126631103850338
0.0,1.9459101490553132,4.859812404361672,1.7047480922384253,9.903487552536127
0.0,2.1972245773362196,4.859812404361672,1.7047480922384253,9.95227771670556
0.0,1.9459101490553132,4.859812404361672,1.7047480922384253,9.903487552536127
0.0,2.1972245773362196,5.54907608489522,1.7047480922384253,10.126631103850338
0.0,1.6094379124341003,4.859812404361672,1.7047480922384253,9.392661928770137
0.0,2.5649493574615367,5.54907608489522,1.7227665977411035,10.51867319162636
0.0,2.5649493574615367,5.54907608489522,1.7227665977411035,10.51867319162636
0.0,1.6094379124341003,4.859812404361672,1.7047480922384253,9.392661928770137
0.0,1.6094379124341003,4.174387269895637,1.6863989535702288,9.259130536145614
0.0,1.3862943611198906,3.4965075614664802,1.7047480922384253,9.047821442478408
0.0,1.6094379124341003,4.174387269895637,1.6863989535702288,9.259130536145614
0.0,1.3862943611198906,4.174387269895637,1.7047480922384253,9.159047077588632
0.0,1.6094379124341003,4.174387269895637,1.6863989535702288,9.159047077588632
0.0,1.6094379124341003,4.174387269895637,1.6863989535702288,9.259130536145614
0.0,1.3862943611198906,3.4965075614664802,1.7047480922384253,9.047821442478408
0.0,1.6094379124341003,4.174387269895637,1.7047480922384253,9.210340371976184
0.0,2.1972245773362196,4.859812404361672,1.7047480922384253,9.95227771670556
0.0,2.1972245773362196,4.859812404361672,1.7047480922384253,9.95227771670556
0.0,1.6094379124341003,4.859812404361672,1.7047480922384253,9.798127036878302
0.0,2.5649493574615367,5.54907608489522,1.7227665977411035,10.491274217438248
0.0,2.5649493574615367,5.54907608489522,1.7227665977411035,10.491274217438248
0.0,2.1972245773362196,4.859812404361672,1.7047480922384253,10.373491181781864
0.0,1.6094379124341003,4.174387269895637,1.667706820558076,9.104979856318357
0.0,1.6094379124341003,4.174387269895637,1.667706820558076,9.104979856318357
0.0,1.6094379124341003,4.174387269895637,1.6863989535702288,9.391911647379434
0.0,1.3862943611198906,4.174387269895637,1.6863989535702288,9.210340371976184
0.0,2.1972245773362196,5.54907608489522,1.7047480922384253,10.126631103850338
0.0,1.6094379124341003,4.174387269895637,1.6863989535702288,9.349319399257634
0.0,1.3862943611198906,3.4965075614664802,1.7047480922384253,9.047821442478408
0.0,1.3862943611198906,3.4965075614664802,1.7047480922384253,9.047821442478408
0.0,1.9459101490553132,4.174387269895637,1.6863989535702288,9.546812608597396
0.0,2.1972245773362196,4.859812404361672,1.7047480922384253,9.998797732340453
0.0,2.1972245773362196,4.859812404361672,1.7047480922384253,9.95227771670556
0.0,2.1972245773362196,4.859812404361672,1.7047480922384253,9.95227771670556
0.0,1.0986122886681098,3.4965075614664802,1.62924053973028,8.748304912379623
0.0,1.0986122886681098,3.4965075614664802,1.62924053973028,8.748304912379623
0.0,1.0986122886681098,3.4965075614664802,1.62924053973028,8.748304912379623
0.0,1.3862943611198906,3.4965075614664802,1.5686159179138452,8.895629627136483
0.0,1.3862943611198906,3.4965075614664802,1.5686159179138452,8.895629627136483
0.0,1.3862943611198906,3.4965075614664802,1.5686159179138452,8.895629627136483
0.0,1.0986122886681098,3.4965075614664802,1.589235205116581,8.779557455883728
0.0,1.3862943611198906,2.833213344056216,1.589235205116581,9.104979856318357
0.0,1.0986122886681098,2.833213344056216,1.62924053973028,8.852378886511985
0.0,1.6094379124341003,4.174387269895637,1.6094379124341003,9.975808214115753
0.0,1.6094379124341003,3.4965075614664802,1.6094379124341003,9.076923258535832
0.0,1.6094379124341003,3.4965075614664802,1.6094379124341003,9.07004328643746
0.0,1.0986122886681098,3.4965075614664802,1.589235205116581,8.612503371220562
0.0,1.0986122886681098,3.4965075614664802,1.589235205116581,8.64241515616962
0.0,1.3862943611198906,3.4965075614664802,1.6094379124341003,8.778171881033469
0.0,1.3862943611198906,3.4965075614664802,1.6094379124341003,8.83927669058535
0.0,1.3862943611198906,3.4965075614664802,1.656912476933601,9.058470422638056
0.0,1.3862943611198906,3.4965075614664802,1.656912476933601,9.058470422638056
0.0,2.1972245773362196,2.833213344056216,1.6094379124341003,7.696212639346407
0.0,2.1972245773362196,2.833213344056216,1.6094379124341003,7.696212639346407
0.0,0.6931471805599453,2.833213344056216,1.410986973710262,8.33110454805304
0.0,2.1972245773362196,2.833213344056216,1.589235205116581,7.544861068658458
0.0,0.6931471805599453,2.833213344056216,1.547562508716013,8.364275084991524
0.0,0.6931471805599453,2.833213344056216,1.547562508716013,8.291797105048733
0.0,0.6931471805599453,2.833213344056216,1.547562508716013,8.556413904569519
0.0,0.6931471805599453,2.1972245773362196,1.5686159179138452,8.157943507105037
0.0,0.6931471805599453,2.1972245773362196,1.5686159179138452,8.291797105048733
0.0,0.6931471805599453,2.833213344056216,1.5686159179138452,8.340694647925071
0.0,2.1972245773362196,2.833213344056216,1.589235205116581,7.003065458786462
0.0,1.3862943611198906,3.4965075614664802,1.6486586255873816,8.974744612722734
0.0,1.3862943611198906,3.4965075614664802,1.6486586255873816,8.974744612722734
0.0,2.1972245773362196,2.833213344056216,1.547562508716013,7.003065458786462
0.0,0.6931471805599453,2.833213344056216,1.5686159179138452,8.340694647925071
0.0,1.0986122886681098,2.833213344056216,1.6094379124341003,8.444837529224097
0.0,1.0986122886681098,2.833213344056216,1.62924053973028,8.852378886511985
0.0,1.3862943611198906,3.4965075614664802,1.62924053973028,8.89439598980643
0.0,1.6094379124341003,3.4965075614664802,1.6094379124341003,9.648014489106362
0.0,1.3862943611198906,2.833213344056216,1.589235205116581,8.57376254290413
0.0,1.3862943611198906,2.833213344056216,1.589235205116581,8.57376254290413
0.0,1.0986122886681098,2.833213344056216,1.5686159179138452,8.46611040118692
0.0,1.0986122886681098,2.833213344056216,1.5686159179138452,8.400884069015854
0.0,1.0986122886681098,2.833213344056216,1.5686159179138452,8.515391569469609
0.0,0.6931471805599453,2.833213344056216,1.5686159179138452,7.937374696163295
0.0,1.6094379124341003,4.174387269895637,1.62924053973028,9.711115659888671
0.0,1.6094379124341003,4.174387269895637,1.62924053973028,9.259130536145614
0.0,0.6931471805599453,2.1972245773362196,1.5686159179138452,8.875007486048396
0.0,0.6931471805599453,2.833213344056216,1.5686159179138452,8.517193191416238
0.0,0.6931471805599453,2.1972245773362196,1.5686159179138452,8.006367567650246
0.0,1.3862943611198906,2.833213344056216,1.6094379124341003,8.775858314797526
0.0,1.3862943611198906,3.4965075614664802,1.62924053973028,8.986071187374463
0.0,1.0986122886681098,2.833213344056216,1.6094379124341003,9.045465728785949
0.0,1.0986122886681098,2.833213344056216,1.6094379124341003,9.045465728785949
0.0,1.3862943611198906,3.4965075614664802,1.589235205116581,9.350102314351341
0.0,1.3862943611198906,3.4965075614664802,1.589235205116581,9.350102314351341
0.0,1.0986122886681098,2.833213344056216,1.62924053973028,8.852378886511985
0.0,1.3862943611198906,2.833213344056216,1.6094379124341003,8.771990436532242
0.0,1.0986122886681098,2.833213344056216,1.62924053973028,9.680344001221918
0.0,0.6931471805599453,2.1972245773362196,1.5686159179138452,8.486940148245216
0.0,0.6931471805599453,2.833213344056216,1.547562508716013,8.291797105048733
0.0,1.0986122886681098,2.833213344056216,1.6094379124341003,8.546751993657782
0.0,1.3862943611198906,3.4965075614664802,1.589235205116581,9.521494800613105
0.0,1.0986122886681098,2.833213344056216,1.6863989535702288,9.392661928770137
0.0,0.6931471805599453,2.1972245773362196,1.5686159179138452,9.169518377455928
0.0,1.6094379124341003,4.174387269895637,1.62924053973028,9.642122788401721
0.0,1.6094379124341003,3.4965075614664802,1.589235205116581,8.764053269347762
0.0,1.3862943611198906,3.4965075614664802,1.6094379124341003,9.680344001221918
0.0,0.6931471805599453,2.1972245773362196,1.62924053973028,9.169518377455928
0.0,1.3862943611198906,3.4965075614664802,1.6094379124341003,9.680344001221918
0.0,1.3862943611198906,2.833213344056216,1.547562508716013,8.902591637374087
0.0,1.3862943611198906,4.174387269895637,1.589235205116581,9.103979355984773
0.0,1.3862943611198906,3.4965075614664802,1.62924053973028,9.158099260130491
0.0,1.3862943611198906,3.4965075614664802,1.62924053973028,9.158099260130491
0.0,1.6094379124341003,4.174387269895637,1.62924053973028,8.974618038455112
0.0,0.6931471805599453,2.1972245773362196,1.5040773967762742,8.294049640102028
0.0,1.3862943611198906,3.4965075614664802,1.5686159179138452,8.698013622083925
0.0,1.6094379124341003,4.174387269895637,1.62924053973028,9.132486932771318
0.0,1.3862943611198906,3.4965075614664802,1.6486586255873816,8.974744612722734
0.0,1.3862943611198906,3.4965075614664802,1.589235205116581,8.699514748210191
0.0,1.6094379124341003,4.174387269895637,1.62924053973028,9.259130536145614
0.0,1.3862943611198906,2.833213344056216,1.547562508716013,8.622633703874234
0.0,1.6094379124341003,4.174387269895637,1.6094379124341003,8.94585385712759
0.0,1.6094379124341003,4.174387269895637,1.6094379124341003,8.974618038455112
0.0,1.9459101490553132,4.174387269895637,1.308332819650179,9.136801468641313
0.0,1.3862943611198906,3.4965075614664802,1.589235205116581,8.691314551644853
0.0,1.3862943611198906,2.833213344056216,1.5040773967762742,8.794673401383422
0.0,1.3862943611198906,3.4965075614664802,1.5686159179138452,8.987196820661973
0.0,1.6094379124341003,4.174387269895637,1.5260563034950492,8.986946789406764
0.0,1.0986122886681098,2.833213344056216,1.6094379124341003,8.4096079807363
0.0,1.6094379124341003,4.174387269895637,1.33500106673234,9.052516286782616
0.0,1.6094379124341003,4.174387269895637,1.33500106673234,9.034795799461252
0.0,0.6931471805599453,2.1972245773362196,1.5040773967762742,8.160518247477505
0.0,1.6094379124341003,3.4965075614664802,1.5260563034950492,8.987321812850125
0.0,1.3862943611198906,2.833213344056216,1.6094379124341003,8.85366542803745
0.0,1.3862943611198906,4.174387269895637,1.62924053973028,9.615805480084347
0.0,1.3862943611198906,3.4965075614664802,1.62924053973028,8.804024902413179
0.0,1.3862943611198906,4.174387269895637,1.62924053973028,9.047821442478408
0.0,2.1972245773362196,1.0986122886681098,1.5686159179138452,8.474494436883122
0.0,0.6931471805599453,2.833213344056216,1.547562508716013,8.496990484098719
0.0,1.0986122886681098,2.833213344056216,1.6094379124341003,8.433811582477187
0.0,0.6931471805599453,2.1972245773362196,1.5686159179138452,8.1886891244442
0.0,0.6931471805599453,2.1972245773362196,1.5686159179138452,8.1886891244442
0.0,1.9459101490553132,4.174387269895637,1.308332819650179,9.206834232646894
0.0,0.6931471805599453,2.833213344056216,1.547562508716013,9.126958763037132
0.0,1.6094379124341003,4.174387269895637,1.62924053973028,8.987196820661973
0.0,0.6931471805599453,2.1972245773362196,1.5686159179138452,8.157943507105037
0.0,1.3862943611198906,4.174387269895637,1.62924053973028,9.392661928770137
0.0,0.6931471805599453,1.6094379124341003,1.33500106673234,9.3048320350689
0.0,0.6931471805599453,2.833213344056216,1.5686159179138452,7.937374696163295
0.0,1.3862943611198906,2.833213344056216,1.5040773967762742,8.987196820661973
0.0,0.6931471805599453,2.833213344056216,1.5686159179138452,9.210340371976184
0.0,0.6931471805599453,2.1972245773362196,1.5260563034950492,8.294049640102028
0.0,0.6931471805599453,1.6094379124341003,1.6486586255873816,9.350189267092581
0.0,0.6931471805599453,2.833213344056216,1.62924053973028,9.210340371976184
0.0,0.6931471805599453,2.833213344056216,1.5686159179138452,8.291797105048733
0.0,0.6931471805599453,2.833213344056216,1.667706820558076,8.77971129020447
0.0,0.6931471805599453,2.833213344056216,1.667706820558076,8.343077871169383
0.0,0.6931471805599453,2.1972245773362196,1.5040773967762742,8.160518247477505
0.0,1.0986122886681098,2.833213344056216,1.62924053973028,9.680344001221918
0.0,1.3862943611198906,3.4965075614664802,1.5686159179138452,8.987196820661973
0.0,1.3862943611198906,2.833213344056216,1.547562508716013,9.099520536870939
0.0,0.6931471805599453,2.1972245773362196,1.547562508716013,8.33110454805304
0.0,1.3862943611198906,3.4965075614664802,1.5686159179138452,8.79497643168877
0.6931471805599453,1.6094379124341003,1.6094379124341003,1.6486586255873816,7.2078598714324755
0.6931471805599453,1.6094379124341003,1.6094379124341003,1.6486586255873816,7.201170883281678
0.6931471805599453,1.6094379124341003,1.6094379124341003,1.6486586255873816,7.195187320178709
0.6931471805599453,3.4965075614664802,1.0986122886681098,1.62924053973028,7.20414929203594
0.6931471805599453,1.6094379124341003,1.6094379124341003,1.6486586255873816,7.24422751560335
0.6931471805599453,1.6094379124341003,1.6094379124341003,1.62924053973028,7.4360278163518485
0.6931471805599453,2.833213344056216,1.0986122886681098,1.6486586255873816,7.964155718840937
0.6931471805599453,1.6094379124341003,1.6094379124341003,1.62924053973028,7.80016307039296
0.6931471805599453,1.6094379124341003,1.6094379124341003,1.62924053973028,7.427144133408616
0.6931471805599453,1.6094379124341003,1.6094379124341003,1.62924053973028,7.816416983691801
0.6931471805599453,1.6094379124341003,1.6094379124341003,1.6486586255873816,7.307202314764738
0.6931471805599453,2.833213344056216,2.1972245773362196,1.656912476933601,8.34283980427146
0.6931471805599453,1.6094379124341003,1.6094379124341003,1.6486586255873816,7.2078598714324755
0.6931471805599453,2.833213344056216,2.1972245773362196,1.656912476933601,8.306472160100585
0.6931471805599453,1.0986122886681098,2.833213344056216,1.656912476933601,8.779557455883728
0.6931471805599453,1.6094379124341003,1.6094379124341003,1.5686159179138452,7.718685495198466
0.6931471805599453,2.1972245773362196,2.833213344056216,1.62924053973028,8.140315540159985
0.6931471805599453,2.833213344056216,3.4965075614664802,1.5686159179138452,8.265392930852224
0.6931471805599453,1.6094379124341003,4.174387269895637,1.589235205116581,9.392661928770137
0.6931471805599453,1.6094379124341003,1.6094379124341003,1.589235205116581,7.669961995473577
0.6931471805599453,1.6094379124341003,1.6094379124341003,1.62924053973028,7.837554360881084
0.6931471805599453,1.6094379124341003,1.6094379124341003,1.62924053973028,7.427144133408616
0.6931471805599453,2.833213344056216,3.4965075614664802,1.5686159179138452,8.294049640102028
0.6931471805599453,1.3862943611198906,3.4965075614664802,1.5686159179138452,9.210340371976184
0.6931471805599453,1.0986122886681098,2.833213344056216,1.656912476933601,8.779557455883728
0.6931471805599453,2.833213344056216,2.1972245773362196,1.656912476933601,8.306472160100585
0.6931471805599453,1.6094379124341003,4.174387269895637,1.656912476933601,9.514141826307847
0.6931471805599453,1.9459101490553132,4.174387269895637,1.589235205116581,9.581903928408666
0.6931471805599453,2.833213344056216,3.4965075614664802,1.5686159179138452,8.287780027088433
0.6931471805599453,1.6094379124341003,1.6094379124341003,1.6486586255873816,7.047517221357296
0.6931471805599453,1.3862943611198906,4.174387269895637,1.6094379124341003,9.249561085129464
0.6931471805599453,1.0986122886681098,2.833213344056216,1.547562508716013,8.89439598980643
0.6931471805599453,1.0986122886681098,3.4965075614664802,1.6863989535702288,9.104979856318357
0.6931471805599453,1.3862943611198906,3.4965075614664802,1.5686159179138452,9.210340371976184
0.6931471805599453,1.6094379124341003,4.174387269895637,1.656912476933601,9.405084448768694
0.6931471805599453,1.6094379124341003,4.174387269895637,1.656912476933601,9.405084448768694
0.6931471805599453,1.6094379124341003,1.6094379124341003,1.589235205116581,7.762170607138205
0.6931471805599453,1.0986122886681098,3.4965075614664802,1.6863989535702288,9.104979856318357
0.6931471805599453,2.1972245773362196,2.833213344056216,1.6486586255873816,8.227108234348146
0.6931471805599453,1.3862943611198906,3.4965075614664802,1.5686159179138452,9.210340371976184
0.6931471805599453,1.6094379124341003,4.174387269895637,1.589235205116581,9.392661928770137
0.6931471805599453,2.833213344056216,2.1972245773362196,1.656912476933601,8.38958706681109
0.6931471805599453,1.6094379124341003,4.174387269895637,1.589235205116581,9.392661928770137
0.6931471805599453,2.833213344056216,2.833213344056216,1.6486586255873816,7.824046010856292
0.6931471805599453,2.833213344056216,2.833213344056216,1.6486586255873816,7.804251383528112
0.6931471805599453,1.0986122886681098,2.833213344056216,1.656912476933601,8.779557455883728
0.6931471805599453,1.9459101490553132,4.174387269895637,1.589235205116581,9.581903928408666
0.6931471805599453,1.0986122886681098,3.4965075614664802,1.6094379124341003,9.210340371976184
0.6931471805599453,1.9459101490553132,4.859812404361672,1.5686159179138452,10.938449814127782
0.6931471805599453,1.6094379124341003,4.174387269895637,1.589235205116581,9.472704636443673
0.6931471805599453,1.6094379124341003,4.174387269895637,1.589235205116581,9.472704636443673
0.6931471805599453,1.6094379124341003,1.6094379124341003,1.6486586255873816,7.24422751560335
0.6931471805599453,1.3862943611198906,4.174387269895637,1.6094379124341003,9.249561085129464
0.6931471805599453,1.3862943611198906,4.174387269895637,1.6094379124341003,9.249561085129464
0.6931471805599453,1.3862943611198906,3.4965075614664802,1.5686159179138452,8.922658299524402
0.6931471805599453,1.6094379124341003,1.6094379124341003,1.6486586255873816,7.601402334583733
0.6931471805599453,1.6094379124341003,1.6094379124341003,1.6486586255873816,7.244941546337007
0.6931471805599453,2.1972245773362196,3.4965075614664802,1.62924053973028,7.696667081526462
0.6931471805599453,1.6094379124341003,2.1972245773362196,1.6486586255873816,7.3783837129967145
0.6931471805599453,1.6094379124341003,1.0986122886681098,1.6486586255873816,7.3783837129967145
0.6931471805599453,1.6094379124341003,1.6094379124341003,1.6486586255873816,7.550135342488429
0.6931471805599453,1.6094379124341003,2.833213344056216,1.6486586255873816,7.550135342488429
0.6931471805599453,1.6094379124341003,1.6094379124341003,1.6486586255873816,7.415175109613295
0.6931471805599453,1.0986122886681098,2.833213344056216,1.547562508716013,8.895629627136483
0.6931471805599453,1.6094379124341003,4.174387269895637,1.656912476933601,9.581283046045924
0.6931471805599453,1.6094379124341003,1.6094379124341003,1.6486586255873816,7.313886831633462
0.6931471805599453,1.3862943611198906,3.4965075614664802,1.62924053973028,9.259130536145614
0.6931471805599453,1.0986122886681098,2.833213344056216,1.656912476933601,8.779557455883728
0.6931471805599453,2.833213344056216,3.4965075614664802,1.5686159179138452,8.160518247477505
0.6931471805599453,1.3862943611198906,3.4965075614664802,1.667706820558076,9.487972108574462
0.6931471805599453,1.6094379124341003,2.1972245773362196,1.6486586255873816,7.3938782901077555
0.6931471805599453,1.6094379124341003,1.6094379124341003,1.6486586255873816,6.90875477931522
0.6931471805599453,1.6094379124341003,1.6094379124341003,1.667706820558076,6.90875477931522
0.6931471805599453,1.6094379124341003,2.833213344056216,1.6486586255873816,7.528869256642251
0.6931471805599453,1.0986122886681098,2.833213344056216,1.5686159179138452,9.210340371976184
0.6931471805599453,1.3862943611198906,3.4965075614664802,1.62924053973028,9.392661928770137
0.6931471805599453,1.3862943611198906,3.4965075614664802,1.6486586255873816,9.610993923087126
0.6931471805599453,0.6931471805599453,2.1972245773362196,1.6094379124341003,8.77971129020447
0.6931471805599453,1.3862943611198906,2.833213344056216,1.62924053973028,9.433483923290392
0.6931471805599453,0.6931471805599453,2.1972245773362196,1.589235205116581,8.476579508530941
0.6931471805599453,1.6094379124341003,1.0986122886681098,1.589235205116581,7.244941546337007
0.6931471805599453,0.6931471805599453,2.1972245773362196,1.6094379124341003,8.954156966583772
0.6931471805599453,0.6931471805599453,2.1972245773362196,1.589235205116581,8.449556542700426
0.6931471805599453,1.6094379124341003,4.174387269895637,1.6094379124341003,9.814710982145282
0.6931471805599453,2.833213344056216,2.833213344056216,1.62924053973028,8.03947991910045
0.6931471805599453,1.3862943611198906,3.4965075614664802,1.589235205116581,9.546812608597396
0.6931471805599453,0.6931471805599453,2.1972245773362196,1.5686159179138452,8.854807632616227
0.6931471805599453,0.6931471805599453,2.1972245773362196,1.6094379124341003,8.950662495933999
0.6931471805599453,1.0986122886681098,2.833213344056216,1.589235205116581,9.210340371976184
0.6931471805599453,1.0986122886681098,2.833213344056216,1.589235205116581,9.210440366976517
0.6931471805599453,1.0986122886681098,2.833213344056216,1.589235205116581,9.058237593766226
0.6931471805599453,1.0986122886681098,2.833213344056216,1.656912476933601,8.779557455883728
0.6931471805599453,1.3862943611198906,3.4965075614664802,1.6094379124341003,9.69898173460629
0.6931471805599453,1.0986122886681098,2.833213344056216,1.656912476933601,8.699514748210191
0.6931471805599453,1.0986122886681098,3.4965075614664802,1.6094379124341003,9.210340371976184
0.6931471805599453,1.0986122886681098,3.4965075614664802,1.6094379124341003,9.210340371976184
0.6931471805599453,1.6094379124341003,1.6094379124341003,1.6486586255873816,7.673223121121708
0.6931471805599453,1.6094379124341003,1.6094379124341003,1.6486586255873816,7.840312983320164
0.6931471805599453,1.0986122886681098,3.4965075614664802,1.6094379124341003,9.041921720351219
0.6931471805599453,2.1972245773362196,1.0986122886681098,1.6094379124341003,8.006367567650246
0.6931471805599453,1.0986122886681098,2.833213344056216,1.6094379124341003,9.0595174822416
0.6931471805599453,1.3862943611198906,3.4965075614664802,1.6486586255873816,9.79701530802561
0.6931471805599453,1.3862943611198906,2.833213344056216,1.62924053973028,9.635608107380527
0.6931471805599453,0.6931471805599453,3.4965075614664802,1.667706820558076,10.613983371430686
0.6931471805599453,1.3862943611198906,3.4965075614664802,1.6486586255873816,8.866299565855018
0.6931471805599453,1.3862943611198906,3.4965075614664802,1.6486586255873816,9.25349564229011
0.6931471805599453,2.833213344056216,2.3978952727983707,1.5260563034950492,7.3777589082278725
0.6931471805599453,2.1972245773362196,3.4965075614664802,1.6094379124341003,8.160518247477505
0.6931471805599453,1.3862943611198906,3.4965075614664802,1.6094379124341003,9.169518377455928
0.6931471805599453,1.3862943611198906,3.4965075614664802,1.6486586255873816,9.79701530802561
0.6931471805599453,1.6094379124341003,1.6094379124341003,1.6486586255873816,7.353081920515432
0.6931471805599453,1.3862943611198906,3.4965075614664802,1.6094379124341003,9.169518377455928
0.6931471805599453,1.0986122886681098,2.833213344056216,1.656912476933601,8.779557455883728
0.6931471805599453,1.3862943611198906,3.4965075614664802,1.62924053973028,9.425451751593128
0.6931471805599453,0.6931471805599453,2.1972245773362196,1.5686159179138452,8.74766979009724
0.6931471805599453,1.3862943611198906,3.4965075614664802,1.667706820558076,9.487972108574462
0.6931471805599453,1.6094379124341003,3.4965075614664802,1.6094379124341003,9.472704636443673
0.6931471805599453,1.6094379124341003,3.4965075614664802,1.6094379124341003,9.741027444837728
0.6931471805599453,1.0986122886681098,2.833213344056216,1.589235205116581,9.296518068217235
0.6931471805599453,1.0986122886681098,2.833213344056216,1.589235205116581,8.57376254290413
0.6931471805599453,1.3862943611198906,3.4965075614664802,1.6486586255873816,8.909235279192261
0.6931471805599453,1.9459101490553132,4.859812404361672,1.667706820558076,10.30865261563529
0.6931471805599453,1.3862943611198906,2.833213344056216,1.62924053973028,9.692766521220475
0.6931471805599453,2.833213344056216,5.54907608489522,1.6094379124341003,8.34212526333359
0.6931471805599453,1.3862943611198906,3.4965075614664802,1.589235205116581,8.987196820661973
0.6931471805599453,1.6094379124341003,3.4965075614664802,1.6094379124341003,9.15915233520675
0.6931471805599453,1.9459101490553132,4.174387269895637,1.547562508716013,9.472704636443673
0.6931471805599453,1.9459101490553132,4.174387269895637,1.547562508716013,9.472704636443673
0.6931471805599453,1.3862943611198906,3.4965075614664802,1.6094379124341003,8.852378886511985
0.6931471805599453,1.3862943611198906,3.4965075614664802,1.6094379124341003,8.921457578947884
0.6931471805599453,1.9459101490553132,4.174387269895637,1.62924053973028,9.391911647379434
0.6931471805599453,1.6094379124341003,4.174387269895637,1.667706820558076,10.269241160408065
0.6931471805599453,1.6094379124341003,4.174387269895637,1.62924053973028,9.903487552536127
0.6931471805599453,1.9459101490553132,4.174387269895637,1.62924053973028,9.95227771670556
0.6931471805599453,1.0986122886681098,2.833213344056216,1.656912476933601,8.779557455883728
0.6931471805599453,1.9459101490553132,4.174387269895637,1.62924053973028,9.95227771670556
0.6931471805599453,1.9459101490553132,4.174387269895637,1.62924053973028,9.95227771670556
0.6931471805599453,1.6094379124341003,4.174387269895637,1.62924053973028,9.903487552536127
0.6931471805599453,1.6094379124341003,4.174387269895637,1.62924053973028,9.903487552536127
0.6931471805599453,1.3862943611198906,2.833213344056216,1.62924053973028,8.87346805533363
0.6931471805599453,1.3862943611198906,3.4965075614664802,1.6094379124341003,8.973478148521036
0.6931471805599453,1.6094379124341003,4.174387269895637,1.5040773967762742,9.305650551780507
0.6931471805599453,1.6094379124341003,4.174387269895637,1.62924053973028,9.323669057283185
0.6931471805599453,1.0986122886681098,2.833213344056216,1.6094379124341003,8.816111895794005
0.6931471805599453,1.0986122886681098,2.833213344056216,1.6094379124341003,8.764209507142004
0.6931471805599453,1.0986122886681098,2.833213344056216,1.6094379124341003,8.85366542803745
0.6931471805599453,1.0986122886681098,2.833213344056216,1.5686159179138452,9.230142999272362
0.6931471805599453,1.9459101490553132,4.859812404361672,1.667706820558076,10.043249494911286
0.6931471805599453,0.6931471805599453,1.6094379124341003,1.6486586255873816,9.210340371976184
0.6931471805599453,1.6094379124341003,4.174387269895637,1.667706820558076,9.830916859701293
0.6931471805599453,1.6094379124341003,1.0986122886681098,1.589235205116581,7.326465613840322
0.6931471805599453,1.0986122886681098,2.833213344056216,1.6094379124341003,9.0595174822416
0.6931471805599453,1.6094379124341003,4.174387269895637,1.5040773967762742,9.39182824802156
0.6931471805599453,1.3862943611198906,3.4965075614664802,1.667706820558076,9.487972108574462
0.6931471805599453,1.6094379124341003,4.174387269895637,1.62924053973028,9.209439966733019
0.6931471805599453,1.0986122886681098,2.833213344056216,1.656912476933601,8.779557455883728
0.6931471805599453,1.6094379124341003,4.174387269895637,1.667706820558076,9.680344001221918
0.6931471805599453,1.6094379124341003,4.174387269895637,1.589235205116581,9.878169744551839
0.6931471805599453,1.9459101490553132,4.174387269895637,1.62924053973028,9.349319399257634
0.6931471805599453,1.9459101490553132,4.174387269895637,1.547562508716013,9.472704636443673
0.6931471805599453,3.4965075614664802,4.174387269895637,1.5686159179138452,8.366602832783736
0.6931471805599453,2.833213344056216,3.4965075614664802,1.62924053973028,7.95892649305011
0.6931471805599453,1.6094379124341003,4.174387269895637,1.62924053973028,9.207937487359873
0.6931471805599453,1.6094379124341003,4.174387269895637,1.6486586255873816,9.531771484474337
0.6931471805599453,1.3862943611198906,3.4965075614664802,1.6094379124341003,9.525151111816216
0.6931471805599453,1.6094379124341003,4.174387269895637,1.62924053973028,9.47262771040802
0.6931471805599453,1.6094379124341003,4.174387269895637,1.6094379124341003,10.51867319162636
0.6931471805599453,1.6094379124341003,4.174387269895637,1.6094379124341003,10.571342565808699
0.6931471805599453,1.0986122886681098,2.833213344056216,1.589235205116581,8.612503371220562
0.6931471805599453,1.3862943611198906,3.4965075614664802,1.6094379124341003,8.974618038455112
0.6931471805599453,1.6094379124341003,3.4965075614664802,1.5260563034950492,8.160518247477505
0.6931471805599453,1.6094379124341003,3.4965075614664802,1.5260563034950492,8.160518247477505
0.6931471805599453,1.6094379124341003,4.174387269895637,1.667706820558076,9.830916859701293
0.6931471805599453,1.0986122886681098,2.833213344056216,1.6094379124341003,8.85366542803745
0.6931471805599453,1.9459101490553132,4.174387269895637,1.547562508716013,9.615805480084347
0.6931471805599453,1.6094379124341003,4.174387269895637,1.6094379124341003,9.433483923290392
0.6931471805599453,1.6094379124341003,4.174387269895637,1.6094379124341003,10.51867319162636
0.6931471805599453,1.6094379124341003,4.174387269895637,1.6094379124341003,10.51867319162636
0.6931471805599453,1.0986122886681098,2.833213344056216,1.656912476933601,8.779557455883728
0.6931471805599453,1.3862943611198906,3.4965075614664802,1.6486586255873816,9.02401079378469
0.6931471805599453,1.6094379124341003,4.174387269895637,1.6486586255873816,9.461099090323366
0.6931471805599453,3.4965075614664802,4.174387269895637,1.5686159179138452,7.934155233536322
0.6931471805599453,1.6094379124341003,4.174387269895637,1.5040773967762742,9.305650551780507
0.6931471805599453,1.9459101490553132,4.859812404361672,1.667706820558076,9.998797732340453
0.6931471805599453,1.6094379124341003,4.174387269895637,1.6094379124341003,10.29184041103433
0.6931471805599453,2.1972245773362196,2.833213344056216,1.656912476933601,8.340456012916183
0.6931471805599453,2.1972245773362196,2.833213344056216,1.656912476933601,8.340456012916183
0.6931471805599453,2.1972245773362196,2.833213344056216,1.656912476933601,8.340456012916183
0.6931471805599453,2.1972245773362196,2.833213344056216,1.656912476933601,8.340456012916183
0.6931471805599453,1.3862943611198906,3.4965075614664802,1.589235205116581,9.546169544733285
0.6931471805599453,1.9459101490553132,4.174387269895637,1.547562508716013,9.200391041122515
0.6931471805599453,1.6094379124341003,4.174387269895637,1.667706820558076,9.392745258631441
1.6094379124341003,1.0986122886681098,4.174387269895637,1.7047480922384253,10.404262840448617
1.6094379124341003,1.0986122886681098,4.174387269895637,1.7047480922384253,10.404262840448617
1.6094379124341003,1.0986122886681098,4.174387269895637,1.7047480922384253,10.404262840448617
1.6094379124341003,1.3862943611198906,4.174387269895637,1.7227665977411035,10.668955394675699
1.6094379124341003,1.6094379124341003,4.859812404361672,1.7047480922384253,11.03488966402723
1.6094379124341003,1.3862943611198906,4.859812404361672,1.7227665977411035,10.778956289890028
1.6094379124341003,1.6094379124341003,4.859812404361672,1.7047480922384253,11.03488966402723
1.6094379124341003,1.9459101490553132,5.54907608489522,1.656912476933601,11.774527900858468
1.6094379124341003,1.3862943611198906,4.859812404361672,1.7227665977411035,10.778956289890028
1.6094379124341003,1.0986122886681098,4.859812404361672,1.7047480922384253,10.712215345197256
1.6094379124341003,1.0986122886681098,4.859812404361672,1.7047480922384253,10.712215345197256
1.6094379124341003,1.6094379124341003,4.174387269895637,1.7227665977411035,10.817796321618971
1.6094379124341003,1.6094379124341003,4.859812404361672,1.7227665977411035,11.141861783579396
1.6094379124341003,1.0986122886681098,4.859812404361672,1.7047480922384253,10.712215345197256
1.6094379124341003,1.6094379124341003,5.54907608489522,1.7227665977411035,11.27720313144916
1.6094379124341003,1.6094379124341003,4.859812404361672,1.7227665977411035,11.141861783579396
1.6094379124341003,1.6094379124341003,4.174387269895637,1.7227665977411035,11.06663836234181
1.6094379124341003,1.6094379124341003,4.174387269895637,1.7047480922384253,10.950806546816688
1.6094379124341003,1.6094379124341003,4.859812404361672,1.7047480922384253,11.03488966402723
1.6094379124341003,1.6094379124341003,5.54907608489522,1.7227665977411035,11.27720313144916
1.6094379124341003,1.3862943611198906,4.859812404361672,1.7227665977411035,10.778956289890028
1.6094379124341003,1.6094379124341003,4.859812404361672,1.7227665977411035,11.141861783579396
1.6094379124341003,1.6094379124341003,4.859812404361672,1.7047480922384253,11.03488966402723
1.6094379124341003,1.6094379124341003,4.174387269895637,1.7047480922384253,10.950806546816688
1.6094379124341003,1.6094379124341003,4.174387269895637,1.7047480922384253,10.950806546816688
1.6094379124341003,1.6094379124341003,5.54907608489522,1.656912476933601,11.40646434386837
1.6094379124341003,1.3862943611198906,4.859812404361672,1.7227665977411035,10.778956289890028
1.6094379124341003,1.6094379124341003,4.859812404361672,1.7227665977411035,10.91328684226798
1.6094379124341003,1.6094379124341003,4.859812404361672,1.7047480922384253,11.03488966402723
1.6094379124341003,1.6094379124341003,4.174387269895637,1.7047480922384253,10.950806546816688
1.6094379124341003,1.6094379124341003,4.859812404361672,1.7227665977411035,10.91328684226798
1.6094379124341003,1.0986122886681098,5.54907608489522,1.7047480922384253,10.91328684226798
1.6094379124341003,1.6094379124341003,4.174387269895637,1.7047480922384253,10.950806546816688
1.6094379124341003,1.3862943611198906,4.859812404361672,1.7227665977411035,10.778956289890028
1.6094379124341003,1.6094379124341003,5.54907608489522,1.656912476933601,11.288543647320601
1.6094379124341003,1.6094379124341003,4.174387269895637,1.7227665977411035,10.817796321618971
1.6094379124341003,1.6094379124341003,4.174387269895637,1.7227665977411035,10.817796321618971
1.6094379124341003,1.6094379124341003,4.859812404361672,1.7227665977411035,11.141861783579396
1.6094379124341003,1.6094379124341003,4.174387269895637,1.7227665977411035,10.817796321618971
1.6094379124341003,1.6094379124341003,4.174387269895637,1.7227665977411035,11.06663836234181
1.6094379124341003,1.6094379124341003,4.859812404361672,1.7227665977411035,11.141861783579396
1.6094379124341003,1.6094379124341003,5.54907608489522,1.7047480922384253,11.184421397998193
1.6094379124341003,1.3862943611198906,4.174387269895637,1.7227665977411035,10.668955394675699
1.6094379124341003,1.3862943611198906,4.174387269895637,1.7227665977411035,10.668955394675699
1.6094379124341003,1.6094379124341003,5.54907608489522,1.656912476933601,11.40646434386837
1.6094379124341003,1.6094379124341003,6.240275845170769,1.7227665977411035,11.917730355182513
1.6094379124341003,1.3862943611198906,4.859812404361672,1.7227665977411035,10.778956289890028
1.6094379124341003,1.3862943611198906,4.174387269895637,1.7227665977411035,10.668955394675699
1.6094379124341003,1.6094379124341003,5.54907608489522,1.7227665977411035,11.27720313144916
1.6094379124341003,1.6094379124341003,4.174387269895637,1.7227665977411035,11.06663836234181
1.6094379124341003,1.6094379124341003,5.54907608489522,1.7047480922384253,11.184421397998193
1.6094379124341003,1.6094379124341003,4.859812404361672,1.7227665977411035,10.91328684226798
1.6094379124341003,1.6094379124341003,4.174387269895637,1.7047480922384253,10.950806546816688
1.6094379124341003,1.6094379124341003,4.859812404361672,1.656912476933601,11.154835234271214
1.6094379124341003,1.6094379124341003,4.174387269895637,1.7227665977411035,11.06663836234181
1.6094379124341003,1.0986122886681098,5.54907608489522,1.7047480922384253,10.91328684226798
1.6094379124341003,1.6094379124341003,4.859812404361672,1.7047480922384253,11.03488966402723
1.6094379124341003,1.6094379124341003,5.54907608489522,1.7227665977411035,11.27720313144916
1.6094379124341003,1.3862943611198906,4.859812404361672,1.7227665977411035,10.778956289890028
1.6094379124341003,1.9459101490553132,5.54907608489522,1.7227665977411035,11.694421681264394
1.6094379124341003,1.6094379124341003,5.54907608489522,1.7047480922384253,11.184421397998193
1.6094379124341003,1.6094379124341003,4.174387269895637,1.7227665977411035,11.06663836234181
1.6094379124341003,1.6094379124341003,5.54907608489522,1.7047480922384253,11.184421397998193
1.6094379124341003,1.6094379124341003,4.174387269895637,1.7404661748405046,11.670792089258995
1.6094379124341003,1.6094379124341003,6.240275845170769,1.656912476933601,11.60733523953139
1.6094379124341003,1.3862943611198906,4.174387269895637,1.7227665977411035,10.668955394675699
1.6094379124341003,1.9459101490553132,4.859812404361672,1.7227665977411035,11.60733523953139
1.6094379124341003,1.9459101490553132,6.240275845170769,1.7227665977411035,11.848690308590857
1.6094379124341003,1.6094379124341003,5.54907608489522,1.7047480922384253,11.184421397998193
1.6094379124341003,1.6094379124341003,5.54907608489522,1.656912476933601,11.288543647320601
1.6094379124341003,1.3862943611198906,4.174387269895637,1.7227665977411035,10.668955394675699
1.6094379124341003,1.6094379124341003,4.859812404361672,1.656912476933601,11.288543647320601
1.6094379124341003,1.6094379124341003,4.174387269895637,1.7404661748405046,11.670792089258995
1.6094379124341003,1.6094379124341003,5.54907608489522,1.7047480922384253,11.184421397998193
1.6094379124341003,1.0986122886681098,5.54907608489522,1.7047480922384253,10.91328684226798
1.6094379124341003,1.9459101490553132,4.859812404361672,1.7227665977411035,11.60733523953139
1.6094379124341003,1.9459101490553132,4.859812404361672,1.7227665977411035,11.60733523953139
1.6094379124341003,1.6094379124341003,6.240275845170769,1.656912476933601,11.60733523953139
1.6094379124341003,1.6094379124341003,6.240275845170769,1.656912476933601,11.60733523953139
1.6094379124341003,1.3862943611198906,5.54907608489522,1.7227665977411035,11.000448478455008
1.6094379124341003,1.9459101490553132,5.54907608489522,1.7227665977411035,11.694421681264394
1.6094379124341003,1.9459101490553132,6.240275845170769,1.7227665977411035,11.848690308590857
1.6094379124341003,1.6094379124341003,4.859812404361672,1.7227665977411035,10.91328684226798
1.6094379124341003,1.6094379124341003,4.174387269895637,1.7404661748405046,11.670792089258995
1.6094379124341003,1.6094379124341003,6.240275845170769,1.656912476933601,11.60733523953139
1.6094379124341003,1.6094379124341003,6.240275845170769,1.7227665977411035,11.8515453936489
1.6094379124341003,1.6094379124341003,6.240275845170769,1.7227665977411035,11.917730355182513
1.6094379124341003,1.6094379124341003,6.240275845170769,1.7227665977411035,11.917730355182513
1.6094379124341003,1.6094379124341003,4.859812404361672,1.656912476933601,11.154835234271214
1.6094379124341003,1.6094379124341003,4.174387269895637,1.7227665977411035,10.817796321618971
1.6094379124341003,1.3862943611198906,4.174387269895637,1.7227665977411035,10.817796321618971
1.6094379124341003,1.6094379124341003,5.54907608489522,1.656912476933601,11.288543647320601
1.6094379124341003,1.6094379124341003,5.54907608489522,1.656912476933601,11.288543647320601
1.6094379124341003,1.6094379124341003,4.859812404361672,1.656912476933601,11.154835234271214
1.6094379124341003,1.6094379124341003,6.240275845170769,1.7227665977411035,11.917730355182513
1.6094379124341003,1.6094379124341003,6.240275845170769,1.7404661748405046,11.812296455066814
1.6094379124341003,1.0986122886681098,4.174387269895637,1.7047480922384253,10.571316925111784
1.6094379124341003,1.3862943611198906,4.174387269895637,1.7227665977411035,10.817796321618971
1.6094379124341003,1.6094379124341003,5.54907608489522,1.7227665977411035,11.774527900858468
1.6094379124341003,1.3862943611198906,5.54907608489522,1.7227665977411035,11.349241150793087
1.6094379124341003,1.6094379124341003,5.54907608489522,1.7227665977411035,11.27720313144916
1.6094379124341003,1.9459101490553132,5.54907608489522,1.7227665977411035,11.694421681264394
1.6094379124341003,1.9459101490553132,5.54907608489522,1.656912476933601,11.848690308590857
1.6094379124341003,1.9459101490553132,4.859812404361672,1.656912476933601,11.774527900858468
1.6094379124341003,1.3862943611198906,5.54907608489522,1.7227665977411035,11.349241150793087
1.6094379124341003,1.6094379124341003,5.54907608489522,1.656912476933601,11.288543647320601
1.6094379124341003,1.0986122886681098,5.54907608489522,1.7047480922384253,10.91328684226798
1.6094379124341003,1.6094379124341003,5.54907608489522,1.7227665977411035,11.774527900858468
1.6094379124341003,1.3862943611198906,4.174387269895637,1.7227665977411035,10.817796321618971
1.6094379124341003,1.6094379124341003,6.240275845170769,1.7404661748405046,11.812296455066814
1.6094379124341003,1.0986122886681098,5.54907608489522,1.7047480922384253,11.251573687764477
1.6094379124341003,1.9459101490553132,5.54907608489522,1.656912476933601,11.848690308590857
1.6094379124341003,1.9459101490553132,5.54907608489522,1.7227665977411035,11.694421681264394
1.6094379124341003,1.6094379124341003,4.859812404361672,1.7227665977411035,11.694421681264394
1.6094379124341003,1.9459101490553132,6.240275845170769,1.7227665977411035,11.848690308590857
1.6094379124341003,1.6094379124341003,4.859812404361672,1.7227665977411035,11.694421681264394
1.6094379124341003,1.9459101490553132,4.859812404361672,1.7227665977411035,11.60733523953139
1.6094379124341003,1.9459101490553132,4.859812404361672,1.656912476933601,11.774527900858468
1.6094379124341003,1.6094379124341003,4.859812404361672,1.7227665977411035,11.694421681264394
1.6094379124341003,1.6094379124341003,6.240275845170769,1.7227665977411035,11.8515453936489
1.6094379124341003,1.9459101490553132,4.174387269895637,1.656912476933601,11.774527900858468
1.6094379124341003,1.6094379124341003,5.54907608489522,1.7404661748405046,11.789806920177805
1.6094379124341003,1.0986122886681098,4.174387269895637,1.6863989535702288,10.819778284410283
1.6094379124341003,1.3862943611198906,4.174387269895637,1.7227665977411035,10.668955394675699
1.6094379124341003,1.6094379124341003,6.240275845170769,1.7227665977411035,11.8515453936489
1.6094379124341003,1.9459101490553132,4.174387269895637,1.656912476933601,11.848690308590857
1.6094379124341003,1.0986122886681098,4.174387269895637,1.7404661748405046,10.571316925111784
1.6094379124341003,1.6094379124341003,5.54907608489522,1.7227665977411035,11.289781913656018
1.6094379124341003,1.6094379124341003,4.174387269895637,1.7227665977411035,10.91328684226798
1.6094379124341003,0.6931471805599453,2.833213344056216,1.7047480922384253,10.596634733096073
1.6094379124341003,1.6094379124341003,6.240275845170769,1.7227665977411035,11.88380602959621
1.6094379124341003,1.3862943611198906,5.54907608489522,1.791759469228055,11.355113089309977
1.6094379124341003,1.0986122886681098,3.4965075614664802,1.7047480922384253,10.138559674715612
1.6094379124341003,1.6094379124341003,5.54907608489522,1.7227665977411035,11.289781913656018
1.6094379124341003,1.6094379124341003,5.54907608489522,1.7227665977411035,11.289781913656018
1.6094379124341003,1.6094379124341003,6.240275845170769,1.7227665977411035,11.8515453936489
1.6094379124341003,1.0986122886681098,3.4965075614664802,1.7047480922384253,10.126631103850338
1.6094379124341003,1.6094379124341003,5.54907608489522,1.7404661748405046,11.251560700835821
1.6094379124341003,1.6094379124341003,4.174387269895637,1.7404661748405046,11.05089000537367
1.6094379124341003,1.6094379124341003,5.54907608489522,1.7227665977411035,11.289781913656018
1.6094379124341003,1.0986122886681098,3.4965075614664802,1.7047480922384253,10.126631103850338
1.6094379124341003,1.0986122886681098,4.174387269895637,1.6863989535702288,10.460270761075149
1.6094379124341003,1.3862943611198906,3.4965075614664802,1.7047480922384253,10.51867319162636
1.6094379124341003,1.3862943611198906,5.54907608489522,1.7227665977411035,11.349241150793087
1.6094379124341003,1.6094379124341003,5.54907608489522,1.7227665977411035,11.706030338921243
1.6094379124341003,1.0986122886681098,5.54907608489522,1.7404661748405046,11.217224661591072
1.6094379124341003,1.0986122886681098,4.859812404361672,1.7047480922384253,10.460270761075149
1.6094379124341003,0.6931471805599453,4.174387269895637,1.6863989535702288,11.042937835596494
1.6094379124341003,1.9459101490553132,6.240275845170769,1.656912476933601,11.511934974596555
1.6094379124341003,1.0986122886681098,3.4965075614664802,1.7047480922384253,10.138559674715612
1.6094379124341003,1.0986122886681098,3.4965075614664802,1.7047480922384253,10.126631103850338
1.6094379124341003,1.6094379124341003,5.54907608489522,1.7404661748405046,11.251560700835821
1.6094379124341003,1.3862943611198906,4.859812404361672,1.7047480922384253,10.666650414667744
1.6094379124341003,1.3862943611198906,3.4965075614664802,1.7047480922384253,10.51867319162636
1.6094379124341003,1.6094379124341003,5.54907608489522,1.7227665977411035,11.706030338921243
1.6094379124341003,1.0986122886681098,3.4965075614664802,1.7047480922384253,10.373491181781864
1.6094379124341003,1.0986122886681098,3.4965075614664802,1.7047480922384253,10.126631103850338
1.6094379124341003,1.6094379124341003,5.54907608489522,1.7404661748405046,11.789806920177805
1.6094379124341003,1.0986122886681098,4.174387269895637,1.7047480922384253,10.404262840448617
1.6094379124341003,1.3862943611198906,4.859812404361672,1.7227665977411035,10.778956289890028
1.6094379124341003,1.6094379124341003,4.174387269895637,1.7227665977411035,10.817796321618971
1.6094379124341003,1.9459101490553132,5.54907608489522,1.656912476933601,11.774527900858468
1.6094379124341003,1.6094379124341003,4.174387269895637,1.7227665977411035,10.817796321618971
1.6094379124341003,1.9459101490553132,6.240275845170769,1.656912476933601,11.917730355182513
1.6094379124341003,1.0986122886681098,4.859812404361672,1.7047480922384253,10.712215345197256
1.6094379124341003,1.6094379124341003,4.859812404361672,1.7227665977411035,10.91328684226798
1.6094379124341003,1.6094379124341003,5.54907608489522,1.7227665977411035,11.080618310893968
1.6094379124341003,1.0986122886681098,5.54907608489522,1.7047480922384253,10.91328684226798
1.6094379124341003,1.6094379124341003,4.174387269895637,1.7227665977411035,11.06663836234181
1.6094379124341003,1.3862943611198906,4.174387269895637,1.7227665977411035,10.668955394675699
1.6094379124341003,1.3862943611198906,4.174387269895637,1.7227665977411035,10.668955394675699
1.6094379124341003,1.0986122886681098,4.174387269895637,1.7047480922384253,10.404262840448617
1.6094379124341003,1.9459101490553132,4.859812404361672,1.656912476933601,11.694421681264394
1.6094379124341003,1.6094379124341003,4.174387269895637,1.7227665977411035,10.817796321618971
1.6094379124341003,1.0986122886681098,4.859812404361672,1.7047480922384253,10.712215345197256
1.6094379124341003,1.6094379124341003,5.54907608489522,1.7227665977411035,11.774527900858468
1.6094379124341003,1.6094379124341003,4.859812404361672,1.7227665977411035,11.694421681264394
1.6094379124341003,1.6094379124341003,5.54907608489522,1.7227665977411035,11.080618310893968
1.6094379124341003,1.6094379124341003,5.54907608489522,1.7227665977411035,11.080618310893968
1.6094379124341003,1.6094379124341003,5.54907608489522,1.7227665977411035,11.080618310893968
1.6094379124341003,1.9459101490553132,4.859812404361672,1.656912476933601,11.694421681264394
1.6094379124341003,1.0986122886681098,4.859812404361672,1.7047480922384253,10.712215345197256
1.6094379124341003,1.6094379124341003,5.54907608489522,1.7227665977411035,11.080618310893968
1.6094379124341003,1.6094379124341003,4.859812404361672,1.7227665977411035,11.141861783579396
1.6094379124341003,1.6094379124341003,4.859812404361672,1.7227665977411035,10.91328684226798
1.6094379124341003,1.3862943611198906,4.174387269895637,1.7227665977411035,10.668955394675699
1.6094379124341003,1.9459101490553132,4.859812404361672,1.656912476933601,11.774527900858468
1.6094379124341003,1.6094379124341003,5.54907608489522,1.7227665977411035,11.080618310893968
1.6094379124341003,1.3862943611198906,4.174387269895637,1.7227665977411035,10.668955394675699
1.6094379124341003,1.6094379124341003,4.859812404361672,1.7227665977411035,10.91328684226798
1.6094379124341003,1.6094379124341003,5.54907608489522,1.7227665977411035,11.080618310893968
1.6094379124341003,1.6094379124341003,5.54907608489522,1.7404661748405046,11.789806920177805
1.6094379124341003,1.6094379124341003,6.240275845170769,1.656912476933601,11.60733523953139
1.6094379124341003,1.0986122886681098,5.54907608489522,1.7404661748405046,11.308370569092329
1.6094379124341003,1.3862943611198906,5.54907608489522,1.7227665977411035,11.428467189677395
1.6094379124341003,1.6094379124341003,5.54907608489522,1.7227665977411035,11.080618310893968
1.6094379124341003,1.3862943611198906,5.54907608489522,1.7227665977411035,11.428467189677395
1.6094379124341003,1.6094379124341003,4.859812404361672,1.7227665977411035,10.91328684226798
1.6094379124341003,1.6094379124341003,5.54907608489522,1.7227665977411035,11.080618310893968
1.6094379124341003,1.6094379124341003,5.54907608489522,1.7404661748405046,11.789806920177805
1.6094379124341003,1.6094379124341003,4.174387269895637,1.7227665977411035,11.211820372186306
1.6094379124341003,1.3862943611198906,5.54907608489522,1.7227665977411035,11.428467189677395
1.6094379124341003,1.3862943611198906,5.54907608489522,1.7227665977411035,11.428467189677395
1.6094379124341003,1.6094379124341003,4.859812404361672,1.7227665977411035,10.91328684226798
1.6094379124341003,1.0986122886681098,5.54907608489522,1.7047480922384253,10.91328684226798
1.6094379124341003,1.6094379124341003,5.54907608489522,1.7227665977411035,11.27720313144916
1.6094379124341003,1.6094379124341003,4.174387269895637,1.7227665977411035,10.817796321618971
1.6094379124341003,0.6931471805599453,4.174387269895637,1.6863989535702288,10.714417768752456
1.6094379124341003,1.6094379124341003,4.174387269895637,1.7404661748405046,11.670792089258995
1.6094379124341003,1.9459101490553132,6.240275845170769,1.656912476933601,11.511934974596555
1.6094379124341003,1.6094379124341003,5.54907608489522,1.7227665977411035,11.080618310893968
1.6094379124341003,1.6094379124341003,5.54907608489522,1.7227665977411035,11.080618310893968
1.6094379124341003,0.6931471805599453,4.859812404361672,1.7047480922384253,10.799575577092764
1.6094379124341003,1.6094379124341003,6.240275845170769,1.7227665977411035,11.8515453936489
1.6094379124341003,1.9459101490553132,4.859812404361672,1.656912476933601,11.774527900858468
1.6094379124341003,1.6094379124341003,5.54907608489522,1.7404661748405046,11.789806920177805
1.6094379124341003,1.0986122886681098,2.833213344056216,1.6863989535702288,10.819778284410283
1.6094379124341003,1.3862943611198906,4.174387269895637,1.7227665977411035,10.668955394675699
1.6094379124341003,1.6094379124341003,6.240275845170769,1.7227665977411035,11.8515453936489
1.6094379124341003,1.9459101490553132,5.54907608489522,1.656912476933601,11.848690308590857
1.6094379124341003,1.0986122886681098,4.174387269895637,1.7404661748405046,10.571316925111784
1.6094379124341003,1.6094379124341003,4.174387269895637,1.7227665977411035,11.289781913656018
1.6094379124341003,1.6094379124341003,4.859812404361672,1.7227665977411035,10.91328684226798
1.6094379124341003,0.6931471805599453,2.833213344056216,1.7047480922384253,10.596634733096073
1.6094379124341003,1.6094379124341003,6.240275845170769,1.7227665977411035,11.88380602959621
1.6094379124341003,1.3862943611198906,5.54907608489522,1.791759469228055,11.355113089309977
1.6094379124341003,1.0986122886681098,3.4965075614664802,1.7047480922384253,10.138559674715612
1.6094379124341003,1.6094379124341003,4.174387269895637,1.7227665977411035,11.289781913656018
1.6094379124341003,1.6094379124341003,4.174387269895637,1.7227665977411035,11.289781913656018
1.6094379124341003,1.6094379124341003,6.240275845170769,1.7227665977411035,11.8515453936489
1.6094379124341003,1.0986122886681098,3.4965075614664802,1.7047480922384253,10.126631103850338
1.6094379124341003,1.6094379124341003,5.54907608489522,1.7404661748405046,11.251560700835821
1.6094379124341003,1.6094379124341003,4.174387269895637,1.7404661748405046,11.05089000537367
1.6094379124341003,1.6094379124341003,4.174387269895637,1.7227665977411035,11.289781913656018
1.6094379124341003,1.0986122886681098,3.4965075614664802,1.7047480922384253,10.126631103850338
1.6094379124341003,1.0986122886681098,3.4965075614664802,1.6863989535702288,10.460270761075149
1.6094379124341003,1.3862943611198906,3.4965075614664802,1.7047480922384253,10.51867319162636
1.6094379124341003,1.3862943611198906,5.54907608489522,1.7227665977411035,11.349241150793087
1.6094379124341003,1.6094379124341003,5.54907608489522,1.7227665977411035,11.706030338921243
1.6094379124341003,1.0986122886681098,5.54907608489522,1.7404661748405046,11.217224661591072
1.6094379124341003,1.0986122886681098,4.859812404361672,1.7047480922384253,10.460270761075149
1.6094379124341003,0.6931471805599453,4.174387269895637,1.6863989535702288,11.042937835596494
1.6094379124341003,1.9459101490553132,6.240275845170769,1.656912476933601,11.511934974596555
1.6094379124341003,1.0986122886681098,3.4965075614664802,1.7047480922384253,10.138559674715612
1.6094379124341003,1.0986122886681098,3.4965075614664802,1.7047480922384253,10.126631103850338
1.6094379124341003,1.6094379124341003,5.54907608489522,1.7404661748405046,11.251560700835821
1.6094379124341003,1.3862943611198906,4.859812404361672,1.7047480922384253,10.666650414667744
1.6094379124341003,1.3862943611198906,3.4965075614664802,1.7047480922384253,10.51867319162636
1.6094379124341003,1.6094379124341003,5.54907608489522,1.7227665977411035,11.706030338921243
1.6094379124341003,1.0986122886681098,2.833213344056216,1.7047480922384253,10.373491181781864
1.6094379124341003,1.0986122886681098,3.4965075614664802,1.7047480922384253,10.126631103850338
1.6094379124341003,1.6094379124341003,5.54907608489522,1.7404661748405046,11.789806920177805
1.6094379124341003,1.0986122886681098,3.4965075614664802,1.7047480922384253,10.138559674715612
1.6094379124341003,1.0986122886681098,3.4965075614664802,1.7047480922384253,10.138559674715612
1.6094379124341003,1.3862943611198906,5.54907608489522,1.7227665977411035,11.428467189677395
1.6094379124341003,0.6931471805599453,2.833213344056216,1.6863989535702288,10.518429918794682
1.6094379124341003,0.6931471805599453,4.859812404361672,1.6863989535702288,10.819778284410283
1.6094379124341003,1.3862943611198906,5.54907608489522,1.7227665977411035,11.428467189677395
1.6094379124341003,1.3862943611198906,4.859812404361672,1.7227665977411035,10.778956289890028
1.6094379124341003,1.0986122886681098,3.4965075614664802,1.7047480922384253,10.126631103850338
1.6094379124341003,1.0986122886681098,4.859812404361672,1.6863989535702288,11.156264806643742
1.6094379124341003,1.3862943611198906,5.54907608489522,1.7047480922384253,11.355113089309977
1.6094379124341003,1.0986122886681098,4.859812404361672,1.7047480922384253,10.460270761075149
1.6094379124341003,1.0986122886681098,4.174387269895637,1.7047480922384253,10.819778284410283
1.6094379124341003,1.3862943611198906,5.54907608489522,1.7047480922384253,11.355113089309977
1.6094379124341003,1.6094379124341003,4.859812404361672,1.7227665977411035,10.91328684226798
1.6094379124341003,1.0986122886681098,4.859812404361672,1.7047480922384253,10.933106969717286
1.6094379124341003,0.6931471805599453,2.833213344056216,1.6863989535702288,10.505067539570582
1.6094379124341003,1.0986122886681098,2.833213344056216,1.6863989535702288,10.819778284410283
1.6094379124341003,1.3862943611198906,4.174387269895637,1.7227665977411035,10.817796321618971
1.6094379124341003,1.9459101490553132,6.240275845170769,1.656912476933601,11.917730355182513
1.6094379124341003,1.0986122886681098,2.833213344056216,1.7047480922384253,10.645424897265505
1.6094379124341003,1.0986122886681098,2.833213344056216,1.6863989535702288,10.819778284410283
1.6094379124341003,0.6931471805599453,4.859812404361672,1.6863989535702288,11.177466714598282
1.6094379124341003,1.9459101490553132,6.240275845170769,1.656912476933601,11.917730355182513
1.6094379124341003,1.0986122886681098,4.174387269895637,1.6863989535702288,11.002099841204238
1.6094379124341003,1.0986122886681098,4.174387269895637,1.6863989535702288,11.002099841204238
1.6094379124341003,1.0986122886681098,4.174387269895637,1.7047480922384253,10.819778284410283
1.6094379124341003,1.6094379124341003,6.240275845170769,1.7227665977411035,11.88380602959621
1.6094379124341003,1.3862943611198906,4.174387269895637,1.7227665977411035,11.428467189677395
1.6094379124341003,1.3862943611198906,4.859812404361672,1.7047480922384253,10.666650414667744
1.6094379124341003,1.6094379124341003,6.240275845170769,1.7404661748405046,11.812296455066814
1.6094379124341003,0.6931471805599453,3.4965075614664802,1.6863989535702288,10.334652895494106
1.6094379124341003,0.6931471805599453,3.4965075614664802,1.6863989535702288,10.334652895494106
1.6094379124341003,1.9459101490553132,6.240275845170769,1.656912476933601,11.511934974596555
1.6094379124341003,0.6931471805599453,4.859812404361672,1.6863989535702288,11.177466714598282
1.6094379124341003,1.0986122886681098,4.174387269895637,1.6863989535702288,11.002099841204238
1.6094379124341003,1.0986122886681098,3.4965075614664802,1.6863989535702288,10.460270761075149
1.6094379124341003,1.3862943611198906,5.54907608489522,1.7047480922384253,11.355113089309977
1.6094379124341003,0.6931471805599453,2.833213344056216,1.6863989535702288,10.859018228147887
1.6094379124341003,1.3862943611198906,3.4965075614664802,1.7047480922384253,10.51867319162636
1.6094379124341003,1.0986122886681098,2.833213344056216,1.7047480922384253,11.034905792929415
1.6094379124341003,1.0986122886681098,4.174387269895637,1.7047480922384253,10.571316925111784
1.6094379124341003,1.3862943611198906,5.54907608489522,1.7047480922384253,11.355113089309977
1.6094379124341003,1.6094379124341003,4.174387269895637,1.7227665977411035,11.211820372186306
1.6094379124341003,1.9459101490553132,6.240275845170769,1.656912476933601,11.511934974596555
1.6094379124341003,1.6094379124341003,4.174387269895637,1.7227665977411035,11.211820372186306
1.6094379124341003,1.0986122886681098,3.4965075614664802,1.6863989535702288,10.460270761075149
1.6094379124341003,0.6931471805599453,4.174387269895637,1.7047480922384253,10.799575577092764
1.6094379124341003,1.6094379124341003,5.54907608489522,1.7404661748405046,11.251560700835821
1.6094379124341003,0.6931471805599453,4.174387269895637,1.7047480922384253,10.799575577092764
1.6094379124341003,1.6094379124341003,4.174387269895637,1.7404661748405046,11.05089000537367
1.6094379124341003,1.3862943611198906,4.859812404361672,1.7047480922384253,10.666650414667744
1.6094379124341003,1.3862943611198906,4.859812404361672,1.7047480922384253,10.666650414667744
1.6094379124341003,1.3862943611198906,5.54907608489522,1.7047480922384253,11.355113089309977
1.6094379124341003,1.0986122886681098,4.859812404361672,1.7047480922384253,10.460270761075149
1.6094379124341003,1.0986122886681098,4.859812404361672,1.7047480922384253,10.933106969717286
1.6094379124341003,1.0986122886681098,3.4965075614664802,1.6863989535702288,10.460270761075149
1.6094379124341003,1.6094379124341003,5.54907608489522,1.7227665977411035,11.706030338921243
1.6094379124341003,1.3862943611198906,4.859812404361672,1.7047480922384253,10.666650414667744
1.6094379124341003,1.9459101490553132,6.240275845170769,1.656912476933601,11.511934974596555
1.6094379124341003,1.0986122886681098,4.859812404361672,1.7047480922384253,10.460270761075149
1.6094379124341003,1.6094379124341003,4.174387269895637,1.7404661748405046,11.05089000537367
1.6094379124341003,1.6094379124341003,4.174387269895637,1.7404661748405046,11.05089000537367
1.6094379124341003,1.9459101490553132,6.240275845170769,1.656912476933601,11.917730355182513
1.6094379124341003,1.6094379124341003,5.54907608489522,1.7227665977411035,11.27720313144916
1.6094379124341003,1.0986122886681098,4.859812404361672,1.7047480922384253,10.460270761075149
1.6094379124341003,1.6094379124341003,5.54907608489522,1.7227665977411035,11.511934974596555
1.6094379124341003,1.3862943611198906,4.859812404361672,1.7047480922384253,10.666650414667744
1.6094379124341003,1.0986122886681098,4.174387269895637,1.6863989535702288,11.002099841204238
1.6094379124341003,1.6094379124341003,5.54907608489522,1.7227665977411035,11.27720313144916
1.6094379124341003,1.6094379124341003,6.240275845170769,1.7227665977411035,11.88380602959621
1.6094379124341003,1.0986122886681098,5.54907608489522,1.7047480922384253,11.217224661591072
1.6094379124341003,0.6931471805599453,2.833213344056216,1.7047480922384253,10.621327345686446
1.6094379124341003,1.0986122886681098,5.54907608489522,1.7047480922384253,11.217224661591072
1.6094379124341003,1.6094379124341003,5.54907608489522,1.7227665977411035,11.27720313144916
1.6094379124341003,1.0986122886681098,5.54907608489522,1.7047480922384253,11.217224661591072
1.6094379124341003,1.3862943611198906,5.54907608489522,1.7227665977411035,11.579658451506333
1.6094379124341003,1.0986122886681098,5.54907608489522,1.7047480922384253,11.217224661591072
1.6094379124341003,1.0986122886681098,4.174387269895637,1.7047480922384253,11.184435286790631
1.6094379124341003,1.0986122886681098,4.859812404361672,1.6863989535702288,11.156264806643742
1.6094379124341003,1.6094379124341003,4.174387269895637,1.7227665977411035,10.817796321618971
1.6094379124341003,1.6094379124341003,5.54907608489522,1.7047480922384253,11.217224661591072
1.6094379124341003,0.6931471805599453,4.859812404361672,1.7047480922384253,11.296024885689746
1.6094379124341003,0.6931471805599453,4.174387269895637,1.7047480922384253,11.177466714598282
1.6094379124341003,1.6094379124341003,4.174387269895637,1.7227665977411035,10.817796321618971
1.6094379124341003,0.6931471805599453,4.174387269895637,1.6863989535702288,11.034905792929415
1.6094379124341003,1.6094379124341003,5.54907608489522,1.7227665977411035,11.774527900858468
1.6094379124341003,1.3862943611198906,5.54907608489522,1.7227665977411035,11.579658451506333
1.6094379124341003,1.6094379124341003,4.859812404361672,1.7227665977411035,10.91328684226798
1.6094379124341003,1.0986122886681098,4.174387269895637,1.7047480922384253,10.819778284410283
1.6094379124341003,1.6094379124341003,5.54907608489522,1.7227665977411035,11.080618310893968
1.6094379124341003,1.0986122886681098,4.859812404361672,1.7047480922384253,10.933106969717286
1.6094379124341003,1.0986122886681098,2.833213344056216,1.6863989535702288,11.184435286790631
1.6094379124341003,1.3862943611198906,3.4965075614664802,1.7047480922384253,10.51867319162636
1.6094379124341003,1.0986122886681098,2.833213344056216,1.7047480922384253,10.645424897265505
1.6094379124341003,1.3862943611198906,4.174387269895637,1.7227665977411035,11.428467189677395
1.6094379124341003,1.0986122886681098,3.4965075614664802,1.656912476933601,10.305647203635566
1.3862943611198906,1.9459101490553132,4.859812404361672,1.667706820558076,9.615805480084347
1.3862943611198906,1.6094379124341003,4.174387269895637,1.667706820558076,9.472704636443673
1.3862943611198906,1.9459101490553132,4.859812404361672,1.667706820558076,9.615805480084347
1.3862943611198906,1.6094379124341003,4.174387269895637,1.667706820558076,9.472704636443673
1.3862943611198906,1.6094379124341003,4.174387269895637,1.6486586255873816,9.350102314351341
1.3862943611198906,1.6094379124341003,4.174387269895637,1.6486586255873816,9.350102314351341
1.3862943611198906,2.1972245773362196,4.859812404361672,1.667706820558076,9.949893925350283
1.3862943611198906,1.3862943611198906,3.4965075614664802,1.6486586255873816,9.163248764442333
1.3862943611198906,1.6094379124341003,4.174387269895637,1.6486586255873816,9.350102314351341
1.3862943611198906,1.6094379124341003,1.0986122886681098,1.667706820558076,7.0909098220799835
1.3862943611198906,1.0986122886681098,3.4965075614664802,1.6094379124341003,9.02401079378469
1.3862943611198906,1.6094379124341003,4.174387269895637,1.6486586255873816,9.680344001221918
1.3862943611198906,1.9459101490553132,4.859812404361672,1.667706820558076,9.825526011066415
1.3862943611198906,1.6094379124341003,4.859812404361672,1.6486586255873816,9.433483923290392
1.3862943611198906,1.9459101490553132,4.859812404361672,1.667706820558076,9.894396352524348
1.3862943611198906,1.6094379124341003,4.174387269895637,1.6486586255873816,9.351058378915061
1.3862943611198906,1.9459101490553132,4.859812404361672,1.667706820558076,9.789534672460096
1.3862943611198906,1.3862943611198906,3.4965075614664802,1.6486586255873816,9.17367638760459
1.3862943611198906,1.6094379124341003,4.174387269895637,1.6486586255873816,9.39182824802156
1.3862943611198906,1.3862943611198906,3.4965075614664802,1.6094379124341003,9.088285725968877
1.3862943611198906,1.6094379124341003,4.174387269895637,1.6486586255873816,9.404672841436273
1.3862943611198906,1.6094379124341003,4.859812404361672,1.6486586255873816,9.433483923290392
1.3862943611198906,1.6094379124341003,4.174387269895637,1.6094379124341003,9.4898642567265
1.3862943611198906,1.6094379124341003,4.859812404361672,1.6486586255873816,9.433483923290392
1.3862943611198906,2.1972245773362196,4.859812404361672,1.6486586255873816,10.068874864289374
1.3862943611198906,1.9459101490553132,4.174387269895637,1.6486586255873816,9.605081516721372
1.3862943611198906,2.1972245773362196,4.859812404361672,1.667706820558076,9.869465303921691
1.3862943611198906,1.6094379124341003,4.174387269895637,1.6486586255873816,9.680344001221918
1.3862943611198906,1.9459101490553132,4.859812404361672,1.656912476933601,9.975808214115753
1.3862943611198906,1.0986122886681098,3.4965075614664802,1.6094379124341003,9.015541293671115
1.3862943611198906,1.9459101490553132,4.859812404361672,1.589235205116581,9.615805480084347
1.3862943611198906,1.6094379124341003,1.0986122886681098,1.667706820558076,7.75833346749091
1.3862943611198906,1.3862943611198906,3.4965075614664802,1.6094379124341003,9.093581811365986
1.3862943611198906,1.9459101490553132,4.174387269895637,1.667706820558076,9.698920386794853
1.3862943611198906,1.9459101490553132,4.859812404361672,1.6486586255873816,9.769956159911606
1.3862943611198906,2.1972245773362196,4.859812404361672,1.6486586255873816,9.998797732340453
1.3862943611198906,2.1972245773362196,5.54907608489522,1.667706820558076,11.396391648714276
1.3862943611198906,1.3862943611198906,3.4965075614664802,1.6486586255873816,9.209439966733019
1.3862943611198906,1.6094379124341003,4.174387269895637,1.6486586255873816,9.433483923290392
1.3862943611198906,1.3862943611198906,3.4965075614664802,1.6486586255873816,9.159047077588632
1.3862943611198906,2.1972245773362196,4.859812404361672,1.667706820558076,10.46310334047155
1.3862943611198906,1.9459101490553132,4.859812404361672,1.667706820558076,9.88969284151394
1.3862943611198906,2.1972245773362196,4.859812404361672,1.667706820558076,9.833869485655258
1.3862943611198906,1.6094379124341003,4.174387269895637,1.6486586255873816,9.594990340370426
1.3862943611198906,2.1972245773362196,4.859812404361672,1.667706820558076,10.021270588192511
1.3862943611198906,1.9459101490553132,4.859812404361672,1.589235205116581,9.615805480084347
1.3862943611198906,2.1972245773362196,4.859812404361672,1.667706820558076,11.350406535472453
1.3862943611198906,1.6094379124341003,4.174387269895637,1.6486586255873816,9.598998361767967
1.3862943611198906,1.9459101490553132,4.859812404361672,1.6486586255873816,9.581283046045924
1.3862943611198906,2.1972245773362196,4.859812404361672,1.667706820558076,11.350406535472453
1.3862943611198906,1.9459101490553132,4.859812404361672,1.667706820558076,9.902487052202545
1.3862943611198906,1.9459101490553132,4.859812404361672,1.6486586255873816,10.085809109330082
1.3862943611198906,1.9459101490553132,4.859812404361672,1.589235205116581,9.670546158741807
1.3862943611198906,2.1972245773362196,4.859812404361672,1.7047480922384253,10.532096211958502
1.3862943611198906,1.9459101490553132,4.859812404361672,1.667706820558076,9.774460286799892
1.3862943611198906,1.6094379124341003,4.174387269895637,1.656912476933601,9.539644119118783
1.3862943611198906,1.6094379124341003,4.174387269895637,1.667706820558076,9.332558004700433
1.3862943611198906,1.9459101490553132,4.859812404361672,1.656912476933601,9.998797732340453
1.3862943611198906,2.1972245773362196,4.859812404361672,1.7047480922384253,10.532096211958502
1.3862943611198906,1.9459101490553132,4.859812404361672,1.6486586255873816,10.085809109330082
1.3862943611198906,1.0986122886681098,3.4965075614664802,1.6094379124341003,9.022805248129341
1.3862943611198906,1.9459101490553132,4.859812404361672,1.6486586255873816,9.769956159911606
1.3862943611198906,1.9459101490553132,4.859812404361672,1.6486586255873816,9.769956159911606
1.3862943611198906,2.1972245773362196,6.240275845170769,1.7047480922384253,10.819778284410283
1.3862943611198906,1.9459101490553132,4.174387269895637,1.667706820558076,9.680344001221918
1.3862943611198906,1.9459101490553132,4.859812404361672,1.6486586255873816,10.085809109330082
1.3862943611198906,1.9459101490553132,4.859812404361672,1.589235205116581,9.711115659888671
1.3862943611198906,1.9459101490553132,4.859812404361672,1.667706820558076,10.221941283654663
1.3862943611198906,1.9459101490553132,4.859812404361672,1.589235205116581,9.615805480084347
1.3862943611198906,1.3862943611198906,3.4965075614664802,1.6486586255873816,9.371182897093012
1.3862943611198906,1.9459101490553132,4.859812404361672,1.667706820558076,9.825526011066415
1.3862943611198906,1.9459101490553132,4.859812404361672,1.62924053973028,9.985113621416073
1.3862943611198906,1.9459101490553132,4.859812404361672,1.667706820558076,10.221941283654663
1.3862943611198906,1.9459101490553132,4.859812404361672,1.62924053973028,9.985113621416073
1.3862943611198906,1.9459101490553132,4.859812404361672,1.589235205116581,9.615805480084347
1.3862943611198906,1.9459101490553132,4.859812404361672,1.667706820558076,9.825526011066415
1.3862943611198906,2.1972245773362196,4.859812404361672,1.656912476933601,10.819598268208338
1.3862943611198906,1.9459101490553132,4.859812404361672,1.667706820558076,9.861571209434837
1.3862943611198906,1.3862943611198906,3.4965075614664802,1.6094379124341003,9.350102314351341
1.3862943611198906,1.6094379124341003,4.174387269895637,1.6486586255873816,9.259130536145614
1.3862943611198906,1.9459101490553132,4.174387269895637,1.6486586255873816,9.629050706834368
1.3862943611198906,1.6094379124341003,4.174387269895637,1.6486586255873816,9.433483923290392
1.3862943611198906,2.1972245773362196,6.240275845170769,1.7227665977411035,11.429554725537322
1.3862943611198906,1.6094379124341003,4.174387269895637,1.6486586255873816,9.615805480084347
1.3862943611198906,1.9459101490553132,4.174387269895637,1.667706820558076,9.740968623038354
1.3862943611198906,1.9459101490553132,4.859812404361672,1.589235205116581,9.711115659888671
1.3862943611198906,1.6094379124341003,4.174387269895637,1.667706820558076,9.367344120785848
1.3862943611198906,0.6931471805599453,2.833213344056216,1.589235205116581,8.909235279192261
1.3862943611198906,1.9459101490553132,4.859812404361672,1.589235205116581,9.679718805828
1.3862943611198906,2.1972245773362196,4.859812404361672,1.7047480922384253,10.532096211958502
1.3862943611198906,1.9459101490553132,4.859812404361672,1.667706820558076,10.126271039034782
1.3862943611198906,2.1972245773362196,4.859812404361672,1.667706820558076,9.903037451255743
1.3862943611198906,1.6094379124341003,4.174387269895637,1.6486586255873816,9.615805480084347
1.3862943611198906,2.1972245773362196,5.54907608489522,1.667706820558076,11.26446410567173
1.3862943611198906,1.6094379124341003,1.0986122886681098,1.667706820558076,7.3938782901077555
1.3862943611198906,2.1972245773362196,4.859812404361672,1.6863989535702288,10.275051108968611
1.3862943611198906,1.9459101490553132,4.859812404361672,1.589235205116581,9.633776365405584
1.3862943611198906,1.9459101490553132,4.859812404361672,1.667706820558076,10.596409707779776
1.3862943611198906,1.3862943611198906,3.4965075614664802,1.6486586255873816,9.371268036082466
1.3862943611198906,2.1972245773362196,4.859812404361672,1.6863989535702288,10.221941283654663
1.3862943611198906,1.6094379124341003,1.0986122886681098,1.667706820558076,7.3938782901077555
1.3862943611198906,1.6094379124341003,4.174387269895637,1.6486586255873816,9.331761227180522
1.3862943611198906,1.6094379124341003,1.0986122886681098,1.667706820558076,7.226936018493289
1.3862943611198906,1.6094379124341003,2.833213344056216,1.667706820558076,7.3938782901077555
1.3862943611198906,2.1972245773362196,4.859812404361672,1.667706820558076,10.32551474894327
1.3862943611198906,2.833213344056216,1.0986122886681098,1.6486586255873816,7.613818684808629
1.3862943611198906,1.6094379124341003,4.174387269895637,1.6486586255873816,9.680344001221918
1.3862943611198906,1.6094379124341003,1.0986122886681098,1.667706820558076,7.00397413672268
1.3862943611198906,1.0986122886681098,3.4965075614664802,1.589235205116581,8.699514748210191
1.3862943611198906,1.6094379124341003,2.833213344056216,1.6486586255873816,7.544861068658458
1.3862943611198906,1.6094379124341003,1.0986122886681098,1.6486586255873816,7.27655640271871
1.3862943611198906,1.6094379124341003,4.174387269895637,1.6486586255873816,9.369990189505721
1.3862943611198906,2.1972245773362196,4.859812404361672,1.667706820558076,9.99656797555214
1.3862943611198906,1.9459101490553132,4.859812404361672,1.667706820558076,9.79757132694458
1.3862943611198906,1.9459101490553132,4.859812404361672,1.667706820558076,9.937744041214218
1.3862943611198906,2.1972245773362196,4.859812404361672,1.6486586255873816,10.019090435608215
1.3862943611198906,2.1972245773362196,4.859812404361672,1.656912476933601,10.126631103850338
1.3862943611198906,1.6094379124341003,4.174387269895637,1.62924053973028,9.249464926660233
1.3862943611198906,1.3862943611198906,3.4965075614664802,1.6486586255873816,9.371268036082466
1.3862943611198906,1.6094379124341003,1.0986122886681098,1.6486586255873816,7.27655640271871
1.3862943611198906,1.6094379124341003,4.174387269895637,1.6486586255873816,9.369990189505721
1.3862943611198906,1.6094379124341003,4.174387269895637,1.6486586255873816,9.642122788401721
1.3862943611198906,1.3862943611198906,3.4965075614664802,1.6486586255873816,9.371268036082466
1.3862943611198906,1.6094379124341003,1.0986122886681098,1.667706820558076,7.280008252884188
1.3862943611198906,1.6094379124341003,1.0986122886681098,1.667706820558076,7.280008252884188
1.3862943611198906,1.0986122886681098,3.4965075614664802,1.589235205116581,8.699514748210191
1.3862943611198906,1.6094379124341003,4.859812404361672,1.667706820558076,9.615805480084347
1.3862943611198906,1.9459101490553132,4.174387269895637,1.7047480922384253,11.156264806643742
1.3862943611198906,1.3862943611198906,3.4965075614664802,1.6486586255873816,9.159047077588632
1.3862943611198906,1.6094379124341003,4.174387269895637,1.6486586255873816,9.648014489106362
1.3862943611198906,1.6094379124341003,4.174387269895637,1.667706820558076,9.546812608597396
1.3862943611198906,1.9459101490553132,4.859812404361672,1.667706820558076,9.791941277791215
1.3862943611198906,1.6094379124341003,4.174387269895637,1.6863989535702288,10.150386692204734
1.3862943611198906,0.9162907318741551,2.1972245773362196,1.6486586255873816,9.046762057999363
1.3862943611198906,1.9459101490553132,4.859812404361672,1.6486586255873816,9.54574060563606
1.3862943611198906,1.9459101490553132,4.859812404361672,1.667706820558076,10.491274217438248
1.3862943611198906,1.3862943611198906,3.4965075614664802,1.6486586255873816,9.159047077588632
1.3862943611198906,1.9459101490553132,4.859812404361672,1.667706820558076,10.33854382482173
1.3862943611198906,1.9459101490553132,4.859812404361672,1.667706820558076,9.774289614064447
1.3862943611198906,2.1972245773362196,5.54907608489522,1.667706820558076,10.907789161732996
1.3862943611198906,1.6094379124341003,4.174387269895637,1.6486586255873816,9.433483923290392
1.3862943611198906,1.6094379124341003,4.859812404361672,1.667706820558076,9.615805480084347
1.3862943611198906,1.9459101490553132,4.174387269895637,1.6486586255873816,9.903487552536127
1.3862943611198906,1.6094379124341003,1.0986122886681098,1.6486586255873816,7.756623334538858
1.3862943611198906,1.9459101490553132,4.859812404361672,1.667706820558076,9.852194258148577
1.3862943611198906,1.6094379124341003,4.174387269895637,1.6486586255873816,9.798127036878302
1.3862943611198906,1.9459101490553132,4.859812404361672,1.667706820558076,10.233186904869912
1.3862943611198906,1.6094379124341003,4.174387269895637,1.667706820558076,9.433483923290392
1.3862943611198906,1.6094379124341003,1.0986122886681098,1.6486586255873816,7.7406644019172415
1.3862943611198906,1.9459101490553132,4.859812404361672,1.6486586255873816,9.60642831827175
1.3862943611198906,1.3862943611198906,3.4965075614664802,1.6094379124341003,9.350102314351341
1.3862943611198906,0.6931471805599453,2.833213344056216,1.589235205116581,8.517193191416238
1.3862943611198906,1.6094379124341003,4.174387269895637,1.6486586255873816,9.546812608597396
1.3862943611198906,1.0986122886681098,1.0986122886681098,1.62924053973028,7.783224016336037
1.3862943611198906,1.6094379124341003,4.174387269895637,1.6863989535702288,10.165851817003619
1.3862943611198906,0.9162907318741551,2.1972245773362196,1.6486586255873816,9.046762057999363
1.3862943611198906,1.3862943611198906,3.4965075614664802,1.6094379124341003,9.350102314351341
1.3862943611198906,1.6094379124341003,1.0986122886681098,1.6486586255873816,7.733245646529795
1.3862943611198906,2.5649493574615367,5.54907608489522,1.7047480922384253,11.429543856031177
1.3862943611198906,1.3862943611198906,3.4965075614664802,1.6486586255873816,9.305650551780507
1.3862943611198906,3.4965075614664802,2.833213344056216,1.62924053973028,8.01102337918644
1.3862943611198906,1.6094379124341003,4.174387269895637,1.667706820558076,9.60918360377546
1.3862943611198906,1.3862943611198906,3.4965075614664802,1.6486586255873816,9.733884768149949
1.3862943611198906,2.1972245773362196,5.54907608489522,1.667706820558076,11.26446410567173
1.3862943611198906,2.1972245773362196,4.859812404361672,1.6094379124341003,10.819778284410283
1.3862943611198906,1.6094379124341003,4.859812404361672,1.667706820558076,9.809176873064887
1.3862943611198906,2.1972245773362196,4.859812404361672,1.6094379124341003,10.819778284410283
1.3862943611198906,1.6094379124341003,4.174387269895637,1.6863989535702288,9.79762691183662
1.3862943611198906,0.6931471805599453,2.1972245773362196,1.6486586255873816,8.77971129020447
1.3862943611198906,1.3862943611198906,3.4965075614664802,1.6863989535702288,9.472012088995733
1.3862943611198906,1.6094379124341003,4.174387269895637,1.7047480922384253,9.615205300012315
1.3862943611198906,2.1972245773362196,4.859812404361672,1.667706820558076,10.32551474894327
1.3862943611198906,3.4965075614664802,2.833213344056216,1.62924053973028,8.027150106832774
1.3862943611198906,1.3862943611198906,3.4965075614664802,1.667706820558076,9.465060106725137
1.3862943611198906,1.6094379124341003,1.0986122886681098,1.6486586255873816,7.62608275807238
1.3862943611198906,1.3862943611198906,3.4965075614664802,1.667706820558076,9.305741456739435
1.3862943611198906,1.6094379124341003,4.174387269895637,1.7047480922384253,9.615205300012315
1.3862943611198906,1.3862943611198906,3.4965075614664802,1.6094379124341003,9.09301972939964
1.3862943611198906,1.6094379124341003,4.174387269895637,1.667706820558076,9.679781342959442
1.3862943611198906,1.0986122886681098,2.833213344056216,1.667706820558076,8.922791623969637
1.3862943611198906,1.3862943611198906,3.4965075614664802,1.667706820558076,9.615538777855802
1.3862943611198906,1.6094379124341003,4.174387269895637,1.6863989535702288,9.54652685348758
1.3862943611198906,1.3862943611198906,3.4965075614664802,1.667706820558076,9.392745258631441
1.3862943611198906,2.1972245773362196,4.859812404361672,1.667706820558076,10.308919326755392
1.3862943611198906,1.6094379124341003,3.4965075614664802,1.667706820558076,9.796069365768835
1.3862943611198906,1.6094379124341003,3.4965075614664802,1.667706820558076,9.796069365768835
1.3862943611198906,1.0986122886681098,2.833213344056216,1.667706820558076,8.987196820661973
1.3862943611198906,1.3862943611198906,3.4965075614664802,1.667706820558076,9.349319399257634
1.3862943611198906,0.6931471805599453,2.1972245773362196,1.6486586255873816,8.77971129020447
1.3862943611198906,2.1972245773362196,4.859812404361672,1.667706820558076,10.341452118734878
1.3862943611198906,1.9459101490553132,4.859812404361672,1.589235205116581,9.711115659888671
1.3862943611198906,1.6094379124341003,4.174387269895637,1.667706820558076,9.546884034617925
1.3862943611198906,1.6094379124341003,4.174387269895637,1.667706820558076,9.517898598432753
1.3862943611198906,2.3978952727983707,1.0986122886681098,1.667706820558076,7.736743682453495
1.3862943611198906,0.6931471805599453,2.833213344056216,1.589235205116581,8.517193191416238
1.3862943611198906,1.0986122886681098,2.833213344056216,1.667706820558076,9.635608107380527
1.3862943611198906,2.5649493574615367,4.859812404361672,1.6486586255873816,11.542493975902508
1.3862943611198906,1.3862943611198906,3.4965075614664802,1.667706820558076,9.465060106725137
1.3862943611198906,2.5649493574615367,5.54907608489522,1.7047480922384253,11.429543856031177
1.3862943611198906,2.1972245773362196,6.240275845170769,1.7227665977411035,11.002099841204238
1.3862943611198906,1.0986122886681098,3.4965075614664802,1.667706820558076,9.071193240566025
1.3862943611198906,2.3978952727983707,1.0986122886681098,1.62924053973028,7.7406644019172415
1.3862943611198906,0.6931471805599453,2.1972245773362196,1.6486586255873816,8.732465848349879
1.3862943611198906,1.9459101490553132,4.859812404361672,1.62924053973028,9.903487552536127
1.3862943611198906,0.6931471805599453,2.1972245773362196,1.62924053973028,8.824677891164198
1.3862943611198906,1.9459101490553132,4.174387269895637,1.6863989535702288,10.085850775128717
1.3862943611198906,3.4965075614664802,1.0986122886681098,1.6094379124341003,8.006700845440367
1.3862943611198906,1.9459101490553132,4.174387269895637,1.6863989535702288,9.998388557730848
1.3862943611198906,0.6931471805599453,2.1972245773362196,1.6486586255873816,8.699681400989514
1.3862943611198906,1.0986122886681098,2.833213344056216,1.6863989535702288,9.305286849285137
1.3862943611198906,0.9162907318741551,2.1972245773362196,1.62924053973028,9.680344001221918
1.3862943611198906,1.0986122886681098,3.4965075614664802,1.667706820558076,9.071193240566025
1.3862943611198906,2.1972245773362196,6.240275845170769,1.7227665977411035,11.428467189677395
1.3862943611198906,1.3862943611198906,3.4965075614664802,1.6486586255873816,9.3048320350689
1.3862943611198906,1.6094379124341003,4.174387269895637,1.667706820558076,9.740439071085758
1.3862943611198906,1.6094379124341003,4.174387269895637,1.6863989535702288,9.798182590890704
1.3862943611198906,1.3862943611198906,3.4965075614664802,1.6486586255873816,9.474549088242322
1.3862943611198906,2.1972245773362196,4.859812404361672,1.6863989535702288,10.239959789157341
1.3862943611198906,1.6094379124341003,4.174387269895637,1.667706820558076,10.075295703313177
1.3862943611198906,1.0986122886681098,2.833213344056216,1.667706820558076,8.824677891164198
1.3862943611198906,1.0986122886681098,3.4965075614664802,1.667706820558076,8.986071187374463
1.3862943611198906,2.5649493574615367,0.6931471805599453,1.7047480922384253,11.678363629352566
1.3862943611198906,1.0986122886681098,2.833213344056216,1.667706820558076,9.15915233520675
1.3862943611198906,1.0986122886681098,2.833213344056216,1.6094379124341003,9.581972891547895
1.3862943611198906,1.6094379124341003,3.4965075614664802,1.667706820558076,9.791997176502765
1.3862943611198906,1.3862943611198906,3.4965075614664802,1.6486586255873816,9.080345575359996
1.3862943611198906,1.3862943611198906,3.4965075614664802,1.6094379124341003,10.712215345197256
1.3862943611198906,1.3862943611198906,3.4965075614664802,1.6094379124341003,8.997642078523512
1.3862943611198906,1.6094379124341003,1.0986122886681098,1.62924053973028,7.3777589082278725
1.3862943611198906,1.0986122886681098,3.4965075614664802,1.6094379124341003,8.974744612722734
1.3862943611198906,1.0986122886681098,3.4965075614664802,1.6863989535702288,9.194312610898985
1.3862943611198906,2.5649493574615367,5.54907608489522,1.7047480922384253,11.571194373094205
1.3862943611198906,1.3862943611198906,3.4965075614664802,1.6486586255873816,9.3048320350689
1.3862943611198906,1.3862943611198906,3.4965075614664802,1.6863989535702288,9.472012088995733
1.3862943611198906,1.0986122886681098,2.833213344056216,1.667706820558076,9.15915233520675
1.3862943611198906,1.0986122886681098,2.833213344056216,1.667706820558076,9.103979355984773
1.3862943611198906,1.6094379124341003,4.174387269895637,1.6863989535702288,9.770013301136158
1.3862943611198906,1.6094379124341003,1.0986122886681098,1.62924053973028,7.7406644019172415
1.3862943611198906,1.0986122886681098,2.833213344056216,1.6863989535702288,9.392328539868899
1.3862943611198906,1.0986122886681098,2.833213344056216,1.667706820558076,9.53249633228804
1.3862943611198906,1.3862943611198906,3.4965075614664802,1.6094379124341003,10.526748605631907
1.3862943611198906,1.6094379124341003,4.174387269895637,1.6863989535702288,9.851720461714246
1.3862943611198906,1.3862943611198906,3.4965075614664802,1.5686159179138452,10.16203685698089
1.3862943611198906,1.6094379124341003,4.174387269895637,1.6863989535702288,9.998388557730848
1.3862943611198906,1.6094379124341003,4.174387269895637,1.667706820558076,9.517898598432753
1.3862943611198906,1.3862943611198906,3.4965075614664802,1.667706820558076,9.510519035757246
1.3862943611198906,1.0986122886681098,3.4965075614664802,1.667706820558076,9.159047077588632
1.3862943611198906,1.6094379124341003,4.174387269895637,1.7047480922384253,9.158099260130491
1.3862943611198906,1.9459101490553132,4.174387269895637,1.6486586255873816,10.30865261563529
1.3862943611198906,1.3862943611198906,3.4965075614664802,1.6863989535702288,9.510519035757246
1.3862943611198906,1.6094379124341003,4.174387269895637,1.6863989535702288,9.87822102528824
1.3862943611198906,1.0986122886681098,2.833213344056216,1.6094379124341003,9.581972891547895
1.3862943611198906,1.6094379124341003,4.174387269895637,1.6863989535702288,9.87822102528824
1.3862943611198906,2.1972245773362196,4.859812404361672,1.6863989535702288,10.043249494911286
1.3862943611198906,1.9459101490553132,4.859812404361672,1.667706820558076,9.740968623038354
1.3862943611198906,1.6094379124341003,1.0986122886681098,1.667706820558076,7.278628942320682
1.3862943611198906,1.6094379124341003,4.174387269895637,1.6486586255873816,9.259130536145614
1.3862943611198906,1.6094379124341003,2.833213344056216,1.667706820558076,7.5406215286571525
1.3862943611198906,2.1972245773362196,4.859812404361672,1.6486586255873816,10.019090435608215
1.3862943611198906,2.1972245773362196,4.859812404361672,1.667706820558076,10.165851817003619
1.3862943611198906,1.9459101490553132,4.859812404361672,1.667706820558076,9.581903928408666
1.3862943611198906,2.1972245773362196,4.859812404361672,1.6863989535702288,10.257343526911063
1.3862943611198906,1.9459101490553132,4.859812404361672,1.667706820558076,9.581903928408666
1.3862943611198906,1.9459101490553132,4.174387269895637,1.667706820558076,9.680344001221918
1.3862943611198906,2.1972245773362196,4.859812404361672,1.656912476933601,10.126591103050316
1.3862943611198906,1.6094379124341003,4.174387269895637,1.62924053973028,9.210340371976184
1.3862943611198906,2.1972245773362196,4.859812404361672,1.6863989535702288,10.275051108968611
1.3862943611198906,2.1972245773362196,4.859812404361672,1.656912476933601,10.126631103850338
1.3862943611198906,2.1972245773362196,4.859812404361672,1.667706820558076,10.46310334047155
1.3862943611198906,1.9459101490553132,4.859812404361672,1.667706820558076,9.581903928408666
1.3862943611198906,1.6094379124341003,1.0986122886681098,1.6486586255873816,7.269616749608169
1.3862943611198906,1.9459101490553132,4.859812404361672,1.6863989535702288,9.739850350946302
1.3862943611198906,2.1972245773362196,4.859812404361672,1.667706820558076,10.46310334047155
1.3862943611198906,1.6094379124341003,4.174387269895637,1.667706820558076,9.615205300012315
1.3862943611198906,1.3862943611198906,3.4965075614664802,1.667706820558076,9.358760377094455
1.3862943611198906,1.9459101490553132,4.859812404361672,1.667706820558076,10.491274217438248
1.3862943611198906,1.9459101490553132,4.859812404361672,1.667706820558076,9.903487552536127
1.3862943611198906,2.1972245773362196,5.54907608489522,1.667706820558076,10.545341438708522
1.3862943611198906,1.9459101490553132,4.859812404361672,1.62924053973028,9.568084743872936
1.3862943611198906,1.6094379124341003,4.859812404361672,1.6486586255873816,9.615805480084347
1.3862943611198906,1.9459101490553132,4.859812404361672,1.667706820558076,9.95227771670556
1.3862943611198906,1.0986122886681098,2.833213344056216,1.589235205116581,9.998797732340453
1.3862943611198906,1.6094379124341003,4.174387269895637,1.62924053973028,9.350102314351341
1.3862943611198906,1.3862943611198906,3.4965075614664802,1.667706820558076,9.615205300012315
1.3862943611198906,1.3862943611198906,3.4965075614664802,1.6486586255873816,9.104979856318357
1.3862943611198906,1.6094379124341003,4.859812404361672,1.6486586255873816,9.615805480084347
1.3862943611198906,2.1972245773362196,4.859812404361672,1.6863989535702288,11.184421397998193
1.3862943611198906,1.3862943611198906,3.4965075614664802,1.667706820558076,9.358760377094455
1.3862943611198906,3.4965075614664802,1.0986122886681098,1.62924053973028,7.9724660159745655
1.3862943611198906,2.1972245773362196,4.859812404361672,1.667706820558076,10.165851817003619
1.3862943611198906,1.9459101490553132,4.859812404361672,1.667706820558076,9.95227771670556
1.3862943611198906,1.9459101490553132,4.859812404361672,1.6863989535702288,9.903037451255743
1.3862943611198906,2.1972245773362196,5.54907608489522,1.667706820558076,11.211820372186306
1.3862943611198906,1.6094379124341003,4.859812404361672,1.6486586255873816,9.615805480084347
1.3862943611198906,2.1972245773362196,4.859812404361672,1.667706820558076,10.596634733096073
1.3862943611198906,1.9459101490553132,4.859812404361672,1.667706820558076,9.973526543316103
1.3862943611198906,1.9459101490553132,4.859812404361672,1.6863989535702288,10.110542371500753
1.3862943611198906,1.6094379124341003,4.174387269895637,1.6863989535702288,9.903037451255743
1.3862943611198906,2.1972245773362196,4.859812404361672,1.667706820558076,10.106428396532818
1.3862943611198906,0.6931471805599453,2.833213344056216,1.6486586255873816,8.85366542803745
1.3862943611198906,0.6931471805599453,2.833213344056216,1.6486586255873816,8.85366542803745
1.3862943611198906,1.6094379124341003,1.0986122886681098,1.6486586255873816,7.00397413672268
1.3862943611198906,2.1972245773362196,4.859812404361672,1.6863989535702288,10.915088464214607
1.3862943611198906,0.6931471805599453,2.833213344056216,1.6486586255873816,8.682877107057168
1.3862943611198906,1.0986122886681098,2.833213344056216,1.667706820558076,9.010791269515602
1.3862943611198906,1.9459101490553132,4.859812404361672,1.667706820558076,9.726213236963687
1.3862943611198906,0.6931471805599453,2.833213344056216,1.6486586255873816,8.85366542803745
1.3862943611198906,1.6094379124341003,4.174387269895637,1.6486586255873816,9.259130536145614
1.3862943611198906,3.4965075614664802,1.0986122886681098,1.6486586255873816,7.962415680121064
1.3862943611198906,1.0986122886681098,3.4965075614664802,1.667706820558076,9.105090961257085
1.3862943611198906,1.0986122886681098,3.4965075614664802,1.6863989535702288,9.210440366976517
1.3862943611198906,3.4965075614664802,2.833213344056216,1.62924053973028,7.955074273262696
1.3862943611198906,2.1972245773362196,4.859812404361672,1.667706820558076,10.165851817003619
1.3862943611198906,2.1972245773362196,4.859812404361672,1.667706820558076,10.021270588192511
1.3862943611198906,1.0986122886681098,3.4965075614664802,1.589235205116581,8.698013622083925
1.3862943611198906,1.3862943611198906,3.4965075614664802,1.667706820558076,9.305741456739435
1.3862943611198906,2.1972245773362196,6.240275845170769,1.7227665977411035,10.819778284410283
1.3862943611198906,1.9459101490553132,4.859812404361672,1.62924053973028,9.740968623038354
1.3862943611198906,1.6094379124341003,1.0986122886681098,1.62924053973028,7.311886164077165
1.3862943611198906,2.1972245773362196,4.859812404361672,1.667706820558076,11.156250521031495
1.3862943611198906,1.9459101490553132,4.859812404361672,1.667706820558076,9.95227771670556
1.3862943611198906,1.6094379124341003,4.174387269895637,1.6863989535702288,11.042937835596494
1.3862943611198906,1.3862943611198906,2.833213344056216,1.62924053973028,9.769441741907062
1.3862943611198906,1.3862943611198906,2.833213344056216,1.62924053973028,9.769441741907062
1.3862943611198906,1.6094379124341003,4.174387269895637,1.667706820558076,9.529593783265282
1.3862943611198906,0.6931471805599453,2.1972245773362196,1.5260563034950492,8.474494436883122
1.3862943611198906,0.6931471805599453,2.833213344056216,1.6486586255873816,8.682877107057168
1.3862943611198906,1.3862943611198906,3.4965075614664802,1.667706820558076,9.07004328643746
1.3862943611198906,2.1972245773362196,4.859812404361672,1.6863989535702288,10.221941283654663
1.3862943611198906,1.3862943611198906,2.833213344056216,1.6486586255873816,9.3048320350689
1.3862943611198906,1.6094379124341003,4.174387269895637,1.6863989535702288,9.798182590890704
1.3862943611198906,1.3862943611198906,3.4965075614664802,1.6863989535702288,9.116139576577355
1.3862943611198906,2.1972245773362196,4.859812404361672,1.667706820558076,10.571342565808699
1.3862943611198906,1.9459101490553132,4.859812404361672,1.667706820558076,10.33854382482173
1.3862943611198906,1.6094379124341003,4.174387269895637,1.667706820558076,9.392661928770137
1.3862943611198906,1.6094379124341003,4.174387269895637,1.667706820558076,9.524859098381523
1.3862943611198906,1.6094379124341003,4.174387269895637,1.6863989535702288,9.798182590890704
1.3862943611198906,0.9162907318741551,2.1972245773362196,1.667706820558076,8.986071187374463
1.3862943611198906,1.6094379124341003,4.174387269895637,1.667706820558076,9.77571099759397
1.3862943611198906,0.9162907318741551,2.1972245773362196,1.667706820558076,9.340578848899913
1.3862943611198906,2.1972245773362196,4.859812404361672,1.667706820558076,10.021270588192511
1.3862943611198906,1.6094379124341003,3.4965075614664802,1.589235205116581,10.75579427616868
1.3862943611198906,0.6931471805599453,2.1972245773362196,1.62924053973028,8.909370405197466
1.3862943611198906,1.6094379124341003,4.859812404361672,1.667706820558076,9.615805480084347
1.3862943611198906,1.9459101490553132,4.859812404361672,1.7227665977411035,10.896739325546411
1.3862943611198906,1.9459101490553132,4.859812404361672,1.7227665977411035,11.206413891581187
1.3862943611198906,2.1972245773362196,4.859812404361672,1.7227665977411035,10.596634733096073
1.3862943611198906,0.9162907318741551,2.1972245773362196,1.5686159179138452,9.923339198238729
1.3862943611198906,1.9459101490553132,4.859812404361672,1.667706820558076,9.957028319464158
1.3862943611198906,1.9459101490553132,4.174387269895637,1.667706820558076,9.836278802842678
1.3862943611198906,1.3862943611198906,3.4965075614664802,1.667706820558076,9.465060106725137
1.3862943611198906,3.4965075614664802,4.174387269895637,1.6486586255873816,9.209439966733019
1.3862943611198906,1.6094379124341003,3.4965075614664802,1.667706820558076,10.199918739620157
1.3862943611198906,1.3862943611198906,3.4965075614664802,1.667706820558076,9.615205300012315
1.3862943611198906,1.3862943611198906,3.4965075614664802,1.667706820558076,9.065430200180375
1.3862943611198906,2.1972245773362196,4.859812404361672,1.6863989535702288,11.184421397998193
1.3862943611198906,2.1972245773362196,5.54907608489522,1.6863989535702288,11.238488619268468
1.3862943611198906,0.9162907318741551,2.1972245773362196,1.6094379124341003,8.852378886511985
1.3862943611198906,1.9459101490553132,4.859812404361672,1.7227665977411035,11.206413891581187
1.3862943611198906,1.3862943611198906,3.4965075614664802,1.6094379124341003,10.712215345197256
1.3862943611198906,1.6094379124341003,3.4965075614664802,1.667706820558076,9.79762691183662
1.3862943611198906,1.9459101490553132,4.859812404361672,1.62924053973028,9.998797732340453
1.3862943611198906,1.9459101490553132,4.859812404361672,1.667706820558076,9.957028319464158
1.3862943611198906,2.1972245773362196,5.54907608489522,1.667706820558076,11.211820372186306
1.3862943611198906,2.1972245773362196,4.859812404361672,1.6863989535702288,10.221941283654663
1.3862943611198906,1.0986122886681098,3.4965075614664802,1.6863989535702288,9.210440366976517
1.3862943611198906,1.0986122886681098,2.833213344056216,1.6486586255873816,9.012011377036412
1.3862943611198906,1.9459101490553132,4.859812404361672,1.667706820558076,9.741027444837728
1.3862943611198906,1.0986122886681098,2.833213344056216,1.667706820558076,9.53249633228804
1.3862943611198906,1.9459101490553132,4.859812404361672,1.667706820558076,9.798127036878302
1.3862943611198906,2.5649493574615367,6.240275845170769,1.7227665977411035,11.461642696843066
1.3862943611198906,2.1972245773362196,4.859812404361672,1.6863989535702288,10.275051108968611
1.3862943611198906,2.1972245773362196,6.240275845170769,1.7047480922384253,10.736396675471232
1.3862943611198906,1.6094379124341003,4.174387269895637,1.667706820558076,9.674074388208323
1.3862943611198906,3.4965075614664802,2.833213344056216,1.62924053973028,7.9865049385539955
1.3862943611198906,1.6094379124341003,4.174387269895637,1.7227665977411035,10.819598268208338
1.3862943611198906,1.6094379124341003,3.4965075614664802,1.589235205116581,10.950806546816688
1.3862943611198906,1.3862943611198906,2.833213344056216,1.62924053973028,9.937937287265354
1.3862943611198906,0.6931471805599453,2.1972245773362196,1.5040773967762742,8.732465848349879
1.3862943611198906,2.1972245773362196,5.54907608489522,1.667706820558076,10.545341438708522
1.3862943611198906,2.1972245773362196,4.859812404361672,1.6863989535702288,10.305613759378778
1.3862943611198906,2.1972245773362196,4.859812404361672,1.667706820558076,11.211833885608513
1.3862943611198906,3.4965075614664802,1.0986122886681098,1.6486586255873816,7.644919344958857
1.3862943611198906,1.9459101490553132,4.859812404361672,1.6863989535702288,10.491301994830229
1.3862943611198906,3.4965075614664802,1.0986122886681098,1.62924053973028,7.943072717277933
1.3862943611198906,1.6094379124341003,4.859812404361672,1.6863989535702288,11.033291613631048
1.3862943611198906,2.1972245773362196,5.54907608489522,1.656912476933601,11.097425172408931
1.3862943611198906,1.0986122886681098,3.4965075614664802,1.5260563034950492,10.645448706505872
1.3862943611198906,1.0986122886681098,3.4965075614664802,1.5260563034950492,10.0163697095928
1.3862943611198906,1.9459101490553132,4.174387269895637,1.7047480922384253,11.156264806643742
1.3862943611198906,1.9459101490553132,4.859812404361672,1.667706820558076,9.95227771670556
1.3862943611198906,1.9459101490553132,4.859812404361672,1.667706820558076,10.545341438708522
1.3862943611198906,0.6931471805599453,2.1972245773362196,1.547562508716013,8.987196820661973
1.3862943611198906,2.1972245773362196,4.859812404361672,1.667706820558076,10.32551474894327
1.3862943611198906,1.3862943611198906,2.833213344056216,1.62924053973028,9.937937287265354
1.3862943611198906,2.1972245773362196,4.859812404361672,1.667706820558076,11.156250521031495
1.3862943611198906,1.9459101490553132,4.859812404361672,1.7047480922384253,11.140425970684525
1.3862943611198906,3.4965075614664802,1.0986122886681098,1.6486586255873816,7.955074273262696
1.3862943611198906,1.9459101490553132,4.859812404361672,1.667706820558076,10.221941283654663
1.3862943611198906,1.0986122886681098,2.833213344056216,1.667706820558076,9.692828247710418
1.3862943611198906,1.6094379124341003,4.859812404361672,1.6863989535702288,11.033291613631048
1.3862943611198906,1.9459101490553132,4.174387269895637,1.7047480922384253,11.156264806643742
1.3862943611198906,1.9459101490553132,4.174387269895637,1.7227665977411035,10.819778284410283
1.3862943611198906,1.3862943611198906,3.4965075614664802,1.62924053973028,10.038935856711177
1.3862943611198906,0.6931471805599453,2.1972245773362196,1.4586150226995167,8.852378886511985
1.3862943611198906,1.0986122886681098,3.4965075614664802,1.667706820558076,9.105090961257085
1.3862943611198906,2.1972245773362196,4.859812404361672,1.7227665977411035,11.000448478455008
1.3862943611198906,1.3862943611198906,2.833213344056216,1.667706820558076,9.32375833901174
1.3862943611198906,1.6094379124341003,4.859812404361672,1.667706820558076,9.740968623038354
1.3862943611198906,1.9459101490553132,4.859812404361672,1.7047480922384253,11.140425970684525
1.3862943611198906,1.6094379124341003,4.174387269895637,1.6863989535702288,9.903037451255743
1.3862943611198906,1.6094379124341003,3.4965075614664802,1.62924053973028,10.742918838113225
1.3862943611198906,1.0986122886681098,3.4965075614664802,1.6863989535702288,9.210440366976517
1.3862943611198906,0.9162907318741551,2.1972245773362196,1.62924053973028,8.99850761180784
1.3862943611198906,1.3862943611198906,3.4965075614664802,1.62924053973028,10.038935856711177
1.3862943611198906,1.0986122886681098,2.833213344056216,1.589235205116581,9.680344001221918
1.3862943611198906,1.3862943611198906,3.4965075614664802,1.6486586255873816,10.832714252818556
1.3862943611198906,1.9459101490553132,4.859812404361672,1.667706820558076,9.740968623038354
1.3862943611198906,2.1972245773362196,5.54907608489522,1.6863989535702288,11.238488619268468
1.3862943611198906,0.9162907318741551,2.1972245773362196,1.62924053973028,8.99850761180784
1.3862943611198906,1.6094379124341003,3.4965075614664802,1.62924053973028,10.742918838113225
1.3862943611198906,0.6931471805599453,2.833213344056216,1.6094379124341003,9.010791269515602
1.3862943611198906,1.6094379124341003,3.4965075614664802,1.62924053973028,10.742918838113225
1.3862943611198906,1.3862943611198906,4.174387269895637,1.6094379124341003,10.894904309600681
1.3862943611198906,1.9459101490553132,4.859812404361672,1.667706820558076,9.798127036878302
1.3862943611198906,1.3862943611198906,2.833213344056216,1.667706820558076,9.32375833901174
1.3862943611198906,1.9459101490553132,4.859812404361672,1.6863989535702288,10.110542371500753
1.3862943611198906,1.9459101490553132,4.859812404361672,1.667706820558076,9.798127036878302
1.3862943611198906,2.1972245773362196,4.859812404361672,1.667706820558076,10.596634733096073
1.3862943611198906,1.0986122886681098,2.833213344056216,1.6486586255873816,9.898525260706313
1.3862943611198906,1.0986122886681098,3.4965075614664802,1.6486586255873816,10.419330568113901
1.3862943611198906,1.6094379124341003,3.4965075614664802,1.589235205116581,10.568775236216993
1.3862943611198906,2.1972245773362196,4.859812404361672,1.7227665977411035,11.000448478455008
1.3862943611198906,2.3978952727983707,1.0986122886681098,1.6863989535702288,7.3777589082278725
1.3862943611198906,0.6931471805599453,2.833213344056216,1.6486586255873816,8.682877107057168
1.3862943611198906,1.0986122886681098,2.833213344056216,1.62924053973028,9.581283046045924
1.3862943611198906,1.9459101490553132,4.174387269895637,1.7047480922384253,11.156264806643742
1.3862943611198906,1.3862943611198906,4.174387269895637,1.6094379124341003,10.894904309600681
1.3862943611198906,1.0986122886681098,2.833213344056216,1.589235205116581,9.998797732340453
1.3862943611198906,1.3862943611198906,3.4965075614664802,1.6486586255873816,9.998797732340453
1.3862943611198906,0.6931471805599453,2.1972245773362196,1.6094379124341003,8.929435283803425
1.3862943611198906,1.6094379124341003,4.859812404361672,1.6863989535702288,10.594156665220533
1.3862943611198906,1.9459101490553132,4.174387269895637,1.7047480922384253,11.156264806643742
1.3862943611198906,1.0986122886681098,2.833213344056216,1.589235205116581,9.998797732340453
1.3862943611198906,1.9459101490553132,4.859812404361672,1.7047480922384253,11.140425970684525
1.3862943611198906,1.6094379124341003,2.833213344056216,1.62924053973028,7.596392304064196
1.3862943611198906,1.0986122886681098,2.833213344056216,1.62924053973028,9.581283046045924
1.3862943611198906,0.6931471805599453,2.1972245773362196,1.6094379124341003,8.929435283803425
1.3862943611198906,1.6094379124341003,4.174387269895637,1.667706820558076,9.952325334619427
1.3862943611198906,0.6931471805599453,2.833213344056216,1.6094379124341003,9.287394001418473
1.3862943611198906,1.6094379124341003,4.174387269895637,1.667706820558076,9.77571099759397
1.3862943611198906,1.9459101490553132,4.859812404361672,1.7047480922384253,11.140425970684525
1.3862943611198906,0.9162907318741551,2.1972245773362196,1.6094379124341003,8.881975184248867
1.3862943611198906,2.1972245773362196,4.859812404361672,1.7047480922384253,10.621327345686446
1.3862943611198906,1.6094379124341003,4.174387269895637,1.6863989535702288,11.042937835596494
1.3862943611198906,1.0986122886681098,3.4965075614664802,1.6486586255873816,10.165505603232393
1.3862943611198906,1.9459101490553132,4.859812404361672,1.7227665977411035,11.206413891581187
1.3862943611198906,0.9162907318741551,2.833213344056216,1.667706820558076,9.367429587218957
1.3862943611198906,1.0986122886681098,2.833213344056216,1.589235205116581,9.998797732340453
1.3862943611198906,1.0986122886681098,3.4965075614664802,1.6486586255873816,10.165505603232393
1.3862943611198906,0.6931471805599453,2.1972245773362196,1.6094379124341003,9.595670797663967
1.3862943611198906,1.6094379124341003,2.833213344056216,1.62924053973028,7.75833346749091
1.3862943611198906,1.6094379124341003,4.174387269895637,1.6863989535702288,11.042937835596494
1.3862943611198906,0.9162907318741551,2.1972245773362196,1.667706820558076,9.258273025731485
1.3862943611198906,2.1972245773362196,5.54907608489522,1.7047480922384253,11.206413891581187
1.3862943611198906,1.6094379124341003,4.859812404361672,1.667706820558076,9.898525260706313
1.3862943611198906,0.6931471805599453,2.1972245773362196,1.5686159179138452,9.510519035757246
1.3862943611198906,1.3862943611198906,3.4965075614664802,1.62924053973028,10.515993929932415
1.3862943611198906,2.5649493574615367,5.54907608489522,1.7227665977411035,11.002099841204238
1.3862943611198906,0.9162907318741551,2.833213344056216,1.667706820558076,9.367429587218957
1.3862943611198906,1.0986122886681098,2.833213344056216,1.62924053973028,8.698013622083925
1.3862943611198906,3.4965075614664802,1.0986122886681098,1.6486586255873816,8.000014093678072
1.3862943611198906,1.0986122886681098,2.833213344056216,1.589235205116581,10.613762216756664
1.3862943611198906,0.9162907318741551,2.833213344056216,1.667706820558076,9.367429587218957
1.3862943611198906,2.1972245773362196,5.54907608489522,1.7047480922384253,11.206413891581187
1.3862943611198906,1.9459101490553132,4.859812404361672,1.7047480922384253,10.985309671896763
1.3862943611198906,1.3862943611198906,3.4965075614664802,1.667706820558076,9.539716058977092
1.3862943611198906,1.3862943611198906,2.833213344056216,1.667706820558076,9.509778075438817
1.3862943611198906,1.6094379124341003,3.4965075614664802,1.667706820558076,10.038935856711177
1.3862943611198906,1.6094379124341003,3.4965075614664802,1.6863989535702288,10.643064971973882
1.3862943611198906,0.6931471805599453,2.1972245773362196,1.62924053973028,8.909370405197466
1.3862943611198906,2.1972245773362196,6.240275845170769,1.7227665977411035,11.440365524765756
1.3862943611198906,2.5649493574615367,5.54907608489522,1.7227665977411035,11.002099841204238
1.3862943611198906,1.0986122886681098,2.833213344056216,1.62924053973028,9.903037451255743
1.3862943611198906,1.6094379124341003,3.4965075614664802,1.6863989535702288,10.643064971973882
1.3862943611198906,1.6094379124341003,4.859812404361672,1.667706820558076,9.648595302907339
1.3862943611198906,1.9459101490553132,4.174387269895637,1.667706820558076,9.740380214665977
1.3862943611198906,2.1972245773362196,5.54907608489522,1.6863989535702288,11.238488619268468
1.3862943611198906,2.1972245773362196,5.54907608489522,1.667706820558076,11.211820372186306
1.3862943611198906,1.9459101490553132,4.859812404361672,1.7047480922384253,10.985309671896763
1.3862943611198906,2.5649493574615367,5.54907608489522,1.7227665977411035,11.002099841204238
1.3862943611198906,2.833213344056216,6.240275845170769,1.667706820558076,11.669929213779893
1.3862943611198906,2.1972245773362196,4.859812404361672,1.667706820558076,10.596634733096073
1.3862943611198906,1.9459101490553132,4.859812404361672,1.6863989535702288,9.74090979777877
1.3862943611198906,2.1972245773362196,4.859812404361672,1.7047480922384253,10.621327345686446
1.3862943611198906,0.9162907318741551,2.833213344056216,1.667706820558076,9.741027444837728
1.3862943611198906,1.3862943611198906,3.4965075614664802,1.667706820558076,9.305741456739435
1.3862943611198906,1.6094379124341003,4.174387269895637,1.6863989535702288,10.188704088048116
1.3862943611198906,1.6094379124341003,3.4965075614664802,1.6863989535702288,10.643064971973882
1.3862943611198906,1.6094379124341003,4.174387269895637,1.667706820558076,9.553291574695105
1.3862943611198906,1.6094379124341003,4.174387269895637,1.6863989535702288,10.188704088048116
1.3862943611198906,1.6094379124341003,4.859812404361672,1.667706820558076,9.546169544733285
1.3862943611198906,0.9162907318741551,2.1972245773362196,1.6094379124341003,8.852378886511985
1.3862943611198906,1.9459101490553132,4.859812404361672,1.6486586255873816,9.648595302907339
1.3862943611198906,1.6094379124341003,1.0986122886681098,1.62924053973028,7.003065458786462
1.3862943611198906,1.6094379124341003,4.174387269895637,1.667706820558076,9.391911647379434
1.3862943611198906,1.3862943611198906,3.4965075614664802,1.667706820558076,9.249561085129464
1.3862943611198906,2.1972245773362196,5.54907608489522,1.667706820558076,10.545341438708522
1.3862943611198906,2.1972245773362196,4.859812404361672,1.6094379124341003,10.819778284410283
1.3862943611198906,1.0986122886681098,2.833213344056216,1.547562508716013,10.21577686808075
1.3862943611198906,1.6094379124341003,3.4965075614664802,1.667706820558076,9.433483923290392
1.3862943611198906,1.6094379124341003,4.174387269895637,1.667706820558076,9.846970109700957
1.3862943611198906,2.5649493574615367,6.240275845170769,1.7227665977411035,11.461642696843066
1.3862943611198906,2.1972245773362196,5.54907608489522,1.7047480922384253,11.206413891581187
1.3862943611198906,2.1972245773362196,4.859812404361672,1.667706820558076,10.876272032964748
1.3862943611198906,2.1972245773362196,4.859812404361672,1.6094379124341003,10.819778284410283
1.3862943611198906,2.1972245773362196,4.859812404361672,1.667706820558076,10.46310334047155
1.3862943611198906,1.0986122886681098,2.833213344056216,1.6486586255873816,9.3048320350689
1.3862943611198906,1.0986122886681098,2.833213344056216,1.6486586255873816,9.3048320350689
1.3862943611198906,1.0986122886681098,2.833213344056216,1.6486586255873816,9.3048320350689
1.3862943611198906,1.9459101490553132,4.859812404361672,1.667706820558076,9.752373922866367
1.3862943611198906,1.6094379124341003,4.174387269895637,1.667706820558076,9.952325334619427
1.3862943611198906,2.1972245773362196,4.859812404361672,1.6094379124341003,10.819778284410283
1.3862943611198906,1.9459101490553132,4.859812404361672,1.6486586255873816,9.648595302907339
1.3862943611198906,0.9162907318741551,2.1972245773362196,1.62924053973028,9.210340371976184
1.3862943611198906,1.0986122886681098,1.0986122886681098,1.62924053973028,7.696667081526462
1.3862943611198906,2.1972245773362196,4.859812404361672,1.6863989535702288,11.184421397998193
1.3862943611198906,1.0986122886681098,3.4965075614664802,1.667706820558076,9.071193240566025
1.3862943611198906,2.1972245773362196,4.859812404361672,1.7227665977411035,10.596634733096073
1.3862943611198906,2.1972245773362196,4.859812404361672,1.7227665977411035,10.596634733096073
1.3862943611198906,0.6931471805599453,2.1972245773362196,1.4816045409242156,8.628913441026645
1.3862943611198906,1.3862943611198906,3.4965075614664802,1.6486586255873816,9.635673464721814
1.3862943611198906,2.1972245773362196,4.859812404361672,1.6863989535702288,10.305613759378778
1.3862943611198906,0.6931471805599453,2.1972245773362196,1.6094379124341003,9.193601047971885
1.3862943611198906,1.3862943611198906,3.4965075614664802,1.667706820558076,9.3048320350689
1.3862943611198906,1.9459101490553132,4.859812404361672,1.6486586255873816,9.679781342959442
1.3862943611198906,1.6094379124341003,4.174387269895637,1.6863989535702288,9.51708950714519
1.3862943611198906,2.1972245773362196,4.859812404361672,1.667706820558076,11.156250521031495
1.3862943611198906,1.3862943611198906,3.4965075614664802,1.667706820558076,9.358760377094455
1.3862943611198906,1.9459101490553132,4.859812404361672,1.667706820558076,9.756146964637418
1.3862943611198906,1.6094379124341003,4.859812404361672,1.667706820558076,9.648595302907339
1.3862943611198906,1.3862943611198906,3.4965075614664802,1.667706820558076,9.249561085129464
1.3862943611198906,1.0986122886681098,3.4965075614664802,1.5260563034950492,9.903487552536127
1.3862943611198906,0.6931471805599453,2.1972245773362196,1.6094379124341003,8.929435283803425
1.3862943611198906,1.9459101490553132,4.859812404361672,1.667706820558076,10.545341438708522
1.3862943611198906,1.6094379124341003,4.174387269895637,1.6863989535702288,10.012386799492118
1.3862943611198906,2.1972245773362196,5.54907608489522,1.667706820558076,10.545341438708522
1.3862943611198906,1.6094379124341003,4.174387269895637,1.667706820558076,9.524859098381523
1.3862943611198906,1.6094379124341003,3.4965075614664802,1.589235205116581,10.325350806453928
1.3862943611198906,2.5649493574615367,5.54907608489522,1.7047480922384253,11.571194373094205
1.3862943611198906,1.3862943611198906,3.4965075614664802,1.667706820558076,9.29182818882245
1.3862943611198906,0.6931471805599453,2.1972245773362196,1.62924053973028,8.610865667278873
1.3862943611198906,1.0986122886681098,2.833213344056216,1.6486586255873816,8.776630098427717
1.3862943611198906,1.0986122886681098,2.833213344056216,1.667706820558076,9.008346579384707
1.3862943611198906,1.0986122886681098,2.833213344056216,1.62924053973028,9.79762691183662
1.3862943611198906,1.9459101490553132,4.859812404361672,1.667706820558076,9.957028319464158
1.3862943611198906,1.9459101490553132,4.174387269895637,1.6863989535702288,10.085850775128717
1.3862943611198906,1.9459101490553132,4.859812404361672,1.62924053973028,9.740968623038354
1.3862943611198906,2.1972245773362196,4.859812404361672,1.6863989535702288,10.915088464214607
1.3862943611198906,1.6094379124341003,3.4965075614664802,1.589235205116581,10.30865261563529
1.3862943611198906,1.6094379124341003,4.174387269895637,1.589235205116581,10.819598268208338
1.3862943611198906,1.6094379124341003,3.4965075614664802,1.667706820558076,9.433483923290392
1.3862943611198906,1.6094379124341003,1.0986122886681098,1.62924053973028,7.353081920515432
1.3862943611198906,1.6094379124341003,3.4965075614664802,1.589235205116581,10.30865261563529
1.3862943611198906,0.6931471805599453,2.1972245773362196,1.62924053973028,8.610865667278873
1.3862943611198906,0.6931471805599453,2.1972245773362196,1.6094379124341003,8.699514748210191
1.3862943611198906,1.9459101490553132,4.859812404361672,1.62924053973028,9.998797732340453
1.3862943611198906,1.6094379124341003,4.174387269895637,1.667706820558076,9.846970109700957
1.3862943611198906,1.0986122886681098,2.833213344056216,1.6486586255873816,8.852378886511985
1.3862943611198906,1.3862943611198906,3.4965075614664802,1.6863989535702288,9.103979355984773
1.3862943611198906,1.3862943611198906,3.4965075614664802,1.4586150226995167,10.308985993422082
1.3862943611198906,1.3862943611198906,4.174387269895637,1.6094379124341003,10.93133754807084
1.3862943611198906,0.6931471805599453,2.1972245773362196,1.6094379124341003,8.98632143762602
1.3862943611198906,2.1972245773362196,4.859812404361672,1.7227665977411035,11.277215789596893
1.3862943611198906,1.6094379124341003,5.54907608489522,1.6863989535702288,11.095908894882296
1.3862943611198906,1.9459101490553132,4.859812404361672,1.7227665977411035,10.7928181028275
1.3862943611198906,1.6094379124341003,4.174387269895637,1.667706820558076,9.551800150108434
1.3862943611198906,1.0986122886681098,2.833213344056216,1.62924053973028,9.581283046045924
1.3862943611198906,3.4339872044851463,2.833213344056216,1.4586150226995167,8.131824785007195
1.3862943611198906,1.6094379124341003,4.859812404361672,1.667706820558076,9.898525260706313
1.3862943611198906,0.6931471805599453,2.1972245773362196,1.6094379124341003,8.699514748210191
1.3862943611198906,0.6931471805599453,2.1972245773362196,1.6094379124341003,8.987196820661973
1.3862943611198906,2.1972245773362196,4.859812404361672,1.6863989535702288,10.221941283654663
1.3862943611198906,2.1972245773362196,4.859812404361672,1.7047480922384253,10.621327345686446
1.3862943611198906,1.3862943611198906,3.4965075614664802,1.62924053973028,10.239638308916676
1.3862943611198906,1.9459101490553132,4.174387269895637,1.7227665977411035,10.491024186183038
1.3862943611198906,1.9459101490553132,4.174387269895637,1.667706820558076,9.851720461714246
1.3862943611198906,0.6931471805599453,2.1972245773362196,1.6094379124341003,8.85366542803745
1.3862943611198906,1.3862943611198906,3.4965075614664802,1.6094379124341003,10.308952660644293
1.3862943611198906,1.6094379124341003,3.4965075614664802,1.6863989535702288,10.064798252418377
1.3862943611198906,1.6094379124341003,3.4965075614664802,1.6863989535702288,10.008883067581468
1.3862943611198906,0.9162907318741551,2.833213344056216,1.667706820558076,9.51044496442652
1.3862943611198906,1.0986122886681098,2.833213344056216,1.62924053973028,9.79762691183662
1.3862943611198906,0.9162907318741551,2.833213344056216,1.6486586255873816,9.923339198238729
1.3862943611198906,1.0986122886681098,2.833213344056216,1.6486586255873816,9.012011377036412
1.3862943611198906,0.6931471805599453,2.1972245773362196,1.6094379124341003,8.987196820661973
1.3862943611198906,1.3862943611198906,3.4965075614664802,1.5686159179138452,10.16203685698089
1.3862943611198906,0.6931471805599453,2.1972245773362196,1.5260563034950492,8.474494436883122
1.3862943611198906,1.3862943611198906,3.4965075614664802,1.62924053973028,10.839600519357369
1.3862943611198906,1.9459101490553132,4.859812404361672,1.667706820558076,9.673508190212637
1.3862943611198906,2.1972245773362196,4.859812404361672,1.667706820558076,10.819398212191988
1.3862943611198906,0.9162907318741551,2.1972245773362196,1.62924053973028,8.99850761180784
1.3862943611198906,1.9459101490553132,4.174387269895637,1.6486586255873816,9.732758541777981
1.3862943611198906,1.6094379124341003,3.4965075614664802,1.667706820558076,9.902537101000133
1.3862943611198906,1.9459101490553132,4.859812404361672,1.667706820558076,10.221941283654663
1.3862943611198906,1.3862943611198906,3.4965075614664802,1.6094379124341003,10.431199791458543
1.3862943611198906,0.6931471805599453,2.1972245773362196,1.6094379124341003,9.296518068217235
1.3862943611198906,2.1972245773362196,4.859812404361672,1.6863989535702288,10.275051108968611
1.3862943611198906,1.9459101490553132,4.859812404361672,1.667706820558076,9.674137279312397
1.3862943611198906,1.0986122886681098,2.833213344056216,1.6486586255873816,9.012011377036412
1.3862943611198906,0.6931471805599453,2.1972245773362196,1.3862943611198906,9.104979856318357
1.3862943611198906,1.9459101490553132,4.859812404361672,1.62924053973028,9.679781342959442
1.3862943611198906,1.6094379124341003,1.6094379124341003,1.656912476933601,8.412054873292933
1.3862943611198906,0.9162907318741551,2.833213344056216,1.6486586255873816,9.046762057999363
1.3862943611198906,0.6931471805599453,2.1972245773362196,1.6094379124341003,8.85366542803745
1.3862943611198906,1.0986122886681098,2.833213344056216,1.62924053973028,8.787220328629298
1.3862943611198906,0.6931471805599453,2.1972245773362196,1.6094379124341003,9.104979856318357
1.3862943611198906,1.6094379124341003,4.174387269895637,1.667706820558076,9.615205300012315
1.3862943611198906,1.0986122886681098,2.833213344056216,1.62924053973028,9.903037451255743
1.3862943611198906,2.5649493574615367,4.859812404361672,1.6486586255873816,11.163240321076715
1.3862943611198906,1.0986122886681098,2.833213344056216,1.62924053973028,9.903037451255743
1.3862943611198906,0.9162907318741551,2.1972245773362196,1.5686159179138452,10.165890277802454
1.3862943611198906,0.6931471805599453,2.833213344056216,1.6094379124341003,9.210340371976184
1.3862943611198906,1.6094379124341003,4.174387269895637,1.667706820558076,9.952325334619427
1.3862943611198906,1.6094379124341003,3.4965075614664802,1.62924053973028,10.594131602877955
1.3862943611198906,1.6094379124341003,4.174387269895637,1.6863989535702288,10.012386799492118
1.3862943611198906,1.3862943611198906,3.4965075614664802,1.62924053973028,10.819598268208338
1.3862943611198906,1.6094379124341003,5.54907608489522,1.656912476933601,7.416378479192928
1.3862943611198906,1.9459101490553132,4.859812404361672,1.62924053973028,9.648014489106362
1.3862943611198906,1.0986122886681098,2.833213344056216,1.667706820558076,9.816894269951032
1.3862943611198906,0.6931471805599453,2.1972245773362196,1.4586150226995167,8.517193191416238
1.3862943611198906,1.0986122886681098,2.833213344056216,1.62924053973028,9.79762691183662
1.3862943611198906,0.6931471805599453,2.1972245773362196,1.6094379124341003,8.699514748210191
1.3862943611198906,1.9459101490553132,4.174387269895637,1.7227665977411035,10.460242108190519
1.3862943611198906,0.9162907318741551,2.833213344056216,1.6486586255873816,9.199380531739841
1.3862943611198906,0.9162907318741551,2.1972245773362196,1.62924053973028,9.3048320350689
1.3862943611198906,1.6094379124341003,3.4965075614664802,1.6863989535702288,10.643064971973882
1.3862943611198906,0.6931471805599453,2.1972245773362196,1.62924053973028,8.853093836138493
1.3862943611198906,1.9459101490553132,4.174387269895637,1.667706820558076,9.680406499268875
1.3862943611198906,1.3862943611198906,4.174387269895637,1.6094379124341003,10.596634733096073
1.3862943611198906,0.9162907318741551,2.833213344056216,1.667706820558076,9.51044496442652
1.3862943611198906,1.0986122886681098,2.833213344056216,1.667706820558076,9.472704636443673
1.3862943611198906,0.9162907318741551,2.1972245773362196,1.5686159179138452,9.903487552536127
1.3862943611198906,1.0986122886681098,2.833213344056216,1.6486586255873816,9.328212292571072
1.3862943611198906,1.6094379124341003,3.4965075614664802,1.6863989535702288,10.126631103850338
1.3862943611198906,0.6931471805599453,2.1972245773362196,1.4586150226995167,8.517193191416238
1.3862943611198906,0.6931471805599453,2.1972245773362196,1.589235205116581,9.018089684104343
1.3862943611198906,1.3862943611198906,3.4965075614664802,1.6094379124341003,10.431199791458543
1.3862943611198906,1.6094379124341003,4.859812404361672,1.667706820558076,10.515993929932415
1.3862943611198906,1.6094379124341003,3.4965075614664802,1.6486586255873816,10.46310334047155
1.3862943611198906,1.6094379124341003,3.4965075614664802,1.6486586255873816,10.239995502805316
1.3862943611198906,1.6094379124341003,3.4965075614664802,1.6863989535702288,10.515993929932415
0.6931471805599453,1.0986122886681098,2.833213344056216,1.6094379124341003,8.987196820661973
0.6931471805599453,1.3862943611198906,3.4965075614664802,1.6486586255873816,9.305650551780507
0.6931471805599453,1.0986122886681098,2.833213344056216,1.6094379124341003,8.987196820661973
0.6931471805599453,0.6931471805599453,2.1972245773362196,1.667706820558076,9.518192651217346
0.6931471805599453,1.3862943611198906,3.4965075614664802,1.6486586255873816,9.305650551780507
0.6931471805599453,1.0986122886681098,2.833213344056216,1.6094379124341003,9.200391041122515
0.6931471805599453,1.0986122886681098,3.4965075614664802,1.6094379124341003,8.921457578947884
0.6931471805599453,1.0986122886681098,3.4965075614664802,1.6094379124341003,8.846640813100485
0.6931471805599453,1.3862943611198906,3.4965075614664802,1.62924053973028,8.987196820661973
0.6931471805599453,1.0986122886681098,2.833213344056216,1.62924053973028,8.85366542803745
0.6931471805599453,0.6931471805599453,2.1972245773362196,1.589235205116581,8.515391569469609
0.6931471805599453,1.3862943611198906,3.4965075614664802,1.547562508716013,9.190137664658664
0.6931471805599453,1.0986122886681098,2.833213344056216,1.589235205116581,8.779557455883728
0.6931471805599453,1.3862943611198906,3.4965075614664802,1.62924053973028,8.921457578947884
0.6931471805599453,1.3862943611198906,3.4965075614664802,1.6486586255873816,9.210340371976184
0.6931471805599453,1.0986122886681098,2.833213344056216,1.6094379124341003,8.853808274977197
0.6931471805599453,1.0986122886681098,2.833213344056216,1.62924053973028,8.85366542803745
0.6931471805599453,1.0986122886681098,2.833213344056216,1.62924053973028,8.85366542803745
0.6931471805599453,1.6094379124341003,4.174387269895637,1.62924053973028,9.047821442478408
0.6931471805599453,1.6094379124341003,4.174387269895637,1.62924053973028,9.472704636443673
0.6931471805599453,1.6094379124341003,4.174387269895637,1.5686159179138452,9.903487552536127
0.6931471805599453,1.6094379124341003,4.174387269895637,1.589235205116581,9.046762057999363
0.6931471805599453,1.6094379124341003,4.174387269895637,1.589235205116581,8.986071187374463
0.6931471805599453,1.6094379124341003,4.174387269895637,1.589235205116581,8.986071187374463
0.6931471805599453,1.3862943611198906,3.4965075614664802,1.62924053973028,9.305650551780507
0.6931471805599453,1.6094379124341003,3.4965075614664802,1.62924053973028,9.433483923290392
0.6931471805599453,0.6931471805599453,2.1972245773362196,1.589235205116581,8.610865667278873
0.6931471805599453,0.6931471805599453,2.1972245773362196,1.5686159179138452,8.495152060539358
0.6931471805599453,1.3862943611198906,3.4965075614664802,1.62924053973028,8.964439833539357
0.6931471805599453,1.6094379124341003,4.174387269895637,1.62924053973028,9.51044496442652
0.6931471805599453,0.6931471805599453,2.833213344056216,1.6094379124341003,9.825526011066415
0.6931471805599453,0.6931471805599453,2.833213344056216,1.5686159179138452,8.612503371220562
0.6931471805599453,0.6931471805599453,2.1972245773362196,1.6094379124341003,9.210340371976184
0.6931471805599453,1.0986122886681098,2.833213344056216,1.589235205116581,8.743053050224676
0.6931471805599453,0.6931471805599453,2.1972245773362196,1.5686159179138452,8.94910546953925
0.6931471805599453,1.0986122886681098,2.1972245773362196,1.6094379124341003,9.104979856318357
0.6931471805599453,1.6094379124341003,4.174387269895637,1.62924053973028,9.740968623038354
0.6931471805599453,1.0986122886681098,2.1972245773362196,1.6094379124341003,8.612503371220562
0.6931471805599453,1.0986122886681098,2.833213344056216,1.5686159179138452,8.699514748210191
0.6931471805599453,1.0986122886681098,2.833213344056216,1.6094379124341003,9.047821442478408
0.6931471805599453,1.0986122886681098,2.833213344056216,1.6094379124341003,9.047821442478408
0.6931471805599453,1.3862943611198906,2.833213344056216,1.6094379124341003,8.987196820661973
0.6931471805599453,1.3862943611198906,2.833213344056216,1.6094379124341003,9.047821442478408
0.6931471805599453,1.3862943611198906,2.833213344056216,1.6094379124341003,8.987196820661973
0.6931471805599453,0.6931471805599453,2.833213344056216,1.6094379124341003,9.680344001221918
0.6931471805599453,1.6094379124341003,3.4965075614664802,1.6094379124341003,9.121618441915379
0.6931471805599453,1.6094379124341003,3.4965075614664802,1.6094379124341003,9.104979856318357
0.6931471805599453,1.3862943611198906,3.4965075614664802,1.62924053973028,9.305650551780507
0.6931471805599453,1.0986122886681098,3.4965075614664802,1.547562508716013,9.769956159911606
0.6931471805599453,0.6931471805599453,2.1972245773362196,1.589235205116581,8.612503371220562
0.6931471805599453,1.3862943611198906,3.4965075614664802,1.62924053973028,9.305650551780507
0.6931471805599453,1.3862943611198906,3.4965075614664802,1.62924053973028,8.922658299524402
0.6931471805599453,1.6094379124341003,3.4965075614664802,1.6094379124341003,8.921457578947884
0.6931471805599453,1.3862943611198906,3.4965075614664802,1.62924053973028,8.921457578947884
0.6931471805599453,1.3862943611198906,3.4965075614664802,1.62924053973028,8.740496729931813
0.6931471805599453,1.6094379124341003,4.174387269895637,1.5686159179138452,9.903487552536127
0.6931471805599453,0.6931471805599453,2.1972245773362196,1.5686159179138452,9.210340371976184
0.6931471805599453,1.6094379124341003,4.174387269895637,1.62924053973028,9.546812608597396
0.6931471805599453,0.6931471805599453,1.6094379124341003,1.667706820558076,9.464982590349763
0.6931471805599453,1.0986122886681098,3.4965075614664802,1.62924053973028,9.680344001221918
0.6931471805599453,1.3862943611198906,2.833213344056216,1.589235205116581,8.987196820661973
0.6931471805599453,0.6931471805599453,2.1972245773362196,1.589235205116581,8.433811582477187
0.6931471805599453,0.6931471805599453,2.1972245773362196,1.6094379124341003,9.615805480084347
0.6931471805599453,1.3862943611198906,3.4965075614664802,1.6094379124341003,10.308952660644293
0.6931471805599453,1.0986122886681098,2.833213344056216,1.62924053973028,8.85366542803745
0.6931471805599453,1.3862943611198906,3.4965075614664802,1.62924053973028,8.987196820661973
0.6931471805599453,1.6094379124341003,4.174387269895637,1.62924053973028,9.392661928770137
0.6931471805599453,1.3862943611198906,3.4965075614664802,1.6486586255873816,9.210340371976184
0.6931471805599453,0.6931471805599453,1.6094379124341003,1.62924053973028,9.642836819135377
0.6931471805599453,0.6931471805599453,1.6094379124341003,1.62924053973028,9.680344001221918
0.6931471805599453,1.6094379124341003,4.174387269895637,1.62924053973028,9.546812608597396
0.6931471805599453,1.6094379124341003,3.4965075614664802,1.62924053973028,9.392661928770137
0.6931471805599453,1.6094379124341003,3.4965075614664802,1.62924053973028,9.433483923290392
0.6931471805599453,1.6094379124341003,3.4965075614664802,1.667706820558076,9.798127036878302
0.6931471805599453,1.6094379124341003,3.4965075614664802,1.667706820558076,9.798127036878302
0.6931471805599453,0.6931471805599453,1.6094379124341003,1.5686159179138452,8.922658299524402
0.6931471805599453,1.9459101490553132,4.859812404361672,1.62924053973028,9.852194258148577
0.6931471805599453,1.6094379124341003,3.4965075614664802,1.62924053973028,9.392661928770137
0.6931471805599453,1.3862943611198906,3.4965075614664802,1.6486586255873816,9.210340371976184
0.6931471805599453,1.3862943611198906,3.4965075614664802,1.667706820558076,9.740968623038354
0.6931471805599453,1.3862943611198906,3.4965075614664802,1.667706820558076,9.740968623038354
0.6931471805599453,1.3862943611198906,3.4965075614664802,1.6486586255873816,9.210340371976184
0.6931471805599453,1.3862943611198906,3.4965075614664802,1.547562508716013,8.942591637231851
0.6931471805599453,0.6931471805599453,2.1972245773362196,1.5686159179138452,8.174702882469461
0.6931471805599453,1.3862943611198906,3.4965075614664802,1.589235205116581,9.798127036878302
0.6931471805599453,1.3862943611198906,3.4965075614664802,1.62924053973028,8.921457578947884
0.6931471805599453,1.3862943611198906,3.4965075614664802,1.62924053973028,8.852378886511985
0.6931471805599453,1.3862943611198906,3.4965075614664802,1.589235205116581,9.018089684104343
0.6931471805599453,1.0986122886681098,2.833213344056216,1.62924053973028,8.922658299524402
0.6931471805599453,1.0986122886681098,2.833213344056216,1.62924053973028,8.922658299524402
0.6931471805599453,1.0986122886681098,2.833213344056216,1.62924053973028,8.922658299524402
0.6931471805599453,0.6931471805599453,2.1972245773362196,1.6094379124341003,8.779557455883728
0.6931471805599453,0.6931471805599453,2.1972245773362196,1.62924053973028,9.903487552536127
0.6931471805599453,1.6094379124341003,4.174387269895637,1.62924053973028,9.392661928770137
0.6931471805599453,1.6094379124341003,4.174387269895637,1.62924053973028,9.392661928770137
0.6931471805599453,1.6094379124341003,3.4965075614664802,1.6094379124341003,8.935903526274423
0.6931471805599453,1.0986122886681098,2.833213344056216,1.5686159179138452,9.104979856318357
0.6931471805599453,1.3862943611198906,3.4965075614664802,1.547562508716013,9.130214327496898
0.6931471805599453,0.6931471805599453,2.1972245773362196,1.5686159179138452,8.824677891164198
0.6931471805599453,1.3862943611198906,3.4965075614664802,1.62924053973028,8.85366542803745
0.6931471805599453,1.0986122886681098,2.1972245773362196,1.5040773967762742,8.850947451970402
0.6931471805599453,1.0986122886681098,2.1972245773362196,1.5040773967762742,9.546812608597396
0.6931471805599453,1.3862943611198906,2.833213344056216,1.589235205116581,8.987196820661973
0.6931471805599453,1.0986122886681098,2.833213344056216,1.589235205116581,8.81744592104187
0.6931471805599453,0.6931471805599453,2.833213344056216,1.5686159179138452,8.411832675758411
0.6931471805599453,1.0986122886681098,2.833213344056216,1.5040773967762742,8.852235835227855
0.6931471805599453,0.6931471805599453,2.1972245773362196,1.5686159179138452,8.174702882469461
0.6931471805599453,1.3862943611198906,3.4965075614664802,1.547562508716013,9.852194258148577
0.6931471805599453,1.0986122886681098,3.4965075614664802,1.5260563034950492,9.472704636443673
0.6931471805599453,1.0986122886681098,2.833213344056216,1.547562508716013,8.732465848349879
0.6931471805599453,1.3862943611198906,3.4965075614664802,1.656912476933601,9.509778075438817
0.6931471805599453,1.6094379124341003,3.4965075614664802,1.6094379124341003,8.987196820661973
0.6931471805599453,1.0986122886681098,2.833213344056216,1.547562508716013,9.189729418072059
0.6931471805599453,1.0986122886681098,2.833213344056216,1.547562508716013,8.986071187374463
0.6931471805599453,1.0986122886681098,3.4965075614664802,1.547562508716013,9.210340371976184
0.6931471805599453,1.3862943611198906,4.174387269895637,1.4816045409242156,8.922658299524402
0.6931471805599453,1.6094379124341003,4.174387269895637,1.62924053973028,9.082507000466299
0.6931471805599453,2.1972245773362196,4.859812404361672,1.656912476933601,10.043249494911286
0.6931471805599453,1.6094379124341003,4.174387269895637,1.62924053973028,9.259130536145614
0.6931471805599453,1.9459101490553132,4.859812404361672,1.6486586255873816,9.798127036878302
0.6931471805599453,1.9459101490553132,4.859812404361672,1.667706820558076,9.711115659888671
0.6931471805599453,1.6094379124341003,4.174387269895637,1.62924053973028,9.082507000466299
0.6931471805599453,1.6094379124341003,4.174387269895637,1.667706820558076,9.581903928408666
0.6931471805599453,2.1972245773362196,4.859812404361672,1.656912476933601,10.043249494911286
0.6931471805599453,1.9459101490553132,4.859812404361672,1.6486586255873816,9.798127036878302
0.6931471805599453,1.9459101490553132,4.859812404361672,1.667706820558076,9.711115659888671
0.6931471805599453,1.6094379124341003,4.174387269895637,1.667706820558076,9.581903928408666
0.6931471805599453,1.6094379124341003,4.174387269895637,1.62924053973028,9.259130536145614
0.6931471805599453,0.6931471805599453,2.833213344056216,1.6486586255873816,9.104979856318357
0.6931471805599453,2.1972245773362196,4.859812404361672,1.6863989535702288,10.308952660644293
0.6931471805599453,1.6094379124341003,4.174387269895637,1.667706820558076,9.210340371976184
0.6931471805599453,1.9459101490553132,4.859812404361672,1.589235205116581,9.975808214115753
0.6931471805599453,1.3862943611198906,3.4965075614664802,1.667706820558076,9.998797732340453
0.6931471805599453,1.9459101490553132,4.859812404361672,1.589235205116581,9.975808214115753
0.6931471805599453,2.1972245773362196,5.54907608489522,1.6094379124341003,11.407564949312402
0.6931471805599453,1.0986122886681098,2.833213344056216,1.667706820558076,9.392745258631441
0.6931471805599453,1.9459101490553132,4.859812404361672,1.5686159179138452,11.225243392518447
0.6931471805599453,1.0986122886681098,2.833213344056216,1.6486586255873816,9.769956159911606
0.6931471805599453,2.1972245773362196,4.859812404361672,1.6863989535702288,10.308952660644293
0.6931471805599453,1.0986122886681098,2.833213344056216,1.6486586255873816,8.839421607620602
0.6931471805599453,1.6094379124341003,4.174387269895637,1.6486586255873816,9.90353755128617
0.6931471805599453,1.6094379124341003,4.174387269895637,1.589235205116581,9.472704636443673
0.6931471805599453,1.6094379124341003,4.859812404361672,1.6486586255873816,9.615805480084347
0.6931471805599453,1.6094379124341003,4.174387269895637,1.62924053973028,9.305650551780507
0.6931471805599453,1.9459101490553132,4.859812404361672,1.6486586255873816,9.95227771670556
0.6931471805599453,1.6094379124341003,4.174387269895637,1.62924053973028,9.392661928770137
0.6931471805599453,1.0986122886681098,3.4965075614664802,1.62924053973028,8.85366542803745
0.6931471805599453,0.6931471805599453,2.833213344056216,1.6486586255873816,9.104979856318357
0.6931471805599453,1.6094379124341003,4.174387269895637,1.62924053973028,9.305650551780507
0.6931471805599453,1.9459101490553132,4.859812404361672,1.6863989535702288,9.769956159911606
0.6931471805599453,1.0986122886681098,2.833213344056216,1.667706820558076,9.305650551780507
0.6931471805599453,1.6094379124341003,4.174387269895637,1.6486586255873816,9.305650551780507
0.6931471805599453,1.6094379124341003,4.174387269895637,1.6486586255873816,9.104979856318357
0.6931471805599453,1.9459101490553132,4.859812404361672,1.6863989535702288,9.769956159911606
0.6931471805599453,1.9459101490553132,4.859812404361672,1.6486586255873816,9.95227771670556
0.6931471805599453,1.6094379124341003,4.859812404361672,1.6486586255873816,9.305650551780507
0.6931471805599453,0.6931471805599453,2.1972245773362196,1.62924053973028,8.699514748210191
0.6931471805599453,1.6094379124341003,4.174387269895637,1.667706820558076,9.210340371976184
0.6931471805599453,1.6094379124341003,4.174387269895637,1.62924053973028,8.987196820661973
0.6931471805599453,0.6931471805599453,2.833213344056216,1.589235205116581,8.612503371220562
0.6931471805599453,1.3862943611198906,3.4965075614664802,1.6486586255873816,9.392661928770137
0.6931471805599453,1.3862943611198906,3.4965075614664802,1.6486586255873816,9.392661928770137
0.6931471805599453,1.6094379124341003,4.174387269895637,1.6486586255873816,9.305650551780507
0.6931471805599453,2.5649493574615367,5.54907608489522,1.62924053973028,11.082142548877775
0.6931471805599453,1.9459101490553132,4.859812404361672,1.5686159179138452,11.225243392518447
0.6931471805599453,0.6931471805599453,2.1972245773362196,1.6486586255873816,9.392661928770137
0.6931471805599453,1.6094379124341003,4.174387269895637,1.667706820558076,9.159047077588632
0.6931471805599453,1.6094379124341003,3.4965075614664802,1.62924053973028,8.902591637374087
0.6931471805599453,1.0986122886681098,2.833213344056216,1.6486586255873816,9.581972891547895
0.6931471805599453,1.6094379124341003,4.174387269895637,1.667706820558076,9.210340371976184
0.6931471805599453,1.6094379124341003,4.174387269895637,1.667706820558076,9.210340371976184
0.6931471805599453,1.9459101490553132,4.174387269895637,1.667706820558076,10.126631103850338
0.6931471805599453,1.6094379124341003,4.174387269895637,1.62924053973028,8.987196820661973
0.6931471805599453,1.6094379124341003,4.174387269895637,1.667706820558076,9.210340371976184
0.6931471805599453,1.6094379124341003,3.4965075614664802,1.62924053973028,9.197255132427527
0.6931471805599453,1.6094379124341003,4.174387269895637,1.62924053973028,9.615805480084347
0.6931471805599453,1.6094379124341003,4.174387269895637,1.6863989535702288,10.239959789157341
0.6931471805599453,1.6094379124341003,4.174387269895637,1.6863989535702288,10.239959789157341
0.6931471805599453,1.6094379124341003,4.174387269895637,1.667706820558076,9.852194258148577
0.6931471805599453,1.6094379124341003,4.174387269895637,1.62924053973028,9.615805480084347
0.6931471805599453,1.6094379124341003,4.174387269895637,1.667706820558076,10.085809109330082
0.6931471805599453,1.6094379124341003,4.174387269895637,1.667706820558076,9.472704636443673
0.6931471805599453,0.6931471805599453,2.833213344056216,1.6863989535702288,9.210340371976184
0.6931471805599453,1.6094379124341003,4.859812404361672,1.6486586255873816,9.615805480084347
0.6931471805599453,1.6094379124341003,4.859812404361672,1.6486586255873816,9.615805480084347
0.6931471805599453,1.3862943611198906,3.4965075614664802,1.62924053973028,9.472704636443673
0.6931471805599453,1.9459101490553132,4.174387269895637,1.667706820558076,9.378393956972433
0.6931471805599453,1.0986122886681098,2.833213344056216,1.6094379124341003,8.699514748210191
0.6931471805599453,1.6094379124341003,4.174387269895637,1.667706820558076,9.680344001221918
0.6931471805599453,1.0986122886681098,2.833213344056216,1.589235205116581,8.85366542803745
0.6931471805599453,1.0986122886681098,3.4965075614664802,1.62924053973028,8.85366542803745
0.6931471805599453,1.3862943611198906,3.4965075614664802,1.6863989535702288,10.126631103850338
0.6931471805599453,1.3862943611198906,3.4965075614664802,1.6863989535702288,10.126631103850338
0.6931471805599453,1.6094379124341003,4.174387269895637,1.667706820558076,9.472704636443673
0.6931471805599453,0.6931471805599453,2.1972245773362196,1.6486586255873816,9.210340371976184
0.6931471805599453,1.6094379124341003,4.174387269895637,1.6486586255873816,9.104979856318357
0.6931471805599453,1.6094379124341003,4.174387269895637,1.62924053973028,8.987196820661973
0.6931471805599453,1.6094379124341003,4.174387269895637,1.62924053973028,9.392661928770137
0.6931471805599453,1.0986122886681098,2.833213344056216,1.6486586255873816,8.85366542803745
0.6931471805599453,1.0986122886681098,2.833213344056216,1.6486586255873816,8.85366542803745
0.6931471805599453,1.3862943611198906,2.833213344056216,1.6486586255873816,8.603554357064281
0.6931471805599453,1.3862943611198906,3.4965075614664802,1.547562508716013,9.305650551780507
0.6931471805599453,1.0986122886681098,3.4965075614664802,1.6486586255873816,10.126631103850338
0.6931471805599453,1.0986122886681098,2.833213344056216,1.6486586255873816,10.085809109330082
0.6931471805599453,1.9459101490553132,4.174387269895637,1.667706820558076,10.126631103850338
0.6931471805599453,1.9459101490553132,4.174387269895637,1.62924053973028,9.615805480084347
0.6931471805599453,1.3862943611198906,3.4965075614664802,1.6486586255873816,9.546812608597396
0.6931471805599453,1.6094379124341003,3.4965075614664802,1.62924053973028,9.03491498187007
0.6931471805599453,1.3862943611198906,3.4965075614664802,1.62924053973028,9.472704636443673
0.6931471805599453,1.6094379124341003,4.174387269895637,1.667706820558076,10.085809109330082
0.6931471805599453,1.0986122886681098,2.833213344056216,1.589235205116581,8.764053269347762
0.6931471805599453,1.3862943611198906,3.4965075614664802,1.589235205116581,9.615805480084347
0.6931471805599453,1.3862943611198906,3.4965075614664802,1.589235205116581,9.615805480084347
0.6931471805599453,1.3862943611198906,3.4965075614664802,1.589235205116581,9.615805480084347
0.6931471805599453,1.3862943611198906,3.4965075614664802,1.6094379124341003,8.85366542803745
0.6931471805599453,1.6094379124341003,4.174387269895637,1.589235205116581,9.210340371976184
0.6931471805599453,1.6094379124341003,4.859812404361672,1.6486586255873816,9.305650551780507
0.6931471805599453,1.0986122886681098,2.833213344056216,1.6094379124341003,8.85366542803745
0.6931471805599453,1.6094379124341003,4.174387269895637,1.589235205116581,9.297526733655099
0.6931471805599453,1.3862943611198906,3.4965075614664802,1.6486586255873816,9.210340371976184
0.6931471805599453,1.3862943611198906,3.4965075614664802,1.6486586255873816,9.210340371976184
0.6931471805599453,2.1972245773362196,4.859812404361672,1.6863989535702288,9.95227771670556
0.6931471805599453,2.1972245773362196,4.859812404361672,1.6863989535702288,9.95227771670556
0.6931471805599453,1.9459101490553132,4.859812404361672,1.6863989535702288,9.852194258148577
0.6931471805599453,1.9459101490553132,4.859812404361672,1.6863989535702288,9.852194258148577
0.6931471805599453,1.9459101490553132,4.859812404361672,1.6486586255873816,9.711115659888671
0.6931471805599453,1.9459101490553132,4.859812404361672,1.6486586255873816,9.711115659888671
0.6931471805599453,1.9459101490553132,4.174387269895637,1.667706820558076,9.392661928770137
0.6931471805599453,1.9459101490553132,4.174387269895637,1.667706820558076,9.392661928770137
0.6931471805599453,1.9459101490553132,4.174387269895637,1.667706820558076,9.392661928770137
0.6931471805599453,1.6094379124341003,4.174387269895637,1.667706820558076,9.210340371976184
0.6931471805599453,1.6094379124341003,4.174387269895637,1.667706820558076,9.210340371976184
0.6931471805599453,1.6094379124341003,4.174387269895637,1.667706820558076,9.305650551780507
0.6931471805599453,1.6094379124341003,4.174387269895637,1.667706820558076,9.305650551780507
0.6931471805599453,1.6094379124341003,4.174387269895637,1.667706820558076,9.305650551780507
0.6931471805599453,1.6094379124341003,4.174387269895637,1.667706820558076,9.104979856318357
0.6931471805599453,1.6094379124341003,4.174387269895637,1.667706820558076,9.104979856318357
0.6931471805599453,1.6094379124341003,4.174387269895637,1.667706820558076,9.104979856318357
0.6931471805599453,1.3862943611198906,3.4965075614664802,1.667706820558076,8.987196820661973
0.6931471805599453,1.3862943611198906,3.4965075614664802,1.667706820558076,8.987196820661973
0.6931471805599453,1.3862943611198906,3.4965075614664802,1.667706820558076,8.987196820661973
1.0986122886681098,1.9459101490553132,4.859812404361672,1.667706820558076,9.503084610020228
1.0986122886681098,1.6094379124341003,4.174387269895637,1.5686159179138452,11.15612194133691
1.0986122886681098,2.1972245773362196,5.54907608489522,1.6863989535702288,10.819598268208338
1.0986122886681098,1.0986122886681098,3.4965075614664802,1.6486586255873816,10.819598268208338
1.0986122886681098,1.6094379124341003,4.174387269895637,1.5686159179138452,10.596409707779776
1.0986122886681098,1.3862943611198906,4.174387269895637,1.6863989535702288,10.596409707779776
1.0986122886681098,1.9459101490553132,4.174387269895637,1.6863989535702288,10.54510456855174
1.0986122886681098,1.3862943611198906,4.174387269895637,1.6863989535702288,10.518429918794682
1.0986122886681098,1.0986122886681098,3.4965075614664802,1.667706820558076,10.462846164547514
1.0986122886681098,1.9459101490553132,4.859812404361672,1.667706820558076,10.403990075979044
1.0986122886681098,1.3862943611198906,3.4965075614664802,1.6863989535702288,10.403990075979044
1.0986122886681098,1.6094379124341003,4.174387269895637,1.6863989535702288,10.403990075979044
1.0986122886681098,1.6094379124341003,4.174387269895637,1.656912476933601,10.30865261563529
1.0986122886681098,1.9459101490553132,4.859812404361672,1.667706820558076,10.30865261563529
1.0986122886681098,1.3862943611198906,4.174387269895637,1.6863989535702288,10.30865261563529
1.0986122886681098,1.6094379124341003,4.859812404361672,1.656912476933601,10.30865261563529
1.0986122886681098,1.3862943611198906,4.174387269895637,1.6863989535702288,10.274740715974103
1.0986122886681098,1.9459101490553132,4.174387269895637,1.6863989535702288,10.257659366256743
1.0986122886681098,1.3862943611198906,4.174387269895637,1.6863989535702288,10.239638308916676
1.0986122886681098,1.3862943611198906,2.833213344056216,1.667706820558076,10.085434038999999
1.0986122886681098,1.6094379124341003,4.174387269895637,1.6863989535702288,10.085434038999999
1.0986122886681098,1.6094379124341003,3.4965075614664802,1.6863989535702288,10.042858113983936
1.0986122886681098,1.6094379124341003,3.4965075614664802,1.6863989535702288,10.028135857101239
1.0986122886681098,2.1972245773362196,4.859812404361672,1.6863989535702288,9.998388557730848
1.0986122886681098,1.6094379124341003,4.859812404361672,1.6863989535702288,9.957028319464158
1.0986122886681098,1.6094379124341003,4.859812404361672,1.6863989535702288,9.933094897288786
1.0986122886681098,1.9459101490553132,4.174387269895637,1.7047480922384253,9.903037451255743
1.0986122886681098,1.6094379124341003,4.174387269895637,1.6863989535702288,9.903037451255743
1.0986122886681098,1.6094379124341003,3.4965075614664802,1.6863989535702288,9.877708099548641
1.0986122886681098,1.6094379124341003,3.4965075614664802,1.6863989535702288,9.877708099548641
1.0986122886681098,1.3862943611198906,2.833213344056216,1.667706820558076,9.851720461714246
1.0986122886681098,1.3862943611198906,2.833213344056216,1.667706820558076,9.851720461714246
1.0986122886681098,1.3862943611198906,3.4965075614664802,1.667706820558076,9.798127036878302
1.0986122886681098,1.6094379124341003,4.174387269895637,1.6863989535702288,9.740439071085758
1.0986122886681098,1.9459101490553132,4.174387269895637,1.7047480922384253,9.740380214665977
1.0986122886681098,1.6094379124341003,4.174387269895637,1.6863989535702288,9.71057005652877
1.0986122886681098,1.9459101490553132,4.859812404361672,1.7047480922384253,9.679781342959442
1.0986122886681098,1.6094379124341003,4.174387269895637,1.7047480922384253,9.679781342959442
1.0986122886681098,2.5649493574615367,5.54907608489522,1.6863989535702288,9.674137279312397
1.0986122886681098,2.5649493574615367,5.54907608489522,1.6863989535702288,9.648014489106362
1.0986122886681098,2.1972245773362196,5.54907608489522,1.7047480922384253,9.648014489106362
1.0986122886681098,2.5649493574615367,5.54907608489522,1.6863989535702288,9.615205300012315
1.0986122886681098,2.5649493574615367,5.54907608489522,1.6863989535702288,9.615205300012315
1.0986122886681098,2.1972245773362196,5.54907608489522,1.667706820558076,9.615205300012315
1.0986122886681098,2.1972245773362196,5.54907608489522,1.667706820558076,9.615205300012315
1.0986122886681098,2.1972245773362196,4.859812404361672,1.6863989535702288,9.615205300012315
1.0986122886681098,2.1972245773362196,4.859812404361672,1.667706820558076,9.581972891547895
1.0986122886681098,2.1972245773362196,5.54907608489522,1.667706820558076,9.54652685348758
1.0986122886681098,2.1972245773362196,5.54907608489522,1.667706820558076,9.546169544733285
1.0986122886681098,2.1972245773362196,4.859812404361672,1.6863989535702288,9.546169544733285
1.0986122886681098,2.1972245773362196,4.859812404361672,1.667706820558076,9.546169544733285
1.0986122886681098,2.1972245773362196,4.859812404361672,1.667706820558076,9.53899642739739
1.0986122886681098,2.1972245773362196,4.859812404361672,1.6863989535702288,9.53899642739739
1.0986122886681098,2.1972245773362196,4.859812404361672,1.667706820558076,9.465060106725137
1.0986122886681098,2.1972245773362196,4.859812404361672,1.667706820558076,9.391911647379434
1.0986122886681098,1.6094379124341003,4.859812404361672,1.667706820558076,9.3048320350689
1.0986122886681098,1.3862943611198906,4.174387269895637,1.6863989535702288,9.012620873002131
1.0986122886681098,2.1972245773362196,5.54907608489522,1.6486586255873816,10.915088464214607
1.0986122886681098,2.1972245773362196,5.54907608489522,1.6486586255873816,10.733610188123151
1.0986122886681098,2.1972245773362196,4.859812404361672,1.667706820558076,10.122261571332395
1.0986122886681098,1.9459101490553132,4.859812404361672,1.667706820558076,10.027959280046968
1.0986122886681098,1.9459101490553132,4.859812404361672,1.667706820558076,10.041116787524166
1.0986122886681098,2.1972245773362196,4.859812404361672,1.667706820558076,10.20322170601205
1.0986122886681098,1.9459101490553132,4.859812404361672,1.6486586255873816,10.404262840448617
1.0986122886681098,2.1972245773362196,4.859812404361672,1.6863989535702288,10.46310334047155
1.0986122886681098,1.9459101490553132,4.859812404361672,1.667706820558076,10.404262840448617
1.0986122886681098,2.1972245773362196,4.859812404361672,1.6486586255873816,10.085809109330082
1.0986122886681098,1.9459101490553132,4.859812404361672,1.6486586255873816,9.998797732340453
1.0986122886681098,1.9459101490553132,4.859812404361672,1.6486586255873816,9.998797732340453
1.0986122886681098,2.1972245773362196,4.859812404361672,1.667706820558076,10.085809109330082
1.0986122886681098,2.1972245773362196,4.859812404361672,1.6486586255873816,10.085809109330082
1.0986122886681098,1.9459101490553132,4.859812404361672,1.667706820558076,9.998797732340453
1.0986122886681098,2.1972245773362196,4.859812404361672,1.6863989535702288,10.1970895674989
1.0986122886681098,1.9459101490553132,4.859812404361672,1.6486586255873816,10.116378727385987
1.0986122886681098,2.1972245773362196,4.859812404361672,1.6486586255873816,10.197238671014292
1.0986122886681098,1.9459101490553132,4.859812404361672,1.6863989535702288,10.097572976250325
1.0986122886681098,1.9459101490553132,4.859812404361672,1.667706820558076,10.099835281063175
1.0986122886681098,2.1972245773362196,4.859812404361672,1.6486586255873816,10.238208256118535
1.0986122886681098,2.1972245773362196,4.859812404361672,1.7047480922384253,10.194626144336146
1.0986122886681098,1.9459101490553132,4.859812404361672,1.62924053973028,10.177172115344055
1.0986122886681098,1.9459101490553132,4.859812404361672,1.62924053973028,10.106142641423002
1.0986122886681098,1.9459101490553132,4.859812404361672,1.6863989535702288,10.184749057184986
1.0986122886681098,2.1972245773362196,4.859812404361672,1.6486586255873816,10.499325055627958
1.0986122886681098,2.1972245773362196,4.859812404361672,1.6863989535702288,10.596634733096073
1.0986122886681098,2.1972245773362196,5.54907608489522,1.6486586255873816,10.570059724910275
1.0986122886681098,2.1972245773362196,5.54907608489522,1.6863989535702288,10.571316925111784
1.0986122886681098,1.9459101490553132,4.859812404361672,1.5686159179138452,9.612466578818832
1.0986122886681098,1.6094379124341003,4.174387269895637,1.667706820558076,9.391911647379434
1.0986122886681098,1.9459101490553132,4.859812404361672,1.667706820558076,9.57491403870827
1.0986122886681098,1.6094379124341003,4.174387269895637,1.6863989535702288,9.433483923290392
1.0986122886681098,1.9459101490553132,4.859812404361672,1.6863989535702288,9.578034382397348
1.0986122886681098,1.6094379124341003,4.174387269895637,1.6863989535702288,9.388402871849754
1.0986122886681098,1.6094379124341003,4.174387269895637,1.667706820558076,9.472012088995733
1.0986122886681098,1.6094379124341003,4.174387269895637,1.6863989535702288,9.472012088995733
1.0986122886681098,1.6094379124341003,4.174387269895637,1.656912476933601,9.472012088995733
1.0986122886681098,1.6094379124341003,4.174387269895637,1.6863989535702288,9.546169544733285
1.0986122886681098,1.0986122886681098,2.833213344056216,1.667706820558076,8.987196820661973
1.0986122886681098,1.3862943611198906,3.4965075614664802,1.6863989535702288,9.200391041122515
1.0986122886681098,1.3862943611198906,3.4965075614664802,1.6863989535702288,9.148464968258095
1.0986122886681098,1.6094379124341003,4.174387269895637,1.6486586255873816,9.3048320350689
1.0986122886681098,1.3862943611198906,3.4965075614664802,1.6486586255873816,9.103979355984773
1.0986122886681098,1.3862943611198906,4.174387269895637,1.6486586255873816,9.254452946594503
1.0986122886681098,1.6094379124341003,4.174387269895637,1.7047480922384253,9.421411342056123
1.0986122886681098,1.6094379124341003,4.174387269895637,1.6863989535702288,9.392661928770137
1.0986122886681098,1.3862943611198906,3.4965075614664802,1.7047480922384253,9.209439966733019
1.0986122886681098,1.6094379124341003,4.174387269895637,1.6863989535702288,9.392661928770137
1.0986122886681098,1.0986122886681098,3.4965075614664802,1.667706820558076,8.98594603876032
1.0986122886681098,1.0986122886681098,3.4965075614664802,1.667706820558076,8.922658299524402
1.0986122886681098,1.0986122886681098,3.4965075614664802,1.667706820558076,8.948975607841776
1.0986122886681098,1.0986122886681098,3.4965075614664802,1.7047480922384253,9.158099260130491
1.0986122886681098,1.0986122886681098,3.4965075614664802,1.667706820558076,9.158099260130491
1.0986122886681098,1.0986122886681098,2.833213344056216,1.7047480922384253,8.779557455883728
1.0986122886681098,1.0986122886681098,3.4965075614664802,1.7047480922384253,8.85366542803745
1.0986122886681098,1.6094379124341003,4.174387269895637,1.667706820558076,9.305650551780507
1.0986122886681098,1.6094379124341003,4.174387269895637,1.7047480922384253,9.305650551780507
1.0986122886681098,1.6094379124341003,4.174387269895637,1.667706820558076,9.305650551780507
1.0986122886681098,1.0986122886681098,3.4965075614664802,1.6863989535702288,8.987196820661973
1.0986122886681098,1.0986122886681098,3.4965075614664802,1.6486586255873816,8.987196820661973
1.0986122886681098,1.3862943611198906,3.4965075614664802,1.6863989535702288,9.02401079378469
1.0986122886681098,1.3862943611198906,4.174387269895637,1.7047480922384253,9.126958763037132
1.0986122886681098,1.3862943611198906,4.174387269895637,1.6863989535702288,9.159047077588632
1.0986122886681098,1.3862943611198906,3.4965075614664802,1.6863989535702288,9.02401079378469
1.0986122886681098,1.3862943611198906,4.174387269895637,1.6486586255873816,9.055089086704891
1.0986122886681098,1.3862943611198906,4.174387269895637,1.6863989535702288,9.055089086704891
1.0986122886681098,1.6094379124341003,4.174387269895637,1.6486586255873816,9.217415285648144
1.0986122886681098,1.6094379124341003,4.859812404361672,1.6863989535702288,9.323669057283185
1.0986122886681098,1.6094379124341003,4.174387269895637,1.6863989535702288,9.222466551774023
1.0986122886681098,1.6094379124341003,4.174387269895637,1.6863989535702288,9.19309247856663
1.0986122886681098,1.9459101490553132,4.859812404361672,1.6486586255873816,9.51044496442652
1.0986122886681098,1.6094379124341003,4.174387269895637,1.6863989535702288,9.350102314351341
1.0986122886681098,1.6094379124341003,4.174387269895637,1.6486586255873816,9.350102314351341
1.0986122886681098,1.9459101490553132,4.859812404361672,1.62924053973028,9.51044496442652
1.0986122886681098,1.6094379124341003,4.174387269895637,1.6863989535702288,9.350102314351341
1.0986122886681098,1.6094379124341003,4.174387269895637,1.6863989535702288,9.259130536145614
1.0986122886681098,1.6094379124341003,4.174387269895637,1.6863989535702288,9.259130536145614
1.0986122886681098,1.6094379124341003,4.174387269895637,1.667706820558076,9.259130536145614
1.0986122886681098,1.6094379124341003,4.859812404361672,1.667706820558076,9.546812608597396
1.0986122886681098,1.0986122886681098,3.4965075614664802,1.7047480922384253,8.934586870389676
1.0986122886681098,1.3862943611198906,3.4965075614664802,1.6863989535702288,9.034795799461252
1.0986122886681098,1.0986122886681098,3.4965075614664802,1.62924053973028,8.94884572927805
1.0986122886681098,1.3862943611198906,3.4965075614664802,1.7047480922384253,9.047703788498627
1.0986122886681098,1.3862943611198906,3.4965075614664802,1.62924053973028,9.047703788498627
1.0986122886681098,1.0986122886681098,3.4965075614664802,1.7047480922384253,8.938531648680692
1.0986122886681098,1.6094379124341003,4.174387269895637,1.6486586255873816,9.082507000466299
1.0986122886681098,1.6094379124341003,4.174387269895637,1.7047480922384253,9.082507000466299
1.0986122886681098,1.9459101490553132,4.859812404361672,1.62924053973028,9.821735050663868
1.0986122886681098,1.9459101490553132,4.174387269895637,1.5686159179138452,10.043249494911286
1.0986122886681098,1.9459101490553132,4.859812404361672,1.7047480922384253,9.96880701865677
1.0986122886681098,1.9459101490553132,4.174387269895637,1.7047480922384253,9.947504437952903
1.0986122886681098,1.9459101490553132,4.859812404361672,1.7047480922384253,10.275051108968611
1.0986122886681098,2.1972245773362196,5.54907608489522,1.6863989535702288,10.308952660644293
1.0986122886681098,1.9459101490553132,4.859812404361672,1.6863989535702288,10.275051108968611
1.0986122886681098,1.9459101490553132,4.859812404361672,1.6863989535702288,9.893437216682626
1.0986122886681098,1.9459101490553132,4.859812404361672,1.667706820558076,9.846282078765348
1.0986122886681098,1.9459101490553132,4.859812404361672,1.6863989535702288,9.785041797329646
1.0986122886681098,1.9459101490553132,4.859812404361672,1.667706820558076,9.797904789961063
1.0986122886681098,1.3862943611198906,3.4965075614664802,1.667706820558076,9.159047077588632
1.0986122886681098,1.6094379124341003,4.174387269895637,1.7047480922384253,9.210340371976184
1.0986122886681098,1.3862943611198906,3.4965075614664802,1.6863989535702288,9.058470422638056
1.0986122886681098,1.3862943611198906,3.4965075614664802,1.6486586255873816,9.209439966733019
1.0986122886681098,1.6094379124341003,4.174387269895637,1.667706820558076,9.305650551780507
1.0986122886681098,1.6094379124341003,4.174387269895637,1.6863989535702288,9.350102314351341
1.0986122886681098,1.3862943611198906,3.4965075614664802,1.6863989535702288,9.21024036697585
1.0986122886681098,1.6094379124341003,4.174387269895637,1.6863989535702288,9.615805480084347
1.0986122886681098,1.9459101490553132,4.174387269895637,1.6486586255873816,9.740968623038354
1.0986122886681098,1.6094379124341003,4.174387269895637,1.7047480922384253,9.615805480084347
1.0986122886681098,1.9459101490553132,4.174387269895637,1.62924053973028,9.615805480084347
1.0986122886681098,1.6094379124341003,4.174387269895637,1.6863989535702288,9.421411342056123
1.0986122886681098,1.6094379124341003,4.174387269895637,1.6863989535702288,9.472704636443673
1.0986122886681098,1.9459101490553132,4.174387269895637,1.7047480922384253,9.615205300012315
1.0986122886681098,1.9459101490553132,4.174387269895637,1.7047480922384253,9.798127036878302
1.0986122886681098,1.6094379124341003,4.174387269895637,1.6863989535702288,9.433483923290392
1.0986122886681098,1.6094379124341003,4.174387269895637,1.6863989535702288,9.429475901892854
1.0986122886681098,1.9459101490553132,4.174387269895637,1.667706820558076,9.615805480084347
1.0986122886681098,1.3862943611198906,3.4965075614664802,1.656912476933601,9.38437770918244
1.0986122886681098,1.6094379124341003,4.174387269895637,1.667706820558076,9.371523409567573
1.0986122886681098,1.3862943611198906,3.4965075614664802,1.6486586255873816,9.38437770918244
1.0986122886681098,1.6094379124341003,4.174387269895637,1.62924053973028,9.503009985939002
1.0986122886681098,1.3862943611198906,3.4965075614664802,1.6863989535702288,9.388235479817224
1.0986122886681098,1.6094379124341003,4.174387269895637,1.7047480922384253,9.57851889529833
1.0986122886681098,1.9459101490553132,4.859812404361672,1.7047480922384253,9.645364282325891
1.0986122886681098,1.9459101490553132,4.174387269895637,1.7047480922384253,9.614538010517382
1.0986122886681098,1.6094379124341003,4.174387269895637,1.667706820558076,9.615805480084347
1.0986122886681098,1.9459101490553132,4.859812404361672,1.5686159179138452,9.70503661381229
1.0986122886681098,1.9459101490553132,4.174387269895637,1.667706820558076,9.740968623038354
1.0986122886681098,1.9459101490553132,4.859812404361672,1.62924053973028,9.798127036878302
1.0986122886681098,1.6094379124341003,4.174387269895637,1.7047480922384253,9.51044496442652
1.0986122886681098,1.9459101490553132,4.174387269895637,1.7047480922384253,9.680344001221918
1.0986122886681098,1.6094379124341003,4.174387269895637,1.6863989535702288,9.546812608597396
1.0986122886681098,1.6094379124341003,4.174387269895637,1.6863989535702288,9.539716058977092
1.0986122886681098,1.6094379124341003,4.174387269895637,1.6486586255873816,9.539716058977092
1.0986122886681098,1.6094379124341003,4.174387269895637,1.667706820558076,9.510519035757246
1.0986122886681098,1.6094379124341003,4.174387269895637,1.667706820558076,9.472704636443673
1.0986122886681098,1.6094379124341003,4.174387269895637,1.6863989535702288,9.472704636443673
1.0986122886681098,1.6094379124341003,4.174387269895637,1.1939224684724346,9.392661928770137
1.0986122886681098,1.6094379124341003,4.174387269895637,1.656912476933601,9.392661928770137
1.0986122886681098,1.6094379124341003,4.174387269895637,1.667706820558076,9.392661928770137
1.0986122886681098,1.6094379124341003,4.174387269895637,1.6863989535702288,9.392661928770137
1.0986122886681098,1.6094379124341003,4.174387269895637,1.656912476933601,9.392661928770137
1.0986122886681098,1.6094379124341003,4.174387269895637,1.667706820558076,9.679781342959442
1.0986122886681098,1.6094379124341003,4.859812404361672,1.7047480922384253,9.680281499268713
1.0986122886681098,1.9459101490553132,4.859812404361672,1.667706820558076,9.825526011066415
1.0986122886681098,1.6094379124341003,4.174387269895637,1.667706820558076,9.615805480084347
1.0986122886681098,1.6094379124341003,4.174387269895637,1.667706820558076,9.710448770900967
1.0986122886681098,1.6094379124341003,4.859812404361672,1.656912476933601,9.79762691183662
1.0986122886681098,1.3862943611198906,3.4965075614664802,1.667706820558076,9.103979355984773
1.0986122886681098,1.3862943611198906,3.4965075614664802,1.667706820558076,9.156834104453042
1.0986122886681098,1.6094379124341003,4.174387269895637,1.667706820558076,9.305650551780507
1.0986122886681098,1.3862943611198906,3.4965075614664802,1.667706820558076,9.159047077588632
1.0986122886681098,1.6094379124341003,4.174387269895637,1.667706820558076,9.305650551780507
1.0986122886681098,1.3862943611198906,3.4965075614664802,1.6486586255873816,9.159047077588632
1.0986122886681098,1.6094379124341003,4.174387269895637,1.667706820558076,9.29550838434606
1.0986122886681098,1.3862943611198906,3.4965075614664802,1.6486586255873816,9.1557785839835
1.0986122886681098,1.6094379124341003,4.174387269895637,1.667706820558076,9.305650551780507
1.0986122886681098,1.3862943611198906,3.4965075614664802,1.667706820558076,9.210340371976184
1.0986122886681098,1.6094379124341003,4.174387269895637,1.656912476933601,9.305650551780507
1.0986122886681098,1.6094379124341003,4.174387269895637,1.667706820558076,9.472704636443673
1.0986122886681098,1.3862943611198906,3.4965075614664802,1.667706820558076,9.153875834995056
1.0986122886681098,1.6094379124341003,4.174387269895637,1.6486586255873816,9.472704636443673
1.0986122886681098,1.3862943611198906,3.4965075614664802,1.6486586255873816,9.205428327615163
1.0986122886681098,1.6094379124341003,4.174387269895637,1.667706820558076,9.433483923290392
1.3862943611198906,1.9459101490553132,4.859812404361672,1.7227665977411035,10.896572644989313
1.3862943611198906,1.6094379124341003,4.174387269895637,1.6094379124341003,11.05074713802576
1.3862943611198906,1.6094379124341003,4.174387269895637,1.6094379124341003,11.05074713802576
1.3862943611198906,1.9459101490553132,4.859812404361672,1.7227665977411035,10.896572644989313
1.3862943611198906,1.9459101490553132,4.859812404361672,1.7227665977411035,10.896572644989313
1.3862943611198906,1.9459101490553132,4.859812404361672,1.7227665977411035,10.896572644989313
1.3862943611198906,1.0986122886681098,2.833213344056216,1.5686159179138452,9.43914785291483
1.3862943611198906,1.6094379124341003,3.4965075614664802,1.6486586255873816,10.778768772309705
1.3862943611198906,1.6094379124341003,3.4965075614664802,1.6486586255873816,10.94537074695815
1.3862943611198906,1.3862943611198906,3.4965075614664802,1.547562508716013,9.642187721358466
1.3862943611198906,1.0986122886681098,2.833213344056216,1.547562508716013,9.376786579611847
1.3862943611198906,1.0986122886681098,2.833213344056216,1.547562508716013,9.488047863280759
1.3862943611198906,1.0986122886681098,2.833213344056216,1.547562508716013,9.648014489106362
1.3862943611198906,1.0986122886681098,2.833213344056216,1.547562508716013,9.740439071085758
1.3862943611198906,1.0986122886681098,2.833213344056216,1.547562508716013,10.203592144986466
1.3862943611198906,1.0986122886681098,2.833213344056216,1.547562508716013,9.811920359010637
1.3862943611198906,0.6931471805599453,2.833213344056216,1.589235205116581,9.888170848424235
1.3862943611198906,0.6931471805599453,2.1972245773362196,1.547562508716013,9.16858043772795
1.3862943611198906,0.6931471805599453,2.1972245773362196,1.547562508716013,9.16858043772795
1.3862943611198906,1.3862943611198906,3.4965075614664802,1.589235205116581,10.566201298475118
1.3862943611198906,1.3862943611198906,3.4965075614664802,1.589235205116581,10.566201298475118
1.3862943611198906,1.3862943611198906,3.4965075614664802,1.62924053973028,10.894904309600681
1.3862943611198906,0.6931471805599453,2.1972245773362196,1.589235205116581,9.104979856318357
1.3862943611198906,1.0986122886681098,2.833213344056216,1.547562508716013,10.239638308916676
1.3862943611198906,0.6931471805599453,2.1972245773362196,1.589235205116581,9.104979856318357
1.3862943611198906,0.6931471805599453,2.833213344056216,1.6094379124341003,9.425532393502772
1.3862943611198906,1.0986122886681098,2.833213344056216,1.589235205116581,10.146472946063877
1.3862943611198906,1.0986122886681098,2.833213344056216,1.589235205116581,10.146472946063877
1.3862943611198906,1.0986122886681098,2.833213344056216,1.62924053973028,10.165851817003619
1.3862943611198906,0.6931471805599453,2.833213344056216,1.6094379124341003,9.200391041122515
1.3862943611198906,0.6931471805599453,2.833213344056216,1.6094379124341003,8.85366542803745
1.3862943611198906,0.6931471805599453,2.833213344056216,1.589235205116581,9.998388557730848
1.3862943611198906,0.6931471805599453,2.833213344056216,1.589235205116581,9.998388557730848
1.3862943611198906,0.6931471805599453,2.1972245773362196,1.589235205116581,8.987196820661973
1.3862943611198906,0.6931471805599453,2.833213344056216,1.62924053973028,10.085809109330082
1.3862943611198906,1.0986122886681098,2.833213344056216,1.6094379124341003,10.165851817003619
1.3862943611198906,0.6931471805599453,2.833213344056216,1.6094379124341003,9.998797732340453
1.3862943611198906,0.6931471805599453,1.6094379124341003,1.5686159179138452,9.75272280064639
1.3862943611198906,0.6931471805599453,1.6094379124341003,1.5686159179138452,9.75272280064639
1.3862943611198906,0.6931471805599453,1.6094379124341003,1.5040773967762742,9.62911649414402
1.3862943611198906,0.6931471805599453,1.6094379124341003,1.5040773967762742,9.62911649414402
1.3862943611198906,1.0986122886681098,2.833213344056216,1.6863989535702288,11.000448478455008
1.3862943611198906,0.9162907318741551,2.1972245773362196,1.62924053973028,10.217969771265725
1.3862943611198906,0.9162907318741551,2.1972245773362196,1.62924053973028,10.217969771265725
1.3862943611198906,1.0986122886681098,2.833213344056216,1.6863989535702288,11.000448478455008
1.3862943611198906,1.0986122886681098,2.833213344056216,1.6863989535702288,11.000448478455008
1.3862943611198906,0.6931471805599453,2.1972245773362196,1.5686159179138452,10.477034422194833
1.3862943611198906,1.0986122886681098,3.4965075614664802,1.62924053973028,10.99525983493937
0.6931471805599453,1.9459101490553132,4.859812404361672,1.667706820558076,10.757668810746772
1.0986122886681098,1.3862943611198906,3.4965075614664802,1.547562508716013,9.258273025731485
1.0986122886681098,1.3862943611198906,3.4965075614664802,1.547562508716013,9.258273025731485
1.0986122886681098,1.3862943611198906,3.4965075614664802,1.547562508716013,9.258273025731485
1.0986122886681098,1.6094379124341003,4.174387269895637,1.667706820558076,9.648014489106362
1.0986122886681098,1.6094379124341003,4.174387269895637,1.667706820558076,9.648014489106362
1.0986122886681098,1.9459101490553132,4.859812404361672,1.5686159179138452,9.769441741907062
1.0986122886681098,1.9459101490553132,4.859812404361672,1.5686159179138452,9.769441741907062
1.0986122886681098,1.6094379124341003,4.174387269895637,1.667706820558076,9.648014489106362
0.6931471805599453,2.1972245773362196,4.859812404361672,1.667706820558076,10.275051108968611
0.6931471805599453,1.9459101490553132,4.859812404361672,1.667706820558076,10.275051108968611
0.6931471805599453,2.1972245773362196,5.54907608489522,1.667706820558076,10.341742483467284
0.6931471805599453,2.1972245773362196,4.859812404361672,1.667706820558076,10.275051108968611
0.6931471805599453,1.9459101490553132,4.859812404361672,1.6486586255873816,9.711115659888671
0.6931471805599453,1.9459101490553132,4.859812404361672,1.7047480922384253,10.126631103850338
0.6931471805599453,1.9459101490553132,5.54907608489522,1.7047480922384253,10.275051108968611
0.6931471805599453,2.1972245773362196,5.54907608489522,1.7047480922384253,10.341742483467284
0.6931471805599453,1.9459101490553132,4.174387269895637,1.7047480922384253,9.998797732340453
0.6931471805599453,1.9459101490553132,4.859812404361672,1.656912476933601,10.126631103850338
0.6931471805599453,1.9459101490553132,4.859812404361672,1.667706820558076,10.275051108968611
0.6931471805599453,1.9459101490553132,4.174387269895637,1.6863989535702288,9.615805480084347
0.6931471805599453,1.6094379124341003,4.174387269895637,1.667706820558076,9.546812608597396
0.6931471805599453,1.9459101490553132,4.174387269895637,1.667706820558076,9.615805480084347
0.6931471805599453,1.9459101490553132,4.859812404361672,1.6863989535702288,9.680344001221918
0.6931471805599453,1.6094379124341003,4.174387269895637,1.6863989535702288,9.546812608597396
0.6931471805599453,1.9459101490553132,4.174387269895637,1.6863989535702288,9.615805480084347
0.6931471805599453,1.6094379124341003,4.174387269895637,1.6863989535702288,9.546812608597396
0.6931471805599453,1.9459101490553132,4.859812404361672,1.667706820558076,9.680344001221918
0.6931471805599453,1.9459101490553132,4.859812404361672,1.6863989535702288,9.350102314351341
0.6931471805599453,1.9459101490553132,4.859812404361672,1.6863989535702288,9.350102314351341
0.6931471805599453,1.9459101490553132,4.859812404361672,1.6863989535702288,9.350102314351341
0.6931471805599453,1.9459101490553132,4.174387269895637,1.6863989535702288,9.259130536145614
0.6931471805599453,1.9459101490553132,4.174387269895637,1.7047480922384253,9.615805480084347
0.6931471805599453,1.9459101490553132,4.859812404361672,1.7047480922384253,9.680344001221918
0.6931471805599453,1.9459101490553132,4.859812404361672,1.7047480922384253,9.680344001221918
0.6931471805599453,2.1972245773362196,5.54907608489522,1.7047480922384253,9.975808214115753
0.6931471805599453,1.9459101490553132,4.174387269895637,1.7047480922384253,9.615805480084347
0.6931471805599453,1.9459101490553132,4.859812404361672,1.7047480922384253,9.903487552536127
0.6931471805599453,1.9459101490553132,4.859812404361672,1.7047480922384253,9.680344001221918
0.6931471805599453,2.1972245773362196,5.54907608489522,1.7047480922384253,9.975808214115753
0.6931471805599453,2.1972245773362196,5.54907608489522,1.7047480922384253,10.341742483467284
0.6931471805599453,1.9459101490553132,4.859812404361672,1.7047480922384253,10.126631103850338
0.6931471805599453,1.9459101490553132,4.174387269895637,1.7047480922384253,9.998797732340453
0.6931471805599453,2.1972245773362196,5.54907608489522,1.7047480922384253,10.341742483467284
0.0,1.9459101490553132,4.859812404361672,1.6863989535702288,9.680344001221918
0.0,1.9459101490553132,4.859812404361672,1.6863989535702288,9.680344001221918
0.0,1.6094379124341003,4.174387269895637,1.7047480922384253,9.546812608597396
0.0,1.6094379124341003,4.174387269895637,1.7047480922384253,9.546812608597396
0.0,1.9459101490553132,4.859812404361672,1.667706820558076,10.165851817003619
0.0,2.1972245773362196,4.859812404361672,1.6863989535702288,10.239959789157341
0.0,1.6094379124341003,4.174387269895637,1.7047480922384253,9.305650551780507
0.0,1.6094379124341003,4.174387269895637,1.7047480922384253,9.305650551780507
0.0,2.5649493574615367,5.54907608489522,1.6863989535702288,10.491274217438248
0.0,2.5649493574615367,5.54907608489522,1.6863989535702288,10.491274217438248
0.0,2.1972245773362196,4.859812404361672,1.6863989535702288,10.373491181781864
0.0,2.1972245773362196,4.859812404361672,1.6863989535702288,10.373491181781864
0.0,1.6094379124341003,4.859812404361672,1.7047480922384253,9.396819938918801
0.0,2.1972245773362196,4.859812404361672,1.667706820558076,10.239959789157341
0.0,2.1972245773362196,5.54907608489522,1.667706820558076,10.308952660644293
0.0,2.1972245773362196,4.859812404361672,1.6863989535702288,10.203592144986466
0.0,2.5649493574615367,5.54907608489522,1.667706820558076,10.308952660644293
0.0,2.5649493574615367,5.54907608489522,1.667706820558076,10.308952660644293
0.0,2.1972245773362196,4.859812404361672,1.667706820558076,10.203592144986466
0.0,2.1972245773362196,4.859812404361672,1.667706820558076,10.203592144986466
0.0,2.5649493574615367,5.54907608489522,1.6863989535702288,10.308952660644293
1.3862943611198906,2.1972245773362196,4.859812404361672,1.667706820558076,10.532096211958502
1.3862943611198906,2.1972245773362196,4.859812404361672,1.667706820558076,11.396391648714276
1.3862943611198906,1.9459101490553132,4.859812404361672,1.62924053973028,9.95227771670556
1.3862943611198906,2.1972245773362196,4.859812404361672,1.62924053973028,10.043249494911286
1.3862943611198906,2.1972245773362196,4.859812404361672,1.62924053973028,10.043249494911286
1.3862943611198906,1.9459101490553132,4.859812404361672,1.62924053973028,9.95227771670556
1.0986122886681098,1.6094379124341003,4.174387269895637,1.62924053973028,9.578449693540579
1.0986122886681098,2.1972245773362196,4.859812404361672,1.589235205116581,9.851720461714246
1.0986122886681098,2.1972245773362196,4.859812404361672,1.7749523509116738,10.042858113983936
1.0986122886681098,1.6094379124341003,4.859812404361672,1.62924053973028,9.71057005652877
1.0986122886681098,1.6094379124341003,4.859812404361672,1.62924053973028,9.71057005652877
1.0986122886681098,2.5649493574615367,5.54907608489522,1.6863989535702288,10.462846164547514
1.0986122886681098,2.1972245773362196,4.859812404361672,1.6863989535702288,10.30865261563529
1.0986122886681098,2.1972245773362196,4.859812404361672,1.6863989535702288,10.30865261563529
1.0986122886681098,2.5649493574615367,5.54907608489522,1.6863989535702288,10.462846164547514
1.0986122886681098,2.1972245773362196,4.859812404361672,1.667706820558076,10.571086129249698
1.0986122886681098,2.5649493574615367,5.54907608489522,1.62924053973028,10.691740346523579
1.0986122886681098,2.5649493574615367,5.54907608489522,1.62924053973028,10.691740346523579
1.0986122886681098,2.1972245773362196,4.859812404361672,1.667706820558076,10.403990075979044
1.0986122886681098,1.9459101490553132,4.174387269895637,1.667706820558076,9.648014489106362
1.0986122886681098,1.9459101490553132,4.174387269895637,1.667706820558076,9.648014489106362
1.0986122886681098,2.5649493574615367,5.54907608489522,1.7047480922384253,11.28966940732742
1.0986122886681098,2.1972245773362196,5.54907608489522,1.7047480922384253,10.819598268208338
1.0986122886681098,2.5649493574615367,5.54907608489522,1.7047480922384253,10.87787736679393
1.0986122886681098,2.1972245773362196,4.859812404361672,1.7047480922384253,10.757711372994065
1.0986122886681098,2.5649493574615367,5.54907608489522,1.6863989535702288,10.91492481446108
1.0986122886681098,2.5649493574615367,5.54907608489522,1.791759469228055,10.795096171764786
1.0986122886681098,2.1972245773362196,5.54907608489522,1.7047480922384253,10.91492481446108
1.0986122886681098,2.1972245773362196,5.54907608489522,1.791759469228055,10.714217748749789
1.0986122886681098,1.3862943611198906,3.4965075614664802,1.6863989535702288,9.3048320350689
1.0986122886681098,1.3862943611198906,4.174387269895637,1.6863989535702288,9.391911647379434
1.0986122886681098,1.6094379124341003,4.174387269895637,1.6863989535702288,9.546169544733285
1.0986122886681098,1.9459101490553132,4.174387269895637,1.6863989535702288,9.951849053414007
1.0986122886681098,1.9459101490553132,4.174387269895637,1.7047480922384253,9.903037451255743
1.0986122886681098,1.9459101490553132,4.174387269895637,1.791759469228055,9.903037451255743
1.0986122886681098,1.6094379124341003,4.859812404361672,1.6863989535702288,9.903037451255743
1.0986122886681098,1.6094379124341003,4.859812404361672,1.791759469228055,9.903037451255743
1.0986122886681098,1.6094379124341003,4.174387269895637,1.7047480922384253,9.679781342959442
1.0986122886681098,1.9459101490553132,4.174387269895637,1.7047480922384253,9.79762691183662
1.0986122886681098,1.6094379124341003,4.174387269895637,1.7047480922384253,9.679781342959442
1.0986122886681098,2.1972245773362196,4.859812404361672,1.667706820558076,10.596409707779776
1.0986122886681098,1.9459101490553132,4.859812404361672,1.6863989535702288,10.042858113983936
1.0986122886681098,1.0986122886681098,2.833213344056216,1.6863989535702288,8.986071187374463
1.0986122886681098,1.3862943611198906,4.174387269895637,1.6863989535702288,9.391911647379434
1.0986122886681098,1.6094379124341003,3.4965075614664802,1.6863989535702288,9.679781342959442
1.0986122886681098,1.6094379124341003,3.4965075614664802,1.6863989535702288,9.741027444837728
1.0986122886681098,1.6094379124341003,4.174387269895637,1.6863989535702288,9.851720461714246
1.0986122886681098,1.6094379124341003,3.4965075614664802,1.6863989535702288,9.679781342959442
1.0986122886681098,1.6094379124341003,4.174387269895637,1.7047480922384253,10.060534035475412
1.0986122886681098,1.9459101490553132,4.859812404361672,1.667706820558076,10.474467099121865
1.0986122886681098,1.6094379124341003,3.4965075614664802,1.6863989535702288,9.898475010712584
1.0986122886681098,1.6094379124341003,4.174387269895637,1.7047480922384253,9.951849053414007
1.0986122886681098,1.6094379124341003,4.174387269895637,1.6863989535702288,10.003332887505843
1.0986122886681098,1.3862943611198906,3.4965075614664802,1.667706820558076,9.392661928770137
1.0986122886681098,1.6094379124341003,4.174387269895637,1.6863989535702288,9.90353755128617
1.0986122886681098,1.6094379124341003,4.174387269895637,1.6863989535702288,9.581972891547895
1.0986122886681098,1.9459101490553132,4.174387269895637,1.7047480922384253,10.165505603232393
1.0986122886681098,1.6094379124341003,4.174387269895637,1.6863989535702288,9.674137279312397
1.0986122886681098,1.0986122886681098,2.833213344056216,1.667706820558076,9.103979355984773
1.0986122886681098,1.0986122886681098,2.833213344056216,1.667706820558076,9.103979355984773
1.0986122886681098,1.6094379124341003,4.174387269895637,1.7047480922384253,9.851720461714246
1.0986122886681098,1.6094379124341003,3.4965075614664802,1.6863989535702288,9.79762691183662
1.0986122886681098,1.6094379124341003,3.4965075614664802,1.6863989535702288,9.679781342959442
1.0986122886681098,1.3862943611198906,3.4965075614664802,1.667706820558076,9.546169544733285
1.0986122886681098,2.1972245773362196,5.54907608489522,1.667706820558076,10.668955394675699
1.0986122886681098,1.6094379124341003,5.54907608489522,1.667706820558076,10.645353466142934
1.0986122886681098,1.9459101490553132,4.859812404361672,1.667706820558076,10.126631103850338
1.0986122886681098,2.1972245773362196,4.859812404361672,1.667706820558076,10.275051108968611
1.0986122886681098,1.9459101490553132,4.859812404361672,1.667706820558076,10.126631103850338
1.0986122886681098,1.9459101490553132,4.859812404361672,1.6486586255873816,10.203592144986466
1.0986122886681098,1.9459101490553132,4.859812404361672,1.6486586255873816,10.203592144986466
1.0986122886681098,2.1972245773362196,4.859812404361672,1.667706820558076,10.275051108968611
1.0986122886681098,1.9459101490553132,4.859812404361672,1.667706820558076,10.126631103850338
1.0986122886681098,2.1972245773362196,4.859812404361672,1.667706820558076,10.275051108968611
1.0986122886681098,1.9459101490553132,4.859812404361672,1.6486586255873816,10.203592144986466
1.0986122886681098,1.9459101490553132,4.174387269895637,1.667706820558076,9.85114107216392
1.0986122886681098,2.1972245773362196,4.859812404361672,1.667706820558076,9.986771156672866
1.0986122886681098,1.9459101490553132,4.867534450455582,1.6486586255873816,9.858490186605392
1.0986122886681098,1.9459101490553132,4.875197323201151,1.6486586255873816,9.857495968685136
1.0986122886681098,1.9459101490553132,4.859812404361672,1.6486586255873816,9.840494503208207
1.0986122886681098,1.9459101490553132,4.174387269895637,1.6486586255873816,9.8085173149449
1.0986122886681098,2.1972245773362196,4.859812404361672,1.667706820558076,10.007397015926639
1.0986122886681098,2.1972245773362196,4.867534450455582,1.6486586255873816,10.00622462998724
1.0986122886681098,1.6094379124341003,4.174387269895637,1.667706820558076,9.680281499268713
1.0986122886681098,1.6094379124341003,4.859812404361672,1.667706820558076,9.615205300012315
1.0986122886681098,1.3862943611198906,3.4965075614664802,1.667706820558076,9.0595174822416
1.0986122886681098,2.1972245773362196,4.859812404361672,1.6863989535702288,10.239959789157341
1.0986122886681098,1.9459101490553132,4.859812404361672,1.667706820558076,10.085434038999999
1.0986122886681098,1.9459101490553132,4.859812404361672,1.667706820558076,10.165505603232393
1.0986122886681098,2.1972245773362196,4.859812404361672,1.667706820558076,10.153662442901368
1.0986122886681098,1.9459101490553132,4.859812404361672,1.6863989535702288,10.118558608759452
1.0986122886681098,1.9459101490553132,4.859812404361672,1.6863989535702288,10.275051108968611
1.0986122886681098,1.0986122886681098,3.4965075614664802,1.667706820558076,8.961750799330497
1.0986122886681098,1.3862943611198906,3.4965075614664802,1.667706820558076,8.961750799330497
1.0986122886681098,2.1972245773362196,4.859812404361672,1.6863989535702288,10.085809109330082
1.0986122886681098,2.1972245773362196,4.867534450455582,1.667706820558076,10.165851817003619
1.0986122886681098,2.1972245773362196,4.875197323201151,1.667706820558076,10.165851817003619
0.0,1.3862943611198906,3.4965075614664802,1.667706820558076,9.02401079378469
0.0,1.3862943611198906,3.4965075614664802,1.667706820558076,9.02401079378469
0.0,1.3862943611198906,3.4965075614664802,1.667706820558076,9.02401079378469
0.0,1.6094379124341003,4.174387269895637,1.667706820558076,9.305650551780507
0.0,1.6094379124341003,4.174387269895637,1.667706820558076,9.305650551780507
0.0,1.6094379124341003,4.174387269895637,1.6863989535702288,9.210340371976184
0.0,1.6094379124341003,4.174387269895637,1.6863989535702288,9.210340371976184
0.0,1.9459101490553132,4.174387269895637,1.667706820558076,9.305650551780507
0.0,1.6094379124341003,4.174387269895637,1.667706820558076,9.305650551780507
0.0,1.0986122886681098,3.4965075614664802,1.667706820558076,8.922658299524402
0.0,1.0986122886681098,3.4965075614664802,1.667706820558076,8.922658299524402
0.0,1.0986122886681098,3.4965075614664802,1.667706820558076,8.922658299524402
0.0,1.0986122886681098,3.4965075614664802,1.667706820558076,8.922658299524402
0.0,1.9459101490553132,4.859812404361672,1.7047480922384253,9.581903928408666
0.0,1.0986122886681098,3.4965075614664802,1.6863989535702288,8.881836305004146
0.0,1.0986122886681098,3.4965075614664802,1.6863989535702288,8.881836305004146
0.0,1.0986122886681098,3.4965075614664802,1.6863989535702288,8.881836305004146
0.0,1.0986122886681098,3.4965075614664802,1.667706820558076,8.986071187374463
0.0,1.6094379124341003,4.859812404361672,1.667706820558076,9.392661928770137
0.0,1.6094379124341003,4.859812404361672,1.667706820558076,9.392661928770137
0.0,1.6094379124341003,4.859812404361672,1.667706820558076,9.392661928770137
0.0,1.6094379124341003,4.174387269895637,1.667706820558076,9.210340371976184
0.0,1.6094379124341003,4.174387269895637,1.667706820558076,9.433483923290392
0.0,1.9459101490553132,4.859812404361672,1.7047480922384253,9.581903928408666
0.0,1.9459101490553132,4.174387269895637,1.667706820558076,9.546812608597396
0.0,1.9459101490553132,4.174387269895637,1.667706820558076,9.546812608597396
0.0,1.9459101490553132,4.859812404361672,1.7047480922384253,9.615805480084347
0.0,2.1972245773362196,5.54907608489522,1.6486586255873816,9.740968623038354
0.0,2.1972245773362196,4.859812404361672,1.667706820558076,9.680344001221918
0.0,1.6094379124341003,4.174387269895637,1.667706820558076,9.433483923290392
0.0,1.9459101490553132,4.174387269895637,1.667706820558076,9.546812608597396
0.0,1.6094379124341003,4.174387269895637,1.667706820558076,9.433483923290392
0.0,2.1972245773362196,4.859812404361672,1.667706820558076,9.680344001221918
0.0,2.1972245773362196,5.54907608489522,1.6486586255873816,9.740968623038354
0.0,2.1972245773362196,4.859812404361672,1.667706820558076,9.680344001221918
0.0,1.0986122886681098,3.4965075614664802,1.6863989535702288,9.104979856318357
0.0,1.3862943611198906,3.4965075614664802,1.6486586255873816,9.305650551780507
0.0,1.0986122886681098,2.833213344056216,1.62924053973028,8.85366542803745
0.0,1.3862943611198906,3.4965075614664802,1.62924053973028,8.98054977794018
0.0,1.3862943611198906,3.4965075614664802,1.667706820558076,9.104979856318357
0.0,1.6094379124341003,4.174387269895637,1.6486586255873816,9.472704636443673
0.0,1.6094379124341003,4.174387269895637,1.7047480922384253,9.210340371976184
0.0,1.0986122886681098,3.4965075614664802,1.6486586255873816,8.987196820661973
0.0,1.6094379124341003,4.174387269895637,1.589235205116581,9.740968623038354
0.0,1.6094379124341003,4.174387269895637,1.6863989535702288,9.472704636443673
0.0,1.3862943611198906,3.4965075614664802,1.6486586255873816,9.210340371976184
0.0,1.6094379124341003,4.174387269895637,1.7047480922384253,9.210340371976184
0.0,1.6094379124341003,4.174387269895637,1.667706820558076,9.137769679141348
0.0,1.9459101490553132,4.174387269895637,1.667706820558076,9.305650551780507
0.0,1.6094379124341003,4.174387269895637,1.6863989535702288,9.210340371976184
0.0,1.6094379124341003,4.174387269895637,1.667706820558076,9.305650551780507
0.0,1.6094379124341003,4.174387269895637,1.667706820558076,9.210340371976184
0.0,1.0986122886681098,3.4965075614664802,1.667706820558076,8.922658299524402
0.0,1.0986122886681098,3.4965075614664802,1.667706820558076,8.922658299524402
0.0,1.0986122886681098,3.4965075614664802,1.667706820558076,8.922658299524402
0.0,1.6094379124341003,4.174387269895637,1.667706820558076,9.615805480084347
0.0,2.1972245773362196,4.859812404361672,1.6486586255873816,9.852194258148577
0.0,1.6094379124341003,4.174387269895637,1.6863989535702288,9.472704636443673
0.0,1.6094379124341003,4.174387269895637,1.6863989535702288,9.472704636443673
0.0,1.3862943611198906,3.4965075614664802,1.667706820558076,9.02401079378469
0.0,1.6094379124341003,4.174387269895637,1.667706820558076,9.137769679141348
0.0,1.6094379124341003,4.174387269895637,1.667706820558076,9.137769679141348
0.0,1.6094379124341003,4.174387269895637,1.667706820558076,9.137769679141348
0.0,1.6094379124341003,4.174387269895637,1.6863989535702288,9.210340371976184
0.0,1.6094379124341003,4.174387269895637,1.6863989535702288,9.210340371976184
0.0,1.9459101490553132,4.174387269895637,1.667706820558076,9.305650551780507
0.0,1.9459101490553132,4.174387269895637,1.667706820558076,9.305650551780507
0.0,1.6094379124341003,4.174387269895637,1.667706820558076,9.210340371976184
0.0,1.0986122886681098,3.4965075614664802,1.667706820558076,8.986071187374463
0.0,1.6094379124341003,4.174387269895637,1.667706820558076,9.210340371976184
0.0,2.1972245773362196,5.54907608489522,1.6486586255873816,9.740968623038354
0.0,1.6094379124341003,4.174387269895637,1.6863989535702288,9.392661928770137
0.0,1.6094379124341003,4.174387269895637,1.6863989535702288,9.392661928770137
0.0,1.6094379124341003,4.174387269895637,1.6863989535702288,9.392661928770137
0.0,1.6094379124341003,4.174387269895637,1.6863989535702288,9.392661928770137
0.0,1.3862943611198906,3.4965075614664802,1.6863989535702288,9.210340371976184
0.0,1.3862943611198906,3.4965075614664802,1.6863989535702288,9.210340371976184
0.0,1.3862943611198906,3.4965075614664802,1.6863989535702288,9.210340371976184
0.0,1.9459101490553132,4.859812404361672,1.667706820558076,9.546812608597396
0.0,1.6094379124341003,4.174387269895637,1.6486586255873816,9.305650551780507
0.0,1.6094379124341003,4.174387269895637,1.6863989535702288,9.392661928770137
0.0,1.9459101490553132,4.859812404361672,1.667706820558076,9.546812608597396
0.0,1.9459101490553132,4.859812404361672,1.667706820558076,9.546812608597396
0.0,1.3862943611198906,3.4965075614664802,1.6863989535702288,9.210340371976184
0.0,1.6094379124341003,4.174387269895637,1.6863989535702288,9.392661928770137
0.0,1.6094379124341003,4.174387269895637,1.6486586255873816,9.305650551780507
0.0,1.6094379124341003,4.174387269895637,1.6486586255873816,9.305650551780507
0.0,1.0986122886681098,3.4965075614664802,1.6863989535702288,9.104979856318357
0.0,1.0986122886681098,3.4965075614664802,1.6863989535702288,9.104979856318357
0.0,1.6094379124341003,4.174387269895637,1.667706820558076,9.615805480084347
0.0,1.0986122886681098,3.4965075614664802,1.6863989535702288,9.104979856318357
0.0,1.6094379124341003,4.174387269895637,1.6863989535702288,9.472704636443673
0.0,1.9459101490553132,4.859812404361672,1.6486586255873816,9.433483923290392
0.0,1.9459101490553132,4.859812404361672,1.6486586255873816,9.433483923290392
0.0,1.9459101490553132,4.859812404361672,1.6486586255873816,9.433483923290392
0.0,1.6094379124341003,4.174387269895637,1.6863989535702288,9.472704636443673
0.0,1.6094379124341003,4.174387269895637,1.6863989535702288,9.392661928770137
0.0,1.3862943611198906,3.4965075614664802,1.6486586255873816,9.305650551780507
0.0,1.3862943611198906,3.4965075614664802,1.6486586255873816,9.305650551780507
0.0,1.3862943611198906,3.4965075614664802,1.6486586255873816,9.305650551780507
0.0,1.0986122886681098,3.4965075614664802,1.6486586255873816,8.987196820661973
0.0,1.3862943611198906,3.4965075614664802,1.6486586255873816,9.104979856318357
0.0,1.3862943611198906,3.4965075614664802,1.667706820558076,9.104979856318357
0.0,1.3862943611198906,3.4965075614664802,1.62924053973028,8.98054977794018
0.0,1.3862943611198906,3.4965075614664802,1.62924053973028,8.98054977794018
0.0,1.3862943611198906,3.4965075614664802,1.62924053973028,8.98054977794018
0.0,1.6094379124341003,4.174387269895637,1.62924053973028,9.392661928770137
0.0,1.6094379124341003,4.174387269895637,1.667706820558076,9.210340371976184
0.0,1.3862943611198906,3.4965075614664802,1.667706820558076,9.104979856318357
0.0,1.3862943611198906,3.4965075614664802,1.667706820558076,9.104979856318357
0.0,1.6094379124341003,4.174387269895637,1.7047480922384253,9.210340371976184
0.0,1.3862943611198906,2.833213344056216,1.6094379124341003,8.922658299524402
0.0,1.3862943611198906,2.833213344056216,1.6094379124341003,8.922658299524402
0.0,1.6094379124341003,4.174387269895637,1.667706820558076,9.210340371976184
0.0,1.6094379124341003,4.174387269895637,1.667706820558076,9.210340371976184
0.0,1.6094379124341003,4.174387269895637,1.6486586255873816,9.472704636443673
0.0,1.6094379124341003,4.174387269895637,1.62924053973028,9.392661928770137
0.0,1.3862943611198906,3.4965075614664802,1.6486586255873816,9.210340371976184
0.0,1.3862943611198906,2.833213344056216,1.6094379124341003,8.922658299524402
0.0,1.6094379124341003,4.174387269895637,1.667706820558076,9.305650551780507
0.0,1.3862943611198906,3.4965075614664802,1.6486586255873816,9.210340371976184
0.0,1.3862943611198906,3.4965075614664802,1.6486586255873816,9.210340371976184
0.0,1.0986122886681098,2.833213344056216,1.62924053973028,8.85366542803745
0.0,1.6094379124341003,4.174387269895637,1.589235205116581,9.740968623038354
0.0,1.0986122886681098,3.4965075614664802,1.6486586255873816,8.987196820661973
0.0,1.3862943611198906,3.4965075614664802,1.6486586255873816,9.249561085129464
0.0,1.6094379124341003,4.174387269895637,1.6863989535702288,9.472704636443673
0.0,1.6094379124341003,4.174387269895637,1.667706820558076,9.305650551780507
0.0,1.3862943611198906,3.4965075614664802,1.6486586255873816,9.210340371976184
0.0,1.6094379124341003,4.174387269895637,1.6486586255873816,9.210340371976184
0.0,1.0986122886681098,2.833213344056216,1.62924053973028,8.846496938558838
0.0,1.0986122886681098,2.833213344056216,1.62924053973028,8.846496938558838
0.0,1.3862943611198906,3.4965075614664802,1.6486586255873816,9.210340371976184
0.0,2.1972245773362196,4.859812404361672,1.6486586255873816,9.852194258148577
0.0,1.9459101490553132,4.174387269895637,1.667706820558076,9.798127036878302
0.0,1.6094379124341003,4.174387269895637,1.6486586255873816,9.472704636443673
0.0,1.6094379124341003,4.174387269895637,1.667706820558076,9.305650551780507
0.0,1.6094379124341003,4.174387269895637,1.667706820558076,9.305650551780507
0.0,1.3862943611198906,3.4965075614664802,1.6486586255873816,9.104979856318357
0.0,1.6094379124341003,4.174387269895637,1.667706820558076,9.615805480084347
0.0,1.6094379124341003,4.174387269895637,1.62924053973028,9.392661928770137
0.0,1.9459101490553132,4.859812404361672,1.667706820558076,9.903487552536127
0.0,1.3862943611198906,3.4965075614664802,1.6486586255873816,9.104979856318357
0.0,1.3862943611198906,3.4965075614664802,1.6486586255873816,9.210340371976184
0.0,1.9459101490553132,4.174387269895637,1.6486586255873816,9.305650551780507
0.0,1.9459101490553132,4.174387269895637,1.6486586255873816,9.305650551780507
0.0,1.9459101490553132,4.174387269895637,1.6486586255873816,9.305650551780507
0.0,1.6094379124341003,4.174387269895637,1.6486586255873816,9.210340371976184
0.0,1.9459101490553132,4.174387269895637,1.667706820558076,9.798127036878302
0.0,1.9459101490553132,4.174387269895637,1.667706820558076,9.798127036878302
0.0,1.6094379124341003,4.174387269895637,1.667706820558076,9.305650551780507
1.0986122886681098,2.5649493574615367,5.54907608489522,1.6486586255873816,10.596634733096073
1.0986122886681098,2.1972245773362196,4.859812404361672,1.667706820558076,10.275051108968611
0.6931471805599453,1.3862943611198906,3.4965075614664802,1.6863989535702288,8.987196820661973
0.6931471805599453,1.3862943611198906,3.4965075614664802,1.6863989535702288,8.987196820661973
0.6931471805599453,1.6094379124341003,4.174387269895637,1.6863989535702288,9.104979856318357
0.6931471805599453,1.6094379124341003,4.174387269895637,1.6863989535702288,9.104979856318357
1.0986122886681098,2.1972245773362196,4.859812404361672,1.656912476933601,9.903037451255743
1.0986122886681098,1.9459101490553132,4.859812404361672,1.656912476933601,9.740439071085758
1.0986122886681098,2.1972245773362196,4.859812404361672,1.656912476933601,9.903037451255743
1.0986122886681098,1.6094379124341003,4.859812404361672,1.656912476933601,9.679781342959442
1.0986122886681098,1.6094379124341003,4.859812404361672,1.656912476933601,9.679781342959442
1.0986122886681098,1.9459101490553132,4.859812404361672,1.656912476933601,9.740439071085758
1.0986122886681098,1.6094379124341003,4.174387269895637,1.62924053973028,9.578449693540579
1.0986122886681098,2.1972245773362196,5.54907608489522,1.656912476933601,10.275051108968611
1.0986122886681098,2.1972245773362196,5.54907608489522,1.656912476933601,10.275051108968611
1.0986122886681098,1.3862943611198906,3.4965075614664802,1.62924053973028,9.258273025731485
1.0986122886681098,1.3862943611198906,3.4965075614664802,1.62924053973028,9.258273025731485
1.0986122886681098,1.3862943611198906,3.4965075614664802,1.62924053973028,9.258273025731485
1.0986122886681098,1.6094379124341003,4.174387269895637,1.667706820558076,9.509778075438817
1.0986122886681098,1.9459101490553132,4.859812404361672,1.62924053973028,9.786447990434775
1.3862943611198906,2.1972245773362196,4.859812404361672,1.656912476933601,10.819778284410283
1.3862943611198906,2.1972245773362196,4.859812404361672,1.656912476933601,10.819778284410283
1.3862943611198906,2.5649493574615367,5.54907608489522,1.656912476933601,10.968198289528557
1.3862943611198906,2.5649493574615367,5.54907608489522,1.656912476933601,10.968198289528557
1.3862943611198906,2.9444389791664403,6.240275845170769,1.656912476933601,11.289781913656018
1.6094379124341003,1.6094379124341003,6.240275845170769,1.7404661748405046,11.560772327227417
1.6094379124341003,1.6094379124341003,5.54907608489522,1.7404661748405046,11.848690308590857
1.6094379124341003,1.6094379124341003,6.240275845170769,1.7404661748405046,11.917730355182513
1.6094379124341003,1.6094379124341003,4.859812404361672,1.7227665977411035,11.080618310893968
1.6094379124341003,1.6094379124341003,4.859812404361672,1.7047480922384253,11.694421681264394
1.6094379124341003,1.6094379124341003,6.240275845170769,1.7227665977411035,11.460589521950299
1.6094379124341003,1.6094379124341003,5.54907608489522,1.7404661748405046,11.848690308590857
1.6094379124341003,1.6094379124341003,5.54907608489522,1.7404661748405046,11.848690308590857
1.6094379124341003,1.6094379124341003,4.859812404361672,1.7404661748405046,11.774527900858468
1.6094379124341003,1.6094379124341003,4.859812404361672,1.7404661748405046,11.774527900858468
1.6094379124341003,1.6094379124341003,4.859812404361672,1.7404661748405046,11.774527900858468
1.6094379124341003,1.6094379124341003,5.54907608489522,1.7404661748405046,11.848690308590857
1.6094379124341003,1.6094379124341003,5.54907608489522,1.7404661748405046,11.848690308590857
1.0986122886681098,2.1972245773362196,4.859812404361672,1.667706820558076,9.998388557730848
1.0986122886681098,2.1972245773362196,4.859812404361672,1.667706820558076,10.020870508171171
0.0,1.9459101490553132,4.859812404361672,1.7578579175523736,9.769956159911606
0.0,1.9459101490553132,4.859812404361672,1.7578579175523736,9.769956159911606
0.0,1.6094379124341003,4.174387269895637,1.7047480922384253,9.615805480084347
0.0,1.6094379124341003,4.174387269895637,1.7047480922384253,9.615805480084347
0.0,1.9459101490553132,4.859812404361672,1.6863989535702288,9.798127036878302
0.0,1.9459101490553132,4.859812404361672,1.6863989535702288,9.798127036878302
0.0,1.9459101490553132,4.859812404361672,1.6863989535702288,9.798127036878302
0.0,2.1972245773362196,4.859812404361672,1.6863989535702288,9.95227771670556
0.0,1.9459101490553132,4.859812404361672,1.6863989535702288,10.126631103850338
0.0,2.1972245773362196,5.54907608489522,1.6863989535702288,10.275051108968611
0.0,1.9459101490553132,4.859812404361672,1.6863989535702288,10.126631103850338
0.0,2.1972245773362196,4.859812404361672,1.6863989535702288,10.203592144986466
0.0,2.1972245773362196,4.859812404361672,1.6863989535702288,9.95227771670556
0.0,2.1972245773362196,4.859812404361672,1.7047480922384253,10.043249494911286
0.0,1.9459101490553132,4.859812404361672,1.7047480922384253,9.903487552536127
0.0,1.9459101490553132,4.859812404361672,1.7047480922384253,9.903487552536127
0.0,2.1972245773362196,4.859812404361672,1.7047480922384253,10.043249494911286
0.0,2.1972245773362196,5.54907608489522,1.6863989535702288,10.275051108968611
0.0,2.1972245773362196,4.859812404361672,1.6863989535702288,10.203592144986466
0.0,1.6094379124341003,4.859812404361672,1.7047480922384253,9.472704636443673
0.0,1.6094379124341003,4.174387269895637,1.7047480922384253,9.392661928770137
0.0,1.6094379124341003,4.859812404361672,1.7047480922384253,9.472704636443673
0.6931471805599453,1.9459101490553132,4.174387269895637,1.6863989535702288,9.615805480084347
0.6931471805599453,1.9459101490553132,4.174387269895637,1.6863989535702288,9.615805480084347
0.6931471805599453,1.9459101490553132,4.859812404361672,1.6863989535702288,9.711115659888671
0.6931471805599453,2.1972245773362196,4.859812404361672,1.6863989535702288,9.798127036878302
0.6931471805599453,2.1972245773362196,4.859812404361672,1.6863989535702288,9.798127036878302
0.6931471805599453,1.9459101490553132,4.859812404361672,1.6863989535702288,9.711115659888671
0.6931471805599453,1.6094379124341003,4.174387269895637,1.7047480922384253,9.615805480084347
0.6931471805599453,2.1972245773362196,4.859812404361672,1.6863989535702288,9.852194258148577
0.6931471805599453,1.9459101490553132,4.859812404361672,1.6863989535702288,9.740968623038354
0.6931471805599453,1.9459101490553132,4.859812404361672,1.6863989535702288,9.740968623038354
0.6931471805599453,1.6094379124341003,4.174387269895637,1.7047480922384253,9.615805480084347
0.6931471805599453,2.1972245773362196,4.859812404361672,1.6863989535702288,9.852194258148577
0.6931471805599453,1.6094379124341003,4.174387269895637,1.7047480922384253,9.615805480084347
0.6931471805599453,2.1972245773362196,4.859812404361672,1.6863989535702288,9.852194258148577
0.6931471805599453,1.9459101490553132,4.859812404361672,1.6863989535702288,9.740968623038354
1.3862943611198906,2.1972245773362196,4.859812404361672,1.667706820558076,10.91492481446108
1.3862943611198906,1.6094379124341003,4.859812404361672,1.6094379124341003,9.680344001221918
1.3862943611198906,2.1972245773362196,4.859812404361672,1.667706820558076,11.001949829953112
1.3862943611198906,1.9459101490553132,4.859812404361672,1.6094379124341003,9.740968623038354
1.3862943611198906,1.9459101490553132,4.859812404361672,1.6094379124341003,9.740968623038354
1.3862943611198906,1.6094379124341003,4.859812404361672,1.6094379124341003,9.680344001221918
1.3862943611198906,1.0986122886681098,3.4965075614664802,1.6094379124341003,8.987196820661973
1.3862943611198906,1.0986122886681098,3.4965075614664802,1.6094379124341003,8.987196820661973
1.3862943611198906,2.1972245773362196,4.859812404361672,1.6863989535702288,10.039372423556493
1.3862943611198906,2.1972245773362196,4.859812404361672,1.6863989535702288,10.040244985890988
1.3862943611198906,2.1972245773362196,4.859812404361672,1.667706820558076,10.234229114448356
1.3862943611198906,1.9459101490553132,4.859812404361672,1.667706820558076,10.165505603232393
1.3862943611198906,1.9459101490553132,4.859812404361672,1.667706820558076,10.146041497370161
1.3862943611198906,2.1972245773362196,4.859812404361672,1.667706820558076,10.212441760263449
1.3862943611198906,2.1972245773362196,4.859812404361672,1.6486586255873816,10.042814617757227
1.3862943611198906,2.1972245773362196,4.859812404361672,1.6486586255873816,9.920885329712549
